*Heading
** Job name: simple_rat_600 Model name: simple_rat
** Generated by: Abaqus/CAE 2021
*Preprint, echo=NO, model=NO, history=NO, contact=NO
**
** PARTS
**
*Part, name=Part-1
*End Part
**  
*Part, name=Part-2
*End Part
**  
**
** ASSEMBLY
**
*Assembly, name=Assembly
**  
*Instance, name=Part-1-1, part=Part-1
*Node
      1,           0.,           1.,           7.
      2,           0.,           1.,           0.
      3,           0.,           2.,           0.
      4,           0.,           2.,           7.
      5, -0.587785244,  0.809017003,           7.
      6,  -0.95105654,  0.309017003,           7.
      7,  -0.95105654, -0.309017003,           7.
      8, -0.587785244, -0.809017003,           7.
      9,           0.,          -1.,           7.
     10,  0.587785244, -0.809017003,           7.
     11,   0.95105654, -0.309017003,           7.
     12,   0.95105654,  0.309017003,           7.
     13,  0.587785244,  0.809017003,           7.
     14, -0.587785244,  0.809017003,           0.
     15,  -0.95105654,  0.309017003,           0.
     16,  -0.95105654, -0.309017003,           0.
     17, -0.587785244, -0.809017003,           0.
     18,           0.,          -1.,           0.
     19,  0.587785244, -0.809017003,           0.
     20,   0.95105654, -0.309017003,           0.
     21,   0.95105654,  0.309017003,           0.
     22,  0.587785244,  0.809017003,           0.
     23, -0.589510322,   1.91114557,           0.
     24,  -1.12664008,    1.6524775,           0.
     25,  -1.56366301,   1.24697959,           0.
     26,   -1.8617475,  0.730682075,           0.
     27,  -1.99440765,  0.149460182,           0.
     28,   -1.9498558, -0.445041865,           0.
     29,  -1.73205078,          -1.,           0.
     30,  -1.36034548,  -1.46610379,           0.
     31, -0.867767453,   -1.8019377,           0.
     32, -0.298084527,  -1.97766161,           0.
     33,  0.298084527,  -1.97766161,           0.
     34,  0.867767453,   -1.8019377,           0.
     35,   1.36034548,  -1.46610379,           0.
     36,   1.73205078,          -1.,           0.
     37,    1.9498558, -0.445041865,           0.
     38,   1.99440765,  0.149460182,           0.
     39,    1.8617475,  0.730682075,           0.
     40,   1.56366301,   1.24697959,           0.
     41,   1.12664008,    1.6524775,           0.
     42,  0.589510322,   1.91114557,           0.
     43,  0.589510322,   1.91114557,           7.
     44,   1.12664008,    1.6524775,           7.
     45,   1.56366301,   1.24697959,           7.
     46,    1.8617475,  0.730682075,           7.
     47,   1.99440765,  0.149460182,           7.
     48,    1.9498558, -0.445041865,           7.
     49,   1.73205078,          -1.,           7.
     50,   1.36034548,  -1.46610379,           7.
     51,  0.867767453,   -1.8019377,           7.
     52,  0.298084527,  -1.97766161,           7.
     53, -0.298084527,  -1.97766161,           7.
     54, -0.867767453,   -1.8019377,           7.
     55,  -1.36034548,  -1.46610379,           7.
     56,  -1.73205078,          -1.,           7.
     57,   -1.9498558, -0.445041865,           7.
     58,  -1.99440765,  0.149460182,           7.
     59,   -1.8617475,  0.730682075,           7.
     60,  -1.56366301,   1.24697959,           7.
     61,  -1.12664008,    1.6524775,           7.
     62, -0.589510322,   1.91114557,           7.
     63, -0.587785244,  0.809017003,   6.36363649
     64,  -0.95105654,  0.309017003,   6.36363649
     65,  -0.95105654, -0.309017003,   6.36363649
     66, -0.587785244, -0.809017003,   6.36363649
     67,           0.,          -1.,   6.36363649
     68,  0.587785244, -0.809017003,   6.36363649
     69,   0.95105654, -0.309017003,   6.36363649
     70,   0.95105654,  0.309017003,   6.36363649
     71,  0.587785244,  0.809017003,   6.36363649
     72,           0.,           1.,   6.36363649
     73, -0.587785244,  0.809017003,   5.72727251
     74,  -0.95105654,  0.309017003,   5.72727251
     75,  -0.95105654, -0.309017003,   5.72727251
     76, -0.587785244, -0.809017003,   5.72727251
     77,           0.,          -1.,   5.72727251
     78,  0.587785244, -0.809017003,   5.72727251
     79,   0.95105654, -0.309017003,   5.72727251
     80,   0.95105654,  0.309017003,   5.72727251
     81,  0.587785244,  0.809017003,   5.72727251
     82,           0.,           1.,   5.72727251
     83, -0.587785244,  0.809017003,     5.090909
     84,  -0.95105654,  0.309017003,     5.090909
     85,  -0.95105654, -0.309017003,     5.090909
     86, -0.587785244, -0.809017003,     5.090909
     87,           0.,          -1.,     5.090909
     88,  0.587785244, -0.809017003,     5.090909
     89,   0.95105654, -0.309017003,     5.090909
     90,   0.95105654,  0.309017003,     5.090909
     91,  0.587785244,  0.809017003,     5.090909
     92,           0.,           1.,     5.090909
     93, -0.587785244,  0.809017003,    4.4545455
     94,  -0.95105654,  0.309017003,    4.4545455
     95,  -0.95105654, -0.309017003,    4.4545455
     96, -0.587785244, -0.809017003,    4.4545455
     97,           0.,          -1.,    4.4545455
     98,  0.587785244, -0.809017003,    4.4545455
     99,   0.95105654, -0.309017003,    4.4545455
    100,   0.95105654,  0.309017003,    4.4545455
    101,  0.587785244,  0.809017003,    4.4545455
    102,           0.,           1.,    4.4545455
    103, -0.587785244,  0.809017003,   3.81818175
    104,  -0.95105654,  0.309017003,   3.81818175
    105,  -0.95105654, -0.309017003,   3.81818175
    106, -0.587785244, -0.809017003,   3.81818175
    107,           0.,          -1.,   3.81818175
    108,  0.587785244, -0.809017003,   3.81818175
    109,   0.95105654, -0.309017003,   3.81818175
    110,   0.95105654,  0.309017003,   3.81818175
    111,  0.587785244,  0.809017003,   3.81818175
    112,           0.,           1.,   3.81818175
    113, -0.587785244,  0.809017003,   3.18181825
    114,  -0.95105654,  0.309017003,   3.18181825
    115,  -0.95105654, -0.309017003,   3.18181825
    116, -0.587785244, -0.809017003,   3.18181825
    117,           0.,          -1.,   3.18181825
    118,  0.587785244, -0.809017003,   3.18181825
    119,   0.95105654, -0.309017003,   3.18181825
    120,   0.95105654,  0.309017003,   3.18181825
    121,  0.587785244,  0.809017003,   3.18181825
    122,           0.,           1.,   3.18181825
    123, -0.587785244,  0.809017003,    2.5454545
    124,  -0.95105654,  0.309017003,    2.5454545
    125,  -0.95105654, -0.309017003,    2.5454545
    126, -0.587785244, -0.809017003,    2.5454545
    127,           0.,          -1.,    2.5454545
    128,  0.587785244, -0.809017003,    2.5454545
    129,   0.95105654, -0.309017003,    2.5454545
    130,   0.95105654,  0.309017003,    2.5454545
    131,  0.587785244,  0.809017003,    2.5454545
    132,           0.,           1.,    2.5454545
    133, -0.587785244,  0.809017003,   1.90909088
    134,  -0.95105654,  0.309017003,   1.90909088
    135,  -0.95105654, -0.309017003,   1.90909088
    136, -0.587785244, -0.809017003,   1.90909088
    137,           0.,          -1.,   1.90909088
    138,  0.587785244, -0.809017003,   1.90909088
    139,   0.95105654, -0.309017003,   1.90909088
    140,   0.95105654,  0.309017003,   1.90909088
    141,  0.587785244,  0.809017003,   1.90909088
    142,           0.,           1.,   1.90909088
    143, -0.587785244,  0.809017003,   1.27272725
    144,  -0.95105654,  0.309017003,   1.27272725
    145,  -0.95105654, -0.309017003,   1.27272725
    146, -0.587785244, -0.809017003,   1.27272725
    147,           0.,          -1.,   1.27272725
    148,  0.587785244, -0.809017003,   1.27272725
    149,   0.95105654, -0.309017003,   1.27272725
    150,   0.95105654,  0.309017003,   1.27272725
    151,  0.587785244,  0.809017003,   1.27272725
    152,           0.,           1.,   1.27272725
    153, -0.587785244,  0.809017003,  0.636363626
    154,  -0.95105654,  0.309017003,  0.636363626
    155,  -0.95105654, -0.309017003,  0.636363626
    156, -0.587785244, -0.809017003,  0.636363626
    157,           0.,          -1.,  0.636363626
    158,  0.587785244, -0.809017003,  0.636363626
    159,   0.95105654, -0.309017003,  0.636363626
    160,   0.95105654,  0.309017003,  0.636363626
    161,  0.587785244,  0.809017003,  0.636363626
    162,           0.,           1.,  0.636363626
    163,  -1.16974187,  0.921439826,           0.
    164,  -1.48801327,  0.407056391,           0.
    165,  -1.44924891,  -0.54409039,           0.
    166,  -1.46393979, -0.0721026137,           0.
    167,  -1.15993261, -0.899517059,           0.
    168, -0.437797189,  -1.40108526,           0.
    169, -0.882725596,  -1.27553213,           0.
    170, 0.0342258811,  -1.54313564,           0.
    171,  0.606899083,  -1.35867715,           0.
    172,     1.112077, -0.915502191,           0.
    173,   1.46172416, -0.0750056952,           0.
    174,   1.44135284,  -0.54891336,           0.
    175,   1.48848999,  0.407418221,           0.
    176,   1.17075121,  0.920813501,           0.
    177,  0.612588882,   1.30676949,           0.
    178, -0.200043738,   1.55233049,           0.
    179,  0.200411096,   1.55404913,           0.
    180, -0.612286866,   1.30773509,           0.
    181,   1.16974187,  0.921439826,           7.
    182,   1.48801327,  0.407056391,           7.
    183,   1.44924891,  -0.54409039,           7.
    184,   1.46393979, -0.0721026137,           7.
    185,   1.15993261, -0.899517059,           7.
    186,  0.432837635,  -1.39885867,           7.
    187,  0.881733656,  -1.27508688,           7.
    188, -0.607092261,  -1.35731113,           7.
    189,  -1.11210442, -0.915205002,           7.
    190,  -1.46171939, -0.0749361292,           7.
    191,  -1.44135737, -0.548839986,           7.
    192,  -1.48848903,  0.407432139,           7.
    193,  -1.17075098,  0.920815527,           7.
    194, -0.612588882,   1.30676973,           7.
    195,  0.200043738,   1.55233049,           7.
    196, -0.200411096,   1.55404913,           7.
    197, -0.0348509215,  -1.54229867,           7.
    198,  0.612286866,   1.30773509,           7.
    199,  0.589510322,   1.91114557,   6.41666651
    200,   1.12664008,    1.6524775,   6.41666651
    201,   1.56366301,   1.24697959,   6.41666651
    202,    1.8617475,  0.730682075,   6.41666651
    203,   1.99440765,  0.149460182,   6.41666651
    204,    1.9498558, -0.445041865,   6.41666651
    205,   1.73205078,          -1.,   6.41666651
    206,   1.36034548,  -1.46610379,   6.41666651
    207,  0.867767453,   -1.8019377,   6.41666651
    208,  0.298084527,  -1.97766161,   6.41666651
    209, -0.298084527,  -1.97766161,   6.41666651
    210, -0.867767453,   -1.8019377,   6.41666651
    211,  -1.36034548,  -1.46610379,   6.41666651
    212,  -1.73205078,          -1.,   6.41666651
    213,   -1.9498558, -0.445041865,   6.41666651
    214,  -1.99440765,  0.149460182,   6.41666651
    215,   -1.8617475,  0.730682075,   6.41666651
    216,  -1.56366301,   1.24697959,   6.41666651
    217,  -1.12664008,    1.6524775,   6.41666651
    218, -0.589510322,   1.91114557,   6.41666651
    219,           0.,           2.,   6.41666651
    220,  0.589510322,   1.91114557,   5.83333349
    221,   1.12664008,    1.6524775,   5.83333349
    222,   1.56366301,   1.24697959,   5.83333349
    223,    1.8617475,  0.730682075,   5.83333349
    224,   1.99440765,  0.149460182,   5.83333349
    225,    1.9498558, -0.445041865,   5.83333349
    226,   1.73205078,          -1.,   5.83333349
    227,   1.36034548,  -1.46610379,   5.83333349
    228,  0.867767453,   -1.8019377,   5.83333349
    229,  0.298084527,  -1.97766161,   5.83333349
    230, -0.298084527,  -1.97766161,   5.83333349
    231, -0.867767453,   -1.8019377,   5.83333349
    232,  -1.36034548,  -1.46610379,   5.83333349
    233,  -1.73205078,          -1.,   5.83333349
    234,   -1.9498558, -0.445041865,   5.83333349
    235,  -1.99440765,  0.149460182,   5.83333349
    236,   -1.8617475,  0.730682075,   5.83333349
    237,  -1.56366301,   1.24697959,   5.83333349
    238,  -1.12664008,    1.6524775,   5.83333349
    239, -0.589510322,   1.91114557,   5.83333349
    240,           0.,           2.,   5.83333349
    241,  0.589510322,   1.91114557,         5.25
    242,   1.12664008,    1.6524775,         5.25
    243,   1.56366301,   1.24697959,         5.25
    244,    1.8617475,  0.730682075,         5.25
    245,   1.99440765,  0.149460182,         5.25
    246,    1.9498558, -0.445041865,         5.25
    247,   1.73205078,          -1.,         5.25
    248,   1.36034548,  -1.46610379,         5.25
    249,  0.867767453,   -1.8019377,         5.25
    250,  0.298084527,  -1.97766161,         5.25
    251, -0.298084527,  -1.97766161,         5.25
    252, -0.867767453,   -1.8019377,         5.25
    253,  -1.36034548,  -1.46610379,         5.25
    254,  -1.73205078,          -1.,         5.25
    255,   -1.9498558, -0.445041865,         5.25
    256,  -1.99440765,  0.149460182,         5.25
    257,   -1.8617475,  0.730682075,         5.25
    258,  -1.56366301,   1.24697959,         5.25
    259,  -1.12664008,    1.6524775,         5.25
    260, -0.589510322,   1.91114557,         5.25
    261,           0.,           2.,         5.25
    262,  0.589510322,   1.91114557,   4.66666651
    263,   1.12664008,    1.6524775,   4.66666651
    264,   1.56366301,   1.24697959,   4.66666651
    265,    1.8617475,  0.730682075,   4.66666651
    266,   1.99440765,  0.149460182,   4.66666651
    267,    1.9498558, -0.445041865,   4.66666651
    268,   1.73205078,          -1.,   4.66666651
    269,   1.36034548,  -1.46610379,   4.66666651
    270,  0.867767453,   -1.8019377,   4.66666651
    271,  0.298084527,  -1.97766161,   4.66666651
    272, -0.298084527,  -1.97766161,   4.66666651
    273, -0.867767453,   -1.8019377,   4.66666651
    274,  -1.36034548,  -1.46610379,   4.66666651
    275,  -1.73205078,          -1.,   4.66666651
    276,   -1.9498558, -0.445041865,   4.66666651
    277,  -1.99440765,  0.149460182,   4.66666651
    278,   -1.8617475,  0.730682075,   4.66666651
    279,  -1.56366301,   1.24697959,   4.66666651
    280,  -1.12664008,    1.6524775,   4.66666651
    281, -0.589510322,   1.91114557,   4.66666651
    282,           0.,           2.,   4.66666651
    283,  0.589510322,   1.91114557,   4.08333349
    284,   1.12664008,    1.6524775,   4.08333349
    285,   1.56366301,   1.24697959,   4.08333349
    286,    1.8617475,  0.730682075,   4.08333349
    287,   1.99440765,  0.149460182,   4.08333349
    288,    1.9498558, -0.445041865,   4.08333349
    289,   1.73205078,          -1.,   4.08333349
    290,   1.36034548,  -1.46610379,   4.08333349
    291,  0.867767453,   -1.8019377,   4.08333349
    292,  0.298084527,  -1.97766161,   4.08333349
    293, -0.298084527,  -1.97766161,   4.08333349
    294, -0.867767453,   -1.8019377,   4.08333349
    295,  -1.36034548,  -1.46610379,   4.08333349
    296,  -1.73205078,          -1.,   4.08333349
    297,   -1.9498558, -0.445041865,   4.08333349
    298,  -1.99440765,  0.149460182,   4.08333349
    299,   -1.8617475,  0.730682075,   4.08333349
    300,  -1.56366301,   1.24697959,   4.08333349
    301,  -1.12664008,    1.6524775,   4.08333349
    302, -0.589510322,   1.91114557,   4.08333349
    303,           0.,           2.,   4.08333349
    304,  0.589510322,   1.91114557,          3.5
    305,   1.12664008,    1.6524775,          3.5
    306,   1.56366301,   1.24697959,          3.5
    307,    1.8617475,  0.730682075,          3.5
    308,   1.99440765,  0.149460182,          3.5
    309,    1.9498558, -0.445041865,          3.5
    310,   1.73205078,          -1.,          3.5
    311,   1.36034548,  -1.46610379,          3.5
    312,  0.867767453,   -1.8019377,          3.5
    313,  0.298084527,  -1.97766161,          3.5
    314, -0.298084527,  -1.97766161,          3.5
    315, -0.867767453,   -1.8019377,          3.5
    316,  -1.36034548,  -1.46610379,          3.5
    317,  -1.73205078,          -1.,          3.5
    318,   -1.9498558, -0.445041865,          3.5
    319,  -1.99440765,  0.149460182,          3.5
    320,   -1.8617475,  0.730682075,          3.5
    321,  -1.56366301,   1.24697959,          3.5
    322,  -1.12664008,    1.6524775,          3.5
    323, -0.589510322,   1.91114557,          3.5
    324,           0.,           2.,          3.5
    325,  0.589510322,   1.91114557,   2.91666675
    326,   1.12664008,    1.6524775,   2.91666675
    327,   1.56366301,   1.24697959,   2.91666675
    328,    1.8617475,  0.730682075,   2.91666675
    329,   1.99440765,  0.149460182,   2.91666675
    330,    1.9498558, -0.445041865,   2.91666675
    331,   1.73205078,          -1.,   2.91666675
    332,   1.36034548,  -1.46610379,   2.91666675
    333,  0.867767453,   -1.8019377,   2.91666675
    334,  0.298084527,  -1.97766161,   2.91666675
    335, -0.298084527,  -1.97766161,   2.91666675
    336, -0.867767453,   -1.8019377,   2.91666675
    337,  -1.36034548,  -1.46610379,   2.91666675
    338,  -1.73205078,          -1.,   2.91666675
    339,   -1.9498558, -0.445041865,   2.91666675
    340,  -1.99440765,  0.149460182,   2.91666675
    341,   -1.8617475,  0.730682075,   2.91666675
    342,  -1.56366301,   1.24697959,   2.91666675
    343,  -1.12664008,    1.6524775,   2.91666675
    344, -0.589510322,   1.91114557,   2.91666675
    345,           0.,           2.,   2.91666675
    346,  0.589510322,   1.91114557,   2.33333325
    347,   1.12664008,    1.6524775,   2.33333325
    348,   1.56366301,   1.24697959,   2.33333325
    349,    1.8617475,  0.730682075,   2.33333325
    350,   1.99440765,  0.149460182,   2.33333325
    351,    1.9498558, -0.445041865,   2.33333325
    352,   1.73205078,          -1.,   2.33333325
    353,   1.36034548,  -1.46610379,   2.33333325
    354,  0.867767453,   -1.8019377,   2.33333325
    355,  0.298084527,  -1.97766161,   2.33333325
    356, -0.298084527,  -1.97766161,   2.33333325
    357, -0.867767453,   -1.8019377,   2.33333325
    358,  -1.36034548,  -1.46610379,   2.33333325
    359,  -1.73205078,          -1.,   2.33333325
    360,   -1.9498558, -0.445041865,   2.33333325
    361,  -1.99440765,  0.149460182,   2.33333325
    362,   -1.8617475,  0.730682075,   2.33333325
    363,  -1.56366301,   1.24697959,   2.33333325
    364,  -1.12664008,    1.6524775,   2.33333325
    365, -0.589510322,   1.91114557,   2.33333325
    366,           0.,           2.,   2.33333325
    367,  0.589510322,   1.91114557,         1.75
    368,   1.12664008,    1.6524775,         1.75
    369,   1.56366301,   1.24697959,         1.75
    370,    1.8617475,  0.730682075,         1.75
    371,   1.99440765,  0.149460182,         1.75
    372,    1.9498558, -0.445041865,         1.75
    373,   1.73205078,          -1.,         1.75
    374,   1.36034548,  -1.46610379,         1.75
    375,  0.867767453,   -1.8019377,         1.75
    376,  0.298084527,  -1.97766161,         1.75
    377, -0.298084527,  -1.97766161,         1.75
    378, -0.867767453,   -1.8019377,         1.75
    379,  -1.36034548,  -1.46610379,         1.75
    380,  -1.73205078,          -1.,         1.75
    381,   -1.9498558, -0.445041865,         1.75
    382,  -1.99440765,  0.149460182,         1.75
    383,   -1.8617475,  0.730682075,         1.75
    384,  -1.56366301,   1.24697959,         1.75
    385,  -1.12664008,    1.6524775,         1.75
    386, -0.589510322,   1.91114557,         1.75
    387,           0.,           2.,         1.75
    388,  0.589510322,   1.91114557,   1.16666663
    389,   1.12664008,    1.6524775,   1.16666663
    390,   1.56366301,   1.24697959,   1.16666663
    391,    1.8617475,  0.730682075,   1.16666663
    392,   1.99440765,  0.149460182,   1.16666663
    393,    1.9498558, -0.445041865,   1.16666663
    394,   1.73205078,          -1.,   1.16666663
    395,   1.36034548,  -1.46610379,   1.16666663
    396,  0.867767453,   -1.8019377,   1.16666663
    397,  0.298084527,  -1.97766161,   1.16666663
    398, -0.298084527,  -1.97766161,   1.16666663
    399, -0.867767453,   -1.8019377,   1.16666663
    400,  -1.36034548,  -1.46610379,   1.16666663
    401,  -1.73205078,          -1.,   1.16666663
    402,   -1.9498558, -0.445041865,   1.16666663
    403,  -1.99440765,  0.149460182,   1.16666663
    404,   -1.8617475,  0.730682075,   1.16666663
    405,  -1.56366301,   1.24697959,   1.16666663
    406,  -1.12664008,    1.6524775,   1.16666663
    407, -0.589510322,   1.91114557,   1.16666663
    408,           0.,           2.,   1.16666663
    409,  0.589510322,   1.91114557,  0.583333313
    410,   1.12664008,    1.6524775,  0.583333313
    411,   1.56366301,   1.24697959,  0.583333313
    412,    1.8617475,  0.730682075,  0.583333313
    413,   1.99440765,  0.149460182,  0.583333313
    414,    1.9498558, -0.445041865,  0.583333313
    415,   1.73205078,          -1.,  0.583333313
    416,   1.36034548,  -1.46610379,  0.583333313
    417,  0.867767453,   -1.8019377,  0.583333313
    418,  0.298084527,  -1.97766161,  0.583333313
    419, -0.298084527,  -1.97766161,  0.583333313
    420, -0.867767453,   -1.8019377,  0.583333313
    421,  -1.36034548,  -1.46610379,  0.583333313
    422,  -1.73205078,          -1.,  0.583333313
    423,   -1.9498558, -0.445041865,  0.583333313
    424,  -1.99440765,  0.149460182,  0.583333313
    425,   -1.8617475,  0.730682075,  0.583333313
    426,  -1.56366301,   1.24697959,  0.583333313
    427,  -1.12664008,    1.6524775,  0.583333313
    428, -0.589510322,   1.91114557,  0.583333313
    429,           0.,           2.,  0.583333313
    430, 0.0583569184,   1.48605752,   6.54959393
    431, -0.555167139,   1.39803755,   6.61144304
    432, -0.332030535,   1.38152587,   6.14201355
    433,  0.297772378,   1.46023703,   6.09577036
    434,   1.46855557,  0.212166011,   6.60545969
    435,   1.54803288, 0.0420552194,    6.1789608
    436,   1.21621215,  0.749562263,   6.10406637
    437,  -1.28396356, -0.789435327,   2.73449612
    438,   1.53117716, -0.223793119,   6.61342812
    439,   1.22986913, -0.730286956,   5.99429464
    440,      1.14431, -0.600845098,  0.379104644
    441,   1.31950665, 0.0283539128,  0.568854392
    442,   1.50728643, -0.378602356,   1.23547661
    443,  0.334746391,   1.37120426,   2.75980091
    444,  0.282763034,   1.38944519,   3.39692283
    445,  -1.57888436,  0.274159759,   6.59451771
    446,   -1.5251385,  0.239334509,   0.39401111
    447,  -1.26631677,   0.85756582,   0.80348593
    448,  -1.53576112,  0.195789188,  0.935232639
    449,  -1.30814612, -0.728449464,  0.855937541
    450,  -1.52961779, -0.224912733,  0.392299563
    451,   1.00086927,   1.23158216,  0.967942834
    452,  0.760596275,   1.18192935,  0.420341134
    453,  0.482292175,    1.4793843,   3.81841755
    454, -0.142870039,   1.56357944,   3.47773194
    455,           0.,   1.50511968,   4.26703882
    456, -0.182692051,  -1.50150633,   6.61722183
    457,  -0.55407238,  -1.31246388,   6.15640211
    458, -0.988618374,  -1.23946381,   6.60126972
    459,  0.440436214,  -1.40611386,   6.10091686
    460,  -1.22213209, -0.819737852,   6.66240501
    461,  -1.16577578, -0.905486286,   6.09577036
    462,  -1.50873411, -0.145826489,   6.62818623
    463,  -1.46239007, -0.187844709,   6.05634069
    464,  -1.32605851,  0.837513089,    6.6306572
    465,  -1.23568666,  0.793284953,   6.09925747
    466, -0.541074753,  -1.30750525,  0.420008123
    467, -0.189007953,  -1.46042335,  0.328941017
    468, -0.474047005,  -1.39050591,  0.890630662
    469,  -1.53273451,  0.365936339,   6.00738573
    470,   1.52098417,  0.236967593,   5.43547916
    471,  0.447238117,  -1.42706084,  0.880252719
    472,  0.942559361,  -1.03781247,   6.65933132
    473,  -1.52615833, -0.103134282,   3.43040133
    474,  -1.02435577,  -1.12534034,   3.70401812
    475,  -1.25153089, -0.724260569,   4.30027246
    476, -0.475147545,  -1.39359379,   3.31559229
    477,   1.34319711,  0.587775111,   2.85453582
    478,    1.2830497,  0.846013248,   2.16101885
    479, -0.526134551,   1.42460203,   4.86671829
    480,  -0.58421123,    1.4207232,   5.45488167
    481, 0.0322783254,   1.54603207,   5.55455732
    482, -0.582731187,   1.43665922,   4.27416897
    483,  0.296300262,  -1.50778282,   2.74032593
    484,   1.02973962,  -1.08538842,   2.04435563
    485,  0.439346343,  -1.38279903,   2.11009884
    486,    1.0052892,   1.19993794,   6.51028681
    487,  0.689314902,   1.15749133,    5.7769227
    488,   1.40125871,  0.708359003,   6.61609888
    489,  -1.48467791, -0.443767816,   5.46636438
    490,  -1.16577578, -0.905486286,    5.4861927
    491,   -1.1598891,   1.00016665,    2.7298696
    492,   1.40919745,  0.159580499,   1.49932778
    493,    1.4687463,  0.409457713,   1.02868974
    494,   1.15154374, -0.872804463,  0.927600265
    495,   1.18180811, -0.717910528,   1.49181116
    496,   1.47002411, -0.410806179,   2.06285501
    497, -0.576430798,  -1.36592376,   2.75070977
    498, -0.548053086,  -1.40867233,   5.46432304
    499,  0.712568104,  -1.33897471,    3.4198997
    500,   1.20750713, -0.884059012,   3.60745645
    501,  0.356497318,  -1.43723214,   4.28802109
    502,   1.47608292, -0.337011576,   5.47575569
    503, -0.0420851782,   1.37292206,  0.446586877
    504,  0.400134891,   1.27337599,  0.326039791
    505,  0.352754086,   1.42202675,    1.2288897
    506, -0.853406429,   1.27130175,   6.12619066
    507,   1.47392702,  0.422756404,   2.14460444
    508,   1.24653327, -0.729537129,   2.70631886
    509,  -1.14341116,   1.03251946,   1.55033708
    510,   1.34956527,  0.726932466,  0.454448968
    511,  -1.01544011,   1.23647118,  0.289568603
    512, -0.450968951,   1.46447778,  0.729241729
    513,  -1.49457216,  0.739330173,  0.354823172
    514,  0.953468978,  -1.25169694,  0.382117599
    515,  -1.52582395,  0.207233548,   2.13695073
    516, -0.519462585,   -1.3632952,   4.30457687
    517, -0.389807016,   -1.3774941,   2.08565903
    518,  -1.50196457, 0.0568171553,   4.89126253
    519,  -1.42305267,  0.122884944,   5.53016615
    520,  -1.27029943, -0.881696105,   4.86193657
    521,  0.584610343,   1.51219559,    3.3695631
    522,   1.07826257,  0.921763301,   3.38912058
    523,   1.05185592,  0.942740917,   3.98951697
    524,  0.859971106,   1.23506474,   2.73296094
    525,   1.39248455,    0.6500296,   3.59557652
    526,   -1.1935904,  0.925496757,   5.56254053
    527, -0.980499148,   1.27099228,   6.59767723
    528, -0.583141327,   1.34960675,   3.49689078
    529, -0.465138048,   1.34912431,   2.75891852
    530,   -1.1983273,  0.765041649,   3.38711643
    531,  -1.42506528, 0.0891176537,   4.24690628
    532, -0.569757462,  -1.43418109,    4.8620801
    533,  0.914853454,   1.24369967,   2.08882451
    534,    1.4990896, -0.173224658,   3.06832552
    535,   1.25162446,  0.741951585,    5.5086627
    536,  -1.22797394,  0.914885163,   4.21317005
    537,   1.47571754, -0.570362091,   4.80590916
    538,   1.15366232, -0.913901269,   4.27921581
    539,   1.48024559, -0.405421436,   4.37928057
    540,   1.54363966, 0.0693363398,   4.98005152
    541,   1.16577542, -0.905486286,    5.4861927
    542, 0.0103331786,  -1.57453394,   1.64973271
    543, -0.625034511,  -1.35068643,   1.49561334
    544,  0.441451639,  -1.39932215,   1.51380682
    545,  -1.29162872,  0.859522104,   4.86135387
    546,  0.438325614,  -1.40507448,    5.4861927
    547,  0.342097223,  -1.40738416,   4.87417984
    548,   1.08079886,  -1.09577525,   4.90047646
    549,  -1.52241325,  0.186899751,   2.72423553
    550,  0.316224366,   1.33461952,   4.68519926
    551,  0.417919099,   1.40009665,   5.18952703
    552, -0.346831471,    1.5109638,   1.54296362
    553, -0.348923922,   1.49821138,    2.1372571
    554,   1.23743713,  0.744271517,   4.90828514
    555,   1.04279089,   1.04972017,   4.53465796
    556,  0.812799573,   1.31645489,    1.4084177
    557,   -1.2759552, -0.773307681,   2.16194415
    558,   -1.5261476,  0.223454297,   1.54556549
    559,   1.41499281,  0.225333467,   4.22423792
    560,   1.52155173, -0.198635921,   3.68391228
    561,   1.06225288,   1.13238645,    5.3985343
    562,   -1.3732096, -0.689571023,   1.54943204
    563,  -1.14341116,   1.03251946,   2.13695073
    564,   1.28773201,    0.8526963,   1.55387449
    565,  0.336205214,   1.37091076,    2.1212461
    566,  0.943525136,  -1.23494327,   1.60948193
    567,  0.537382066,   1.30949068,   4.24550104
*Element, type=C3D4
   1, 430,  72, 431, 432
   2, 430, 431, 218, 432
   3, 430, 433, 219, 199
   4, 219, 196,   4, 218
   5, 195, 196,   4, 219
   6, 430, 431, 196, 218
   7, 434, 435,  70, 436
   8, 339, 115, 338, 437
   9, 434, 184, 182,  12
  10, 434, 438,  69, 435
  11, 434,  11, 184,  12
  12, 438, 185, 183,  11
  13, 438, 183, 204,  48
  14, 434, 435,  69,  70
  15, 438, 183, 184,  11
  16, 438, 435, 204, 439
  17, 440,  20, 441, 173
  18, 174, 172,  36, 415
  19, 440, 442, 441, 159
  20, 345, 122, 443, 444
  21, 445, 192,  59,  58
  22, 446, 447, 425, 448
  23, 167, 449, 165, 422
  24, 446, 450, 155, 448
  25, 446, 450,  27, 166
  26, 451, 410, 452, 409
  27, 453, 454, 444, 112
  28, 453, 303, 455, 283
  29, 453, 454, 303, 324
  30, 454, 453, 444, 324
  31,  53,  54, 188, 456
  32, 456,  66, 457, 458
  33, 456, 197, 186,   9
  34, 456, 459, 186, 208
  35,  53, 456, 208, 209
  36, 456, 459, 209, 457
  37, 460, 211,  55,  56
  38, 460, 211, 461, 458
  39, 460, 462, 191,   7
  40, 460, 462,  65, 463
  41, 460, 462, 463, 213
  42, 460, 191, 212,  56
  43, 460, 191, 462, 213
  44, 445, 215, 464, 465
  45, 445,  59, 464, 215
  46, 445, 214,  58,  59
  47, 445,  64,   6, 190
  48, 214,  58, 462, 445
  49, 466, 420, 169,  31
  50, 466, 419, 467, 468
  51, 445, 465,  64, 469
  52,  16, 165, 155, 450
  53, 167, 155, 165, 449
  54, 450, 165, 423,  28
  55, 446, 448, 155, 154
  56, 450,  16, 165, 166
  57, 450, 448, 423, 449
  58, 466, 467, 419,  32
  59, 466, 168,  17,  18
  60, 466, 467,  18, 157
  61, 435, 436, 223, 470
  62, 157, 467, 170, 471
  63, 471, 467, 170, 418
  64, 467, 468, 471, 157
  65, 467,  18, 170, 168
  66, 467, 170, 419,  32
  67, 460, 461,  66, 458
  68, 462,  58, 213,  57
  69, 460, 463, 461, 212
  70, 462,  58, 214, 213
  71, 462, 213, 191,  57
  72, 462, 190, 191,   7
  73, 472, 186, 187,  10
  74, 472,  10, 185,  11
  75, 438, 472, 439, 205
  76, 472, 186, 459, 207
  77, 187, 185,  50, 206
  78, 472, 459, 439, 206
  79, 473, 338, 115, 474
  80, 474, 297, 475, 105
  81, 476, 316, 337, 336
  82, 474, 315, 294, 295
  83, 474, 437, 116, 337
  84, 476, 315, 474, 316
  85, 474, 475, 296, 295
  86, 477, 478, 130, 131
  87, 479, 480, 260, 259
  88, 479, 481, 261, 260
  89, 479, 482, 102,  93
  90, 479, 480, 481, 260
  91, 483, 128, 484, 485
  92, 486, 433, 199, 220
  93, 430, 198, 486, 199
  94, 486, 436, 222, 201
  95, 436, 222, 487, 486
  96, 488, 486,  45, 201
  97, 220, 486, 487, 221
  98, 487, 486, 433,  71
  99, 437, 126, 125, 116
 100, 489, 461,  75, 463
 101, 490, 489, 461,  75
 102, 489, 490,  85,  75
 103, 490, 461, 233, 232
 104, 489, 233, 490, 461
 105, 491, 123, 114, 124
 106, 150, 492, 149, 493
 107, 492, 149, 493, 442
 108, 440, 442, 159, 494
 109, 442, 441, 159, 149
 110, 442, 413, 393, 414
 111, 442, 373, 394, 393
 112, 442, 139, 495, 496
 113, 497, 126, 116, 117
 114, 373, 442, 496, 372
 115, 457, 498,  76,  77
 116,  64, 465, 464,  63
 117, 484, 129, 139, 138
 118, 457, 498, 230, 231
 119, 456, 457, 210, 458
 120, 188,  66,   9, 456
 121, 499, 108, 500, 118
 122, 483, 499, 332, 118
 123, 499, 292, 501, 107
 124, 476, 334, 483, 499
 125, 483, 499, 334, 333
 126, 435, 502, 470, 224
 127, 438, 203,  47,  48
 128, 438, 472, 205, 185
 129, 434, 435, 436, 202
 130,  46, 434, 488, 202
 131, 409, 503, 504, 505
 132, 434, 438, 184,  11
 133, 432, 506, 218, 239
 134, 484, 129, 138, 128
 135, 496, 507, 129, 350
 136, 508, 484, 496, 352
 137, 496, 492, 442, 139
 138, 484, 496, 373, 495
 139, 508, 351, 496, 129
 140, 509, 447, 404, 405
 141,  42, 452, 504, 177
 142, 451, 161, 452, 510
 143, 451, 505, 452, 161
 144, 452,  22, 177, 176
 145,  22, 161, 510, 452
 146, 511, 163,  14, 153
 147, 511, 512, 153, 180
 148, 511, 513, 447, 426
 149, 511,  25, 513, 426
 150, 511, 163,  25,  24
 151, 440, 494, 416, 415
 152, 440, 172,  19,  20
 153, 514, 471, 494, 158
 154, 514, 171, 471, 158
 155, 171, 172, 158, 514
 156, 515, 361, 381, 360
 157, 416, 440, 172, 514
 158, 501,  97, 516, 272
 159, 501, 516, 107, 293
 160, 499, 313, 312, 292
 161, 499, 107, 313, 292
 162, 499, 501, 108, 107
 163, 517, 127, 136, 126
 164, 490, 232, 498,  76
 165, 490,  75, 461,  76
 166, 489, 518, 256, 519
 167, 489, 518, 520, 255
 168, 521, 522, 523, 111
 169, 521, 522, 524, 326
 170, 523, 522, 305, 306
 171, 522, 120, 477, 525
 172, 524, 326, 522, 327
 173, 506, 465, 237, 526
 174, 506, 465, 216, 237
 175, 506, 216, 465, 527
 176, 506, 217, 218, 238
 177, 527, 431,   5,  63
 178, 513, 163, 154,  15
 179, 446, 447, 513, 425
 180, 513, 447, 426, 425
 181, 513, 426,  25,  26
 182, 511, 163, 513,  25
 183, 164,  26, 446, 513
 184, 528, 482, 301, 103
 185, 528, 454, 112, 122
 186, 112, 528, 482, 454
 187, 122, 528, 454, 529
 188, 528, 530, 322, 343
 189, 522, 121, 477, 120
 190, 518,  95, 531,  94
 191, 489, 256, 518, 255
 192, 529, 491, 364, 123
 193, 344, 529, 345, 454
 194, 529, 491, 113, 343
 195, 511, 447, 512, 427
 196, 509, 447, 144, 404
 197, 509, 384, 404, 383
 198, 447, 448, 404, 425
 199, 427, 180,  24, 428
 200, 447, 512, 406, 143
 201, 511, 447, 513, 153
 202, 447, 448, 144, 404
 203, 509, 144, 447, 143
 204, 416, 440, 415, 172
 205, 441, 493, 150, 149
 206, 532, 253, 498,  86
 207, 478, 524, 533, 131
 208, 441, 493, 413, 412
 209, 527, 193,   5, 194
 210, 440, 173, 174,  20
 211, 441,  21, 175, 173
 212, 441, 493, 160, 150
 213, 509, 143, 133, 134
 214, 441, 173,  20,  21
 215, 330, 534, 350, 351
 216, 534, 508, 119, 129
 217, 460, 213, 463, 212
 218, 534, 331, 508, 330
 219, 483, 497, 356, 335
 220, 119, 508, 534, 500
 221, 508, 500, 332, 331
 222, 508, 353, 484, 352
 223, 508, 118, 483, 332
 224, 508, 352, 331, 332
 225, 535,  90,  80,  81
 226, 525, 534, 477, 308
 227, 536, 278, 531,  94
 228, 171, 158,  18, 157
 229, 104, 530, 320, 536
 230, 536, 531, 299, 104
 231, 328, 525, 327, 477
 232, 486, 198,  13, 181
 233,  72,  81, 487,  71
 234, 430, 486,  71, 433
 235, 433, 481, 240, 220
 236, 433, 219, 199, 240
 237, 463, 235, 489, 234
 238, 537, 538,  99, 539
 239, 537, 539,  99, 540
 240, 537, 267, 539, 540
 241, 527,  63, 193, 464
 242, 465, 469, 215, 236
 243, 465, 526, 469, 236
 244, 506, 238, 237, 217
 245, 506, 465,  63, 527
 246, 502, 541, 226, 439
 247, 435, 502, 225, 439
 248, 537, 502, 540,  89
 249, 537, 540, 246, 267
 250, 502, 470, 245, 540
 251, 502, 226, 541, 247
 252, 542, 356, 517, 377
 253, 542, 517, 355, 485
 254, 542, 543, 377, 517
 255, 542, 147, 543, 137
 256, 542, 485, 544, 137
 257, 518, 277, 257, 278
 258, 545, 526, 257, 519
 259, 536, 280, 482, 301
 260, 536,  94, 545, 278
 261, 512, 427, 407, 428
 262, 545, 526, 259, 258
 263, 545, 280, 279, 259
 264, 536, 482, 103, 301
 265, 479, 545,  93,  83
 266, 543, 468, 398, 399
 267, 543, 517, 137, 136
 268, 543, 517, 379, 378
 269, 546, 498, 230,  77
 270, 546, 547, 548, 249
 271, 546,  88, 547,  87
 272, 459, 546, 228, 229
 273, 549, 473, 115, 114
 274, 506, 239, 480, 238
 275, 480, 526, 238, 259
 276, 479, 545, 280,  93
 277, 464, 216, 465, 215
 278, 479, 550, 551,  92
 279, 480, 481,  82,  92
 280, 480, 526, 259,  83
 281, 479, 280, 259, 260
 282, 501, 292, 271, 272
 283, 448, 145, 449, 155
 284, 501, 538, 290, 108
 285, 476, 294, 516, 106
 286, 476, 293, 516, 294
 287, 501, 293, 107, 292
 288, 500, 332, 499, 118
 289, 508, 500, 119, 118
 290, 312, 311, 499, 291
 291, 431,   1, 196, 194
 292, 500, 538, 290, 289
 293, 499, 108, 117, 107
 294, 311, 499, 291, 290
 295, 522, 525, 110, 120
 296, 552, 386, 406, 385
 297, 552, 512, 407, 408
 298, 552, 553, 142, 387
 299, 552, 553, 133, 142
 300, 552, 407, 512, 406
 301, 554, 100, 540,  90
 302, 554, 101, 555, 100
 303, 554, 100,  91, 101
 304, 451, 556, 505, 151
 305, 452, 510, 176, 411
 306, 505, 452, 161, 504
 307, 451, 510, 493, 151
 308, 451, 411, 452, 410
 309, 451, 510, 411, 390
 310, 452,  22, 176, 510
 311, 504,  42, 179, 409
 312, 466, 169, 167,  17
 313, 507, 370, 350, 371
 314, 542, 543, 468, 398
 315, 543, 378, 398, 377
 316, 466, 168,  32,  31
 317, 466,  32, 420,  31
 318, 468, 471, 397, 418
 319, 542, 468, 471, 397
 320, 467, 471, 468, 418
 321, 515, 557, 360, 381
 322, 515, 557, 125, 360
 323, 549, 437, 115, 339
 324, 515, 558, 382, 383
 325, 515, 558, 381, 382
 326, 526, 258, 237, 238
 327, 464,  60, 527, 216
 328, 480, 526,  83,  73
 329, 438, 472,  69, 439
 330, 465,  64, 469,  74
 331, 545, 526, 519,  84
 332, 506, 465, 526,  73
 333, 545, 526,  84,  83
 334, 523, 525, 285, 286
 335, 523, 285, 525, 306
 336, 523, 559, 525, 286
 337, 516, 294, 293, 273
 338, 523, 522, 306, 525
 339, 466,  17, 167, 156
 340, 534, 560, 525, 120
 341,  91,  81, 561, 551
 342, 111, 110, 522, 523
 343, 530, 343, 342, 322
 344, 300, 301, 536, 530
 345, 449, 167, 155, 156
 346, 103, 301, 528, 530
 347, 530, 473, 104, 320
 348, 530, 491, 342, 343
 349, 530, 491, 341, 342
 350, 501, 516, 293, 272
 351, 538,  99, 539, 109
 352, 500, 290, 538, 108
 353, 500, 539, 288, 560
 354, 534, 500, 331, 310
 355, 290, 501, 499, 291
 356, 450, 448, 449, 155
 357, 446, 447, 448, 154
 358, 446, 448, 425, 424
 359, 446,  16, 450, 166
 360, 468, 147, 156, 146
 361, 446, 166,  15,  16
 362, 511, 427, 180,  24
 363, 448, 144, 558, 145
 364, 448, 558, 144, 404
 365, 516, 532, 273, 272
 366, 516, 294, 273, 274
 367, 115, 338, 437, 474
 368, 483, 127, 497, 117
 369, 474, 106, 475, 295
 370, 516, 295, 106, 294
 371, 463, 489, 235, 519
 372, 461,  66,  75,  65
 373, 460, 189,   8,   7
 374,   8, 460, 458, 189
 375, 459, 209, 457, 230
 376, 562, 381, 401, 380
 377, 490,  76, 461, 232
 378, 232, 457, 498,  76
 379, 463, 233, 212, 213
 380, 476, 497, 337, 116
 381, 476, 315, 294, 474
 382, 476, 314, 293, 294
 383, 293, 476, 313, 314
 384, 476, 313, 314, 334
 385, 476, 497, 335, 336
 386, 484, 138, 485, 128
 387, 483, 484, 353, 354
 388, 476, 483, 117, 499
 389, 483, 497, 127, 356
 390, 476, 315, 335, 314
 391, 476, 117, 483, 497
 392, 511,  14, 163, 180
 393, 515, 362, 563, 383
 394, 558, 562, 135, 381
 395, 448, 558, 403, 402
 396, 448, 558, 404, 403
 397, 558, 383, 404, 403
 398, 515, 558, 383, 134
 399, 448, 558, 402, 145
 400, 558, 562, 402, 145
 401, 520, 276, 275, 255
 402, 518, 520,  95,  85
 403, 489, 490, 520,  85
 404, 459,  77,  67,  68
 405, 490, 498, 253,  86
 406, 475, 295, 274, 275
 407, 520, 532, 274,  96
 408, 520, 275, 254, 255
 409, 520, 253, 532,  86
 410, 490, 254, 520, 253
 411, 483, 485, 354, 355
 412, 483, 485, 484, 354
 413, 497, 517, 358, 126
 414, 483, 355, 356, 127
 415, 499, 291, 501, 292
 416, 499, 333, 312, 313
 417, 499, 333, 313, 334
 418, 562, 145, 136, 146
 419, 447, 154, 153, 144
 420, 476, 335, 483, 334
 421, 518, 520, 276,  95
 422, 518, 545, 278, 257
 423, 518, 277, 531, 276
 424, 531, 298, 277, 278
 425, 531, 278, 299, 298
 426, 475, 105, 531,  95
 427, 536, 531, 104,  94
 428, 531, 473, 297, 298
 429, 531, 473, 299, 104
 430, 194, 527, 431,   5
 431, 527, 194, 431,  61
 432, 506, 527, 217, 216
 433, 464, 193, 527,  60
 434, 511, 427,  25, 426
 435, 527,  61, 216,  60
 436, 350, 534, 477, 507
 437, 534, 130, 507, 129
 438, 508, 534, 500, 331
 439, 534, 525, 560, 308
 440, 534, 508, 351, 330
 441, 534, 120, 130, 129
 442, 436, 470, 535, 223
 443, 435, 470, 223, 224
 444, 486, 200, 201, 221
 445, 486, 198,  71,  13
 446, 487, 436, 486,  71
 447, 435, 224, 223, 203
 448, 508, 119, 128, 118
 449,  70,  12, 434, 488
 450, 486, 436,  70,  71
 451, 434, 435, 202, 203
 452, 557, 562, 379, 380
 453, 557, 126, 517, 136
 454, 557, 517, 379, 136
 455, 546, 230, 498, 251
 456, 546, 541, 227, 248
 457, 547, 251, 532, 272
 458, 547, 532,  97, 272
 459, 505, 152, 162, 161
 460, 547, 548, 249, 270
 461, 547, 532, 251,  87
 462, 502, 225, 439, 226
 463, 546, 249, 248, 228
 464, 513, 153, 163, 511
 465, 537, 502, 541, 247
 466, 546, 541, 548,  88
 467, 537, 541, 548, 247
 468, 151, 142, 141, 505
 469, 152, 151, 505, 142
 470, 556, 533, 368, 367
 471, 451, 556, 564, 390
 472, 556, 533, 141, 564
 473, 556, 369, 533, 564
 474, 457, 210, 230, 209
 475, 498, 232, 253, 252
 476, 477, 350, 349, 329
 477, 546, 498,  87, 251
 478, 546, 250, 229, 230
 479, 490, 498,  86,  76
 480, 498, 252, 231, 232
 481, 498, 532,  86,  87
 482, 251, 546, 547,  87
 483, 549, 360, 437, 339
 484, 557, 381, 380, 360
 485, 557, 125, 437, 126
 486, 339, 473, 338, 115
 487, 500, 118, 109, 119
 488, 474, 337, 316, 317
 489, 565, 367, 505, 387
 490, 337, 474, 476, 116
 491, 497, 358, 437, 126
 492, 497, 357, 336, 337
 493, 476, 337, 497, 336
 494, 517, 379, 378, 358
 495, 557, 379, 517, 358
 496, 497, 358, 517, 357
 497, 497, 356, 335, 336
 498, 497, 517, 127, 356
 499, 542, 377, 376, 356
 500, 542, 543, 147, 468
 501, 542, 543, 517, 137
 502, 550,  92, 479, 102
 503, 455, 482, 302, 454
 504, 455, 482, 281, 302
 505, 479, 455, 482, 281
 506, 521, 524, 522, 121
 507, 521, 524, 121, 443
 508, 477, 478, 507, 130
 509, 524, 477, 478, 348
 510, 563, 491, 124, 123
 511, 509, 563, 384, 383
 512, 563, 553, 133, 385
 513, 509, 552, 406, 385
 514, 509, 558, 404, 144
 515, 566, 471, 148, 494
 516, 566, 354, 485, 375
 517, 484, 354, 566, 374
 518, 484, 373, 566, 495
 519, 566, 485, 138, 544
 520, 483, 499, 333, 332
 521, 318, 338, 473, 474
 522, 457, 498,  77, 230
 523, 549, 340, 473, 341
 524, 549, 114, 491, 341
 525, 339, 318, 338, 473
 526, 473, 299, 319, 298
 527, 549, 473, 340, 339
 528, 473, 320, 341, 340
 529, 320, 299, 319, 473
 530, 549, 341, 491, 362
 531, 549, 437, 360, 125
 532, 538,  98, 548,  99
 533, 500, 332, 331, 311
 534, 539, 559, 287, 560
 535, 537, 548,  89,  99
 536, 538, 539, 268, 289
 537, 500, 309, 560, 288
 538, 500, 539, 560, 109
 539, 500, 538, 539, 109
 540, 529, 344, 364, 343
 541, 563, 491, 364, 363
 542, 563, 553, 385, 364
 543, 556, 367, 388, 505
 544, 563, 384, 363, 364
 545, 509, 385, 563, 133
 546, 497, 517, 126, 127
 547, 565, 553, 366, 387
 548, 529, 123, 553, 132
 549, 552, 143, 152, 133
 550, 552, 553, 385, 133
 551, 565, 142, 553, 387
 552, 552, 152, 142, 133
 553, 485, 137, 128, 138
 554, 566, 375, 374, 354
 555, 484, 566, 485, 138
 556, 441, 493, 510, 160
 557, 510, 176, 175,  21
 558,  21, 161, 510,  22
 559, 510,  22, 176,  21
 560, 510, 411,  40, 176
 561, 452, 410, 411, 176
 562, 478, 533, 369, 564
 563, 478, 507, 564, 370
 564, 477, 507, 478, 349
 565, 348, 524, 533, 478
 566, 547, 270, 249, 250
 567, 501, 270, 547, 271
 568, 501, 548, 538,  98
 569, 501, 547, 548,  98
 570, 548, 538, 269, 270
 571, 537, 538, 539, 268
 572, 537, 502, 246, 540
 573, 546, 548, 248, 249
 574, 537, 548, 268, 247
 575, 541, 548, 247, 248
 576, 467, 468, 419, 418
 577, 514, 417, 471, 171
 578, 471, 544, 148, 147
 579, 542, 468, 397, 398
 580, 471, 417, 397, 418
 581, 471, 396, 544, 397
 582, 472, 207, 187, 186
 583,  11, 472, 438, 185
 584, 546, 250, 547, 249
 585, 546, 229, 250, 249
 586, 476, 107, 116, 106
 587, 459,  78, 546,  77
 588, 456, 208, 186, 197
 589,  54, 456, 458, 188
 590, 459, 230, 229, 209
 591, 459,  77, 457,  67
 592, 459, 229, 208, 209
 593, 557, 562, 380, 381
 594, 557, 562, 136, 379
 595, 557, 359, 379, 358
 596, 542, 377, 543, 398
 597, 562, 449, 400, 401
 598, 400, 543, 468, 146
 599, 543, 562, 379, 136
 600, 508, 128, 119, 129
 601, 479, 281, 482, 280
 602, 479, 482, 455, 102
 603, 282, 550, 551, 479
 604, 453, 111, 521, 523
 605, 301, 536, 530, 103
 606, 550, 567, 455, 262
 607, 455, 482, 454, 112
 608, 565, 556, 505, 367
 609, 565, 533, 131, 141
 610, 458, 188,  66,   8
 611, 524, 443, 346, 565
 612, 529, 113, 491, 123
 613, 443, 529, 366, 132
 614, 565, 553, 142, 132
 615, 485, 138, 544, 137
 616, 542, 544, 485, 376
 617, 485, 375, 355, 376
 618, 471, 494, 395, 416
 619, 566, 148, 544, 138
 620, 514, 494, 471, 416
 621, 542, 471, 544, 397
 622, 551, 481, 241, 261
 623, 479, 261, 551, 282
 624, 538, 289, 268, 269
 625, 263, 561, 242, 551
 626, 532, 253, 274, 273
 627, 520, 532,  96,  86
 628, 459, 457,  77, 230
 629, 252, 532, 253, 498
 630, 501, 292, 291, 271
 631, 547, 271, 250, 251
 632, 460, 189,  56,  55
 633, 516, 293, 272, 273
 634,  97, 272, 501, 547
 635, 532, 273, 252, 253
 636, 498, 252, 532, 251
 637, 453, 567, 112, 111
 638, 523, 101, 567, 111
 639, 550, 455, 567, 102
 640, 453, 112, 455, 454
 641, 453, 454, 455, 303
 642, 550, 555, 101, 567
 643, 567, 112, 111, 102
 644, 481, 261, 240, 220
 645, 481, 239, 240, 260
 646, 479, 481, 480,  92
 647, 480,  73,  83,  92
 648, 432, 480, 481,  82
 649,  81, 561, 551, 487
 650, 487, 481, 220, 241
 651, 479, 545, 259, 280
 652, 551, 262, 282, 241
 653, 479, 281, 260, 261
 654, 241, 221, 487, 242
 655, 528, 482, 302, 301
 656, 454, 324, 444, 345
 657, 467,  32, 168, 170
 658, 138, 495, 148, 139
 659, 528, 454, 344, 323
 660, 513, 425, 426,  26
 661, 454, 323, 303, 324
 662, 453, 283, 284, 304
 663, 453, 521, 324, 304
 664, 523, 110, 559, 100
 665, 523, 555, 567, 101
 666, 453, 284, 523, 305
 667, 522, 111, 120, 110
 668, 477, 308, 328, 525
 669, 559, 555, 265, 523
 670, 523, 525, 559, 110
 671, 435, 223, 436, 202
 672, 554, 244, 470, 540
 673, 470, 244, 535, 223
 674, 502, 225, 246, 245
 675, 435, 470, 502,  79
 676, 505, 409, 452, 504
 677, 447, 427, 426, 406
 678, 447, 153, 512, 143
 679, 488, 182,  46, 181
 680, 505, 552, 408, 512
 681, 552, 143, 512, 152
 682, 503, 505, 512, 162
 683, 509, 447, 406, 143
 684, 429, 505, 512, 503
 685, 458,   8, 189, 188
 686,  66,   8, 460, 458
 687, 457, 461, 458,  66
 688, 210,  54, 456, 458
 689, 458,  55, 210,  54
 690, 189,  55, 460, 458
 691, 496, 507, 492, 139
 692, 507, 371, 492, 370
 693, 524, 131, 477, 121
 694, 534, 129, 507, 350
 695, 496, 351, 350, 129
 696, 507, 492, 139, 140
 697, 562, 449, 146, 400
 698, 450, 449, 423, 422
 699, 449, 402, 423, 422
 700, 562, 449, 402, 145
 701,  26, 446, 513, 425
 702, 449, 165, 422, 450
 703, 466,  18, 467, 168
 704, 399, 400, 543, 468
 705, 466, 421, 167, 169
 706, 466, 467, 157, 468
 707, 466, 400, 421, 420
 708, 545, 257, 526, 258
 709, 518, 520, 255, 276
 710, 463, 519,  74,  75
 711, 518,  84, 519,  85
 712, 507, 564, 492, 140
 713, 139, 492, 442, 149
 714, 492, 392, 493, 391
 715, 440, 494, 415, 414
 716, 492, 564, 150, 140
 717, 442, 394, 414, 393
 718, 440, 172, 514, 158
 719, 440,  19, 172, 158
 720, 468, 146, 449, 400
 721, 514, 471, 417, 416
 722, 442, 149, 494, 495
 723, 566, 373, 394, 495
 724, 566, 394, 373, 374
 725, 566, 544, 396, 375
 726, 566, 471, 395, 396
 727, 534, 308, 560, 309
 728, 534, 309, 330, 329
 729, 525, 287, 307, 286
 730, 525, 560, 110, 120
 731, 525, 560, 559, 110
 732, 537, 541,  89, 548
 733, 287, 525, 559, 286
 734, 565, 556, 367, 533
 735, 478, 533, 564, 141
 736, 478, 131, 140, 130
 737, 478, 533, 141, 131
 738, 565, 556, 533, 141
 739, 524, 347, 346, 326
 740, 524, 347, 327, 348
 741, 552, 553, 387, 386
 742, 533, 368, 347, 348
 743, 441, 510, 493, 412
 744, 493, 390, 564, 391
 745, 441, 175, 412, 413
 746, 510, 412, 411, 391
 747, 446, 425,  26,  27
 748, 392, 413, 393, 442
 749, 392, 413, 442, 493
 750, 445,   6, 464, 192
 751, 462, 463,  64,  65
 752, 489, 255, 234, 235
 753, 190,  64,   6,   7
 754, 469, 236, 235, 215
 755, 462, 463, 469,  64
 756, 465, 526,  73,  74
 757, 526, 519,  74, 469
 758, 529, 364, 491, 343
 759, 549, 515, 362, 124
 760, 549, 491, 124, 362
 761, 446, 425,  27, 424
 762, 530, 491, 114, 341
 763, 530, 321, 341, 320
 764, 549, 515, 361, 362
 765, 530, 491, 343, 113
 766, 320, 536, 299, 104
 767, 515, 563, 134, 383
 768, 549, 515, 360, 361
 769, 561, 242, 221, 222
 770, 487, 551, 481, 241
 771, 561, 222, 535, 243
 772, 529, 553, 364, 365
 773, 529, 345, 366, 365
 774, 324, 444, 345, 521
 775, 529, 122, 443, 345
 776, 524, 121, 443, 131
 777, 122, 443, 444, 121
 778, 524, 477, 522, 121
 779, 524, 533, 565, 346
 780, 453, 284, 305, 304
 781, 453, 523, 567, 111
 782, 521, 523, 522, 305
 783, 524, 348, 533, 347
 784, 122, 454, 345, 529
 785, 521, 111, 444, 121
 786, 444, 454, 345, 122
 787, 443, 131, 121, 122
 788, 521, 304, 325, 345
 789, 561, 555, 264, 554
 790, 470,  80, 535,  90
 791, 470, 223, 224, 244
 792, 554, 265, 264, 244
 793, 436, 535,  80,  81
 794, 535, 222, 223, 243
 795, 507, 140, 139, 130
 796, 478, 141, 564, 140
 797, 390, 510, 493, 451
 798, 478, 564, 369, 370
 799, 439, 225, 204, 205
 800, 434, 438, 435, 203
 801, 438, 185, 205, 183
 802, 546, 248, 227, 228
 803, 541, 227, 248, 247
 804, 541, 439,  79,  78
 805, 345, 444, 443, 521
 806, 205, 472, 206, 185
 807, 459, 228, 227, 207
 808, 459, 439,  78,  68
 809, 459, 227, 206, 207
 810, 554, 561, 535, 243
 811, 554, 540, 470,  90
 812, 540,  90,  99,  89
 813, 539, 266, 540, 267
 814, 265, 540, 554, 559
 815, 559,  99, 540, 100
 816, 564, 141, 150, 140
 817, 565, 387, 366, 346
 818, 521, 524, 443, 325
 819, 524, 533, 346, 347
 820, 566, 495, 148, 138
 821, 484, 495, 138, 139
 822, 443, 565, 131, 132
 823, 565, 346, 367, 387
 824, 565, 132, 142, 141
 825, 372, 371, 442, 496
 826, 565, 553, 132, 366
 827, 524, 346, 443, 325
 828, 534, 330, 350, 329
 829, 453, 283, 304, 324
 830, 455, 482, 112, 102
 831, 536, 545, 279, 278
 832, 451, 410, 389, 390
 833, 511,  24, 180, 163
 834, 451, 556, 390, 389
 835, 451, 510, 151, 161
 836, 555, 263, 264, 284
 837, 451, 410, 409, 389
 838, 494, 442, 414, 440
 839, 179, 503, 504, 409
 840, 408, 429, 505, 512
 841, 492, 391, 493, 564
 842, 550, 555,  91, 101
 843, 264, 561, 243, 263
 844, 162, 180, 153, 512
 845, 177,  42, 179, 504
 846, 455, 262, 283, 303
 847, 556, 368, 369, 389
 848, 556, 390, 389, 369
 849, 537, 268, 267, 247
 850, 510, 151, 161, 160
 851, 265, 559, 266, 540
 852, 429, 178, 179, 503
 853, 451, 151, 505, 161
 854, 432,  82,  72,  63
 855, 432,  73, 506, 480
 856, 500, 560, 119, 109
 857, 432, 219, 433, 240
 858, 432, 433, 481, 240
 859, 537, 502,  89, 541
 860, 486, 200, 220, 199
 861, 505, 552, 387, 408
 862, 497, 126, 437, 116
 863, 445, 462, 214, 469
 864, 481, 261, 220, 241
 865, 430, 195, 198, 199
 866, 486, 201, 222, 221
 867, 444, 122, 121, 112
 868, 436, 201, 202, 222
 869, 444, 454, 122, 112
 870, 528, 322, 301, 302
 871, 531,  95, 105, 104
 872, 487, 436, 561, 222
 873, 453, 444, 324, 521
 874, 430,  71, 198,   1
 875, 506, 218, 239, 238
 876, 265, 523, 286, 559
 877, 483, 118, 128, 127
 878, 430, 433, 432, 219
 879, 486, 199,  44, 200
 880, 487, 561, 436,  81
 881, 553, 386, 365, 366
 882, 434, 438,  11,  69
 883, 445, 465, 469, 215
 884,  71,  72, 433, 487
 885, 222, 487, 486, 221
 886, 550, 567, 101, 102
 887, 263, 555, 264, 561
 888, 430, 196,   1, 195
 889, 433, 220, 486, 487
 890, 487, 551,  82, 481
 891, 550, 555, 263, 551
 892, 553, 387, 386, 366
 893, 487,  82, 551,  81
 894, 443, 122, 132, 131
 895, 443, 444, 121, 521
 896, 463, 461, 212, 233
 897, 131, 477, 478, 524
 898, 463, 213, 234, 233
 899, 463, 234, 489, 233
 900, 518, 531, 278,  94
 901, 435,  69,  70,  79
 902, 515, 558, 135, 381
 903, 551, 242, 262, 241
 904, 149, 139, 148, 495
 905, 554, 470, 244, 535
 906, 470,  90,  89,  80
 907, 542, 517, 485, 137
 908, 540, 266, 265, 245
 909, 551,  82,  91,  81
 910, 555, 561, 551,  91
 911, 508, 352, 332, 353
 912, 453, 521, 305, 523
 913, 508, 484, 129, 496
 914, 129, 508, 351, 534
 915, 525, 286, 306, 285
 916, 560, 287, 525, 559
 917, 529, 365, 344, 345
 918, 443, 122, 529, 132
 919, 517, 357, 378, 377
 920, 525, 560, 308, 287
 921, 451, 556, 389, 388
 922, 543, 136, 137, 146
 923, 542, 468, 147, 471
 924, 521, 522, 111, 121
 925, 483, 354, 333, 334
 926, 511, 447, 153, 512
 927, 484, 353, 373, 352
 928, 566, 494, 495, 394
 929, 484, 566, 373, 374
 930, 507, 349, 350, 370
 931, 508, 483, 128, 484
 932, 529, 553, 365, 366
 933, 477, 478, 348, 349
 934, 508, 484, 128, 129
 935, 307, 308, 525, 328
 936, 484, 566, 354, 485
 937, 552, 406, 386, 407
 938, 429, 503, 512, 178
 939, 485, 375, 354, 355
 940, 544, 138, 148, 147
 941, 507, 492, 564, 370
 942, 544, 137, 138, 147
 943, 509, 405, 385, 406
 944, 509, 563, 134, 133
 945, 492, 149, 140, 150
 946, 496, 351, 371, 350
 947, 468, 398, 418, 397
 948, 110, 522, 523, 525
 949, 539, 559, 560, 109
 950,  43, 199, 198, 195
 951, 523, 305, 285, 306
 952, 523, 101, 111, 110
 953, 431,  62, 218, 217
 954, 430, 432, 433,  72
 955, 182,  46, 434, 488
 956, 554, 555, 101,  91
 957, 555, 567, 263, 284
 958, 414,  37, 415, 174
 959, 452, 176, 177,  41
 960, 422, 165,  29, 423
 961, 562, 449, 401, 402
 962, 420, 468, 466, 400
 963, 466, 420, 421, 169
 964, 421, 169, 420,  31
 965, 466,  32, 419, 420
 966, 419, 170, 418,  33
 967, 467, 418, 419, 170
 968, 471, 418, 171, 417
 969, 471, 397, 417, 396
 970, 514,  35, 417,  34
 971, 471, 416, 395, 396
 972, 514, 416, 417,  35
 973, 173, 440, 414, 441
 974, 514, 416,  35, 172
 975, 494, 395, 415, 394
 976, 414, 494, 415, 394
 977, 440, 414, 415, 174
 978, 414, 413,  38, 173
 979, 441, 413, 414, 173
 980, 441, 159, 150, 160
 981, 413,  39,  38, 175
 982, 493, 392, 413, 412
 983, 510, 160, 161,  21
 984, 566, 471, 544, 148
 985,  22,   2, 504, 177
 986, 447, 406, 426, 405
 987, 524, 326, 346, 325
 988, 488, 201,  45,  46
 989, 512, 503, 162, 180
 990,   3, 179, 409, 429
 991, 524, 443, 565, 131
 992, 180, 503, 162,   2
 993, 429, 178, 428,  23
 994, 429,  23,   3, 178
 995, 567, 283, 455, 262
 996, 447, 425, 404, 405
 997, 447, 426, 425, 405
 998, 513, 164,  26, 163
 999, 509, 404, 558, 383
1000, 447, 406, 512, 427
1001, 447, 144, 448, 154
1002, 446, 164,  27,  26
1003, 450,  28, 166, 165
1004, 558, 402, 562, 381
1005, 448, 423, 402, 403
1006, 449, 421, 400, 401
1007, 448, 145, 154, 144
1008, 422, 167,  29, 165
1009, 165,  29, 423,  28
1010, 528, 113, 122, 103
1011, 468, 420, 419, 399
1012, 421,  30, 167, 169
1013, 446,  27, 164, 166
1014, 543, 400, 399, 379
1015, 468, 400, 420, 399
1016, 468, 449, 146, 156
1017, 542, 398, 397, 377
1018, 544, 397, 396, 376
1019, 543, 468, 146, 147
1020, 468, 147, 471, 157
1021, 418, 417,  34, 171
1022, 419,  33,  32, 170
1023, 471, 148, 158, 157
1024, 440, 158, 514, 494
1025, 494, 416, 415, 395
1026, 450, 424,  28, 423
1027, 415, 172,  36, 416
1028, 514,  34, 171,  35
1029, 172, 416,  35,  36
1030, 522, 111, 121, 120
1031, 510, 493, 391, 390
1032, 414,  37, 174, 173
1033, 440, 441, 442, 414
1034, 564, 390, 370, 391
1035, 414, 441, 442, 413
1036, 510,  39, 175, 176
1037, 510,  40, 412,  39
1038, 175, 412, 413,  39
1039, 510, 411, 390, 391
1040, 510,  39, 176,  40
1041, 537, 267, 246, 247
1042, 559, 286, 266, 287
1043, 505, 142, 552, 152
1044, 466, 449, 167, 421
1045, 559, 560, 109, 110
1046, 528, 343, 322, 323
1047, 551, 550, 262, 263
1048, 539, 559, 109,  99
1049, 551, 555, 263, 561
1050, 509, 563, 385, 384
1051, 509, 405, 384, 385
1052, 563, 123, 553, 364
1053, 446,  27, 450, 424
1054, 539, 267, 268, 288
1055, 515, 383, 382, 362
1056, 563, 384, 383, 363
1057, 513, 163,  15, 164
1058, 432,  63, 506,  73
1059, 558, 402, 382, 403
1060, 448, 424, 423, 403
1061, 558, 402, 381, 382
1062, 557, 360, 380, 359
1063, 400, 468, 466, 449
1064, 562, 381, 402, 401
1065, 543, 562, 136, 146
1066, 515, 124, 563, 362
1067, 517, 358, 378, 357
1068, 543, 379, 399, 378
1069, 557, 380, 379, 359
1070, 550, 555, 551,  91
1071, 466, 468, 156, 449
1072, 566, 485, 544, 375
1073, 542, 356, 376, 355
1074, 550, 479, 282, 455
1075, 542, 485, 355, 376
1076, 542, 137, 544, 147
1077, 566, 494, 394, 395
1078, 466, 468, 420, 419
1079, 172, 440, 415, 174
1080, 566, 375, 395, 374
1081,  37, 415, 174,  36
1082, 494, 149, 158, 148
1083, 479, 455, 281, 282
1084, 441, 159, 149, 150
1085, 567, 555, 263, 550
1086, 478, 507, 370, 349
1087, 409, 452, 504,  42
1088, 510, 412,  40, 411
1089, 451, 556, 151, 564
1090, 451, 409, 388, 389
1091, 554, 535, 561,  91
1092, 552, 386, 387, 407
1093, 181, 488, 486,  45
1094, 553, 385, 364, 365
1095, 529, 553, 123, 364
1096, 443, 346, 565, 366
1097, 491, 343, 363, 342
1098, 491, 364, 363, 343
1099, 563, 491, 362, 124
1100, 549, 362, 361, 341
1101, 450, 448, 424, 423
1102, 549, 340, 360, 339
1103, 549, 361, 360, 340
1104, 562, 400, 379, 380
1105, 437, 359, 358, 338
1106, 563, 383, 362, 363
1107, 437, 339, 359, 338
1108, 557, 562, 381, 135
1109, 515, 125, 557, 135
1110, 497, 357, 356, 336
1111, 508, 332, 483, 353
1112, 497, 517, 356, 357
1113, 484, 353, 354, 374
1114, 483, 355, 334, 335
1115, 517, 485, 137, 127
1116,  19, 171, 172, 158
1117, 484, 139, 496, 495
1118, 566, 471, 396, 544
1119, 557, 437, 358, 126
1120, 496, 507, 350, 371
1121, 517, 355, 485, 127
1122, 508, 353, 483, 484
1123, 351, 330, 508, 331
1124, 508, 352, 351, 331
1125, 485, 376, 544, 375
1126, 539, 559,  99, 540
1127, 478, 507, 130, 140
1128, 537, 502, 247, 246
1129, 441, 413, 173, 175
1130, 554, 559, 555, 265
1131, 455, 454, 302, 303
1132, 408, 429, 388, 505
1133, 524, 477, 348, 327
1134, 456, 197,   9, 188
1135, 533, 347, 367, 346
1136, 554,  90, 470, 535
1137, 442, 494, 149, 159
1138, 478, 369, 533, 348
1139,  42, 179, 409,   3
1140, 563, 364, 385, 384
1141, 477, 121, 131, 130
1142, 565, 533, 367, 346
1143, 554, 535, 244, 243
1144, 553, 142, 132, 123
1145, 443, 325, 366, 345
1146, 503, 180, 512, 178
1147, 509, 143, 552, 133
1148, 454, 345, 344, 324
1149, 529, 132, 553, 366
1150, 554,  90,  91, 100
1151, 530, 322, 342, 321
1152, 530, 341, 473, 320
1153, 491, 363, 362, 342
1154, 515, 362, 382, 361
1155, 563, 491, 363, 362
1156, 549, 473, 339, 115
1157, 515, 557, 381, 135
1158, 549, 491, 114, 124
1159, 317, 318, 474, 338
1160, 562, 401, 400, 380
1161, 491, 362, 341, 342
1162, 543, 379, 517, 136
1163, 557, 358, 437, 359
1164, 543, 562, 146, 400
1165, 549, 115, 437, 125
1166, 476, 314, 335, 334
1167, 497, 437, 358, 337
1168, 565, 141, 131, 132
1169, 483, 127, 117, 118
1170, 483, 485, 127, 128
1171, 540, 266, 245, 246
1172, 471, 148, 494, 158
1173, 476, 497, 483, 335
1174, 484, 495, 566, 138
1175, 496, 507, 371, 492
1176, 534, 500, 310, 309
1177, 477, 349, 348, 328
1178, 500, 311, 331, 310
1179, 542, 471, 147, 544
1180, 534, 331, 330, 310
1181, 534, 330, 309, 310
1182, 477, 507, 349, 350
1183, 448, 424, 403, 404
1184, 176,  41, 411,  40
1185, 533, 367, 347, 368
1186, 550, 551,  92,  91
1187, 556, 564, 141, 151
1188, 525, 306, 307, 327
1189, 443, 565, 132, 366
1190, 434, 436, 488, 202
1191, 443, 366, 325, 346
1192, 553, 365, 386, 385
1193, 521, 345, 324, 304
1194, 443, 366, 529, 345
1195, 528, 113, 529, 122
1196, 563, 364, 491, 123
1197, 529, 528, 454, 344
1198, 492, 371, 391, 370
1199, 528, 323, 322, 302
1200, 453, 283, 324, 303
1201, 453, 567, 523, 284
1202, 505, 408, 367, 388
1203, 521, 325, 443, 345
1204, 528, 343, 529, 113
1205, 528, 103, 530, 113
1206, 301, 321, 530, 300
1207, 299, 104, 473, 320
1208, 549, 341, 361, 340
1209, 474, 338, 337, 317
1210, 549, 341, 473, 114
1211, 437, 358, 337, 338
1212, 563, 553, 123, 133
1213, 297, 473, 474, 318
1214, 473, 319, 318, 298
1215, 473, 318, 297, 298
1216, 557, 358, 517, 126
1217, 449, 421, 422, 167
1218, 474, 115, 473, 105
1219, 517, 377, 356, 357
1220, 316, 337, 474, 476
1221, 295, 474, 106, 294
1222, 449, 400, 421, 466
1223, 313, 293, 292, 107
1224, 476, 106, 516, 107
1225, 476, 313, 499, 107
1226, 499, 332, 311, 312
1227, 531, 105, 473, 104
1228, 483, 334, 355, 354
1229, 351, 534, 350, 129
1230, 515, 125, 134, 124
1231, 495, 373, 442, 496
1232, 499, 292, 312, 291
1233, 508, 332, 500, 118
1234, 311, 500, 332, 499
1235, 560, 288, 309, 308
1236, 500, 288, 289, 309
1237, 534, 560, 120, 119
1238, 500, 538, 109, 108
1239, 329, 350, 534, 477
1240, 525, 306, 286, 307
1241, 525, 328, 327, 307
1242, 524, 131, 565, 533
1243, 488, 436,  70, 486
1244, 522, 305, 306, 326
1245, 521, 524, 325, 326
1246, 103, 112, 528, 482
1247, 528, 530, 343, 113
1248, 528, 482, 454, 302
1249, 454, 344, 323, 324
1250, 482, 302, 301, 281
1251, 567, 102, 455, 112
1252, 488, 486, 201, 436
1253, 530, 473, 341, 114
1254, 473, 340, 339, 319
1255, 301, 528, 530, 322
1256, 536, 301, 300, 280
1257, 536, 300, 279, 280
1258, 536, 530, 103, 104
1259, 536, 530, 320, 300
1260, 300, 536, 299, 320
1261, 530, 321, 320, 300
1262, 536, 482,  93, 103
1263, 536,  93, 545,  94
1264, 475, 531, 297, 276
1265, 509, 133, 552, 385
1266, 475, 296, 295, 275
1267, 476, 474, 106, 116
1268, 516, 475,  96, 106
1269, 475, 276, 297, 296
1270, 474, 297, 318, 317
1271, 558, 135, 562, 145
1272, 501, 107, 516,  97
1273, 154,  15, 446, 513
1274, 543, 379, 562, 400
1275, 290, 501, 270, 538
1276, 515, 382, 381, 361
1277, 272, 501, 547, 271
1278, 501, 271, 291, 270
1279, 476, 117, 116, 107
1280, 108, 500, 290, 499
1281, 500, 290, 311, 310
1282, 499, 500, 290, 311
1283, 537, 548, 538, 268
1284, 270, 538, 269, 290
1285, 437, 115, 116, 125
1286, 485, 137, 127, 128
1287, 500, 310, 289, 290
1288, 499, 118, 117, 108
1289, 534, 119, 500, 560
1290, 553, 142, 123, 133
1291, 452,  42,  41, 177
1292, 446, 450, 448, 424
1293, 559, 540, 554, 100
1294, 537, 540,  99,  89
1295, 483, 333, 354, 353
1296, 534, 525, 477, 120
1297, 523, 567, 555, 284
1298, 285, 523, 286, 265
1299, 534, 560, 500, 309
1300, 534, 120, 477, 130
1301, 524, 522, 477, 327
1302, 523, 555, 101, 100
1303, 560, 110, 120, 119
1304, 451, 510, 452, 411
1305, 523, 305, 284, 285
1306, 533, 369, 368, 348
1307, 559,  99, 100, 109
1308, 521, 325, 304, 305
1309, 528, 344, 343, 323
1310, 510, 412, 175,  39
1311, 503, 429, 409, 179
1312, 455, 302, 282, 303
1313, 528, 302, 454, 323
1314, 482, 301, 280, 281
1315, 479, 482,  93, 280
1316, 479, 102,  92,  83
1317, 479, 282, 281, 261
1318, 455, 302, 281, 282
1319, 536, 280, 545,  93
1320, 479, 480, 259,  83
1321, 322, 321, 530, 301
1322, 536, 299, 278, 279
1323, 473, 339, 318, 319
1324, 529, 123, 132, 113
1325, 368, 556, 367, 388
1326, 531, 277, 297, 276
1327, 518, 257, 277, 256
1328, 531, 298, 297, 277
1329, 519,  84,  75,  85
1330, 518, 545,  84,  94
1331, 491, 123, 113, 114
1332, 475, 276, 520,  95
1333, 520, 275, 274, 254
1334, 489, 255, 520, 254
1335, 476, 336, 315, 316
1336, 475, 106, 105,  96
1337, 475, 105,  95,  96
1338, 520, 274, 532, 253
1339, 475, 520, 274,  96
1340, 516, 475, 274,  96
1341, 476, 315, 314, 294
1342, 475, 520, 276, 275
1343, 516, 274, 532,  96
1344, 546, 541, 248, 548
1345, 250, 251, 546, 547
1346, 501, 538, 108,  98
1347, 516, 532, 272,  97
1348, 547, 250, 271, 270
1349, 548, 269, 248, 249
1350, 534, 309, 329, 308
1351, 538, 269, 290, 289
1352, 546, 548, 547,  88
1353, 501, 270, 291, 290
1354, 500, 310, 309, 289
1355, 508, 128, 483, 118
1356, 474, 115, 106, 116
1357,  21, 510, 441, 175
1358, 329, 308, 328, 477
1359, 525, 287, 308, 307
1360, 488,  12, 434, 182
1361, 477, 348, 327, 328
1362, 477, 120, 121, 130
1363, 523, 555, 285, 284
1364, 567, 263, 283, 262
1365, 441,  20, 159, 160
1366, 453, 444, 521, 111
1367, 554, 265, 555, 264
1368, 545, 259, 279, 258
1369, 479, 259, 545,  83
1370, 545, 259, 526,  83
1371, 480, 259, 238, 239
1372, 545, 258, 278, 257
1373, 526, 519, 469, 236
1374, 465, 526, 236, 237
1375, 506, 238, 526, 237
1376, 518, 278, 531, 277
1377, 526, 519,  84,  74
1378, 549, 125, 124, 115
1379, 170, 471, 171, 157
1380, 489, 520, 518,  85
1381, 489, 519, 256, 235
1382, 526, 237, 257, 236
1383, 476, 516, 293, 107
1384, 520, 274, 253, 254
1385, 520,  95,  85,  86
1386, 532, 273, 272, 252
1387, 490, 253, 498, 232
1388, 490, 520,  86, 253
1389, 557, 437, 360, 359
1390, 107, 293, 476, 313
1391, 516, 274, 475, 295
1392, 516,  96, 532,  97
1393, 497, 117, 127, 126
1394, 501, 547, 270, 548
1395, 229, 546, 230, 459
1396, 546, 230, 459,  77
1397, 476, 334, 499, 313
1398, 498, 252, 251, 231
1399, 563, 133, 124, 134
1400, 538, 501, 270, 548
1401, 547,  88, 548,  98
1402, 500, 539, 289, 288
1403, 539, 268, 289, 288
1404, 537, 268, 539, 267
1405, 541,  89, 548,  88
1406, 541, 439,  78, 227
1407, 108, 290, 501, 499
1408, 559, 100, 110, 109
1409, 227, 546, 459,  78
1410, 560, 287, 288, 308
1411, 542, 544, 376, 397
1412, 470,  90, 540,  89
1413, 502, 226, 246, 225
1414, 560, 110, 119, 109
1415, 502, 245, 470, 224
1416, 435,  70, 436,  80
1417, 535, 244, 243, 223
1418, 502, 470, 540,  89
1419, 554, 561, 555,  91
1420, 554, 535,  91,  90
1421, 436, 223, 535, 222
1422, 476, 499, 117, 107
1423, 487, 561, 221, 222
1424, 243, 561, 242, 263
1425, 551, 261, 241, 282
1426, 453, 112, 567, 455
1427, 550, 479, 455, 102
1428, 207,  51, 187, 186
1429, 525, 327, 477, 522
1430, 536, 482, 280,  93
1431, 480, 260, 259, 239
1432, 506, 480, 526, 238
1433, 506, 526, 480,  73
1434, 506,  63, 465,  73
1435, 465,  73,  63,  64
1436, 506, 217, 237, 216
1437, 518, 545,  94, 278
1438, 465, 236, 216, 237
1439, 518, 545, 257, 519
1440, 518, 277, 276, 256
1441, 545,  93,  83,  84
1442, 445, 192, 464,  59
1443, 463, 213, 214, 234
1444, 460, 461, 463,  65
1445, 547, 532,  87,  97
1446, 457, 461,  66,  76
1447, 294, 474, 106, 476
1448, 490,  86, 520,  85
1449, 490, 253, 232, 233
1450, 498, 532,  87, 251
1451, 457, 461, 211, 458
1452, 546, 498,  77,  87
1453, 457, 231, 230, 210
1454, 516, 107, 106,  97
1455, 516, 532, 274, 273
1456, 516, 475, 106, 295
1457, 498, 251, 230, 231
1458, 474, 116, 437, 115
1459, 474, 317, 316, 296
1460, 516, 295, 294, 274
1461, 501, 547,  98,  97
1462, 459,  78, 439, 227
1463, 541, 226, 439, 227
1464, 539, 267, 288, 287
1465, 502, 541,  79,  89
1466, 546, 227, 541,  78
1467, 557, 136, 135, 126
1468, 435,  80, 436, 470
1469, 472, 207, 459, 206
1470, 502, 541, 439,  79
1471, 418,  33, 171,  34
1472, 502,  79, 470,  89
1473, 561, 242, 551, 487
1474, 554, 540, 265, 244
1475, 435, 502, 224, 225
1476,  71, 486,  13,  70
1477, 487, 436,  71,  81
1478, 555, 264, 265, 285
1479, 551, 481,  92,  82
1480, 242, 221, 487, 561
1481, 561, 242, 222, 243
1482, 551, 263, 262, 242
1483, 431, 432,  72,  63
1484, 487, 241, 220, 221
1485, 432, 240, 239, 219
1486,  62,  61, 217, 431
1487, 218, 430, 219, 196
1488, 527, 217, 216,  61
1489, 430,  72, 433,  71
1490, 527, 193, 194,  61
1491, 518, 256, 519, 257
1492, 536, 545, 280, 279
1493, 519, 256, 236, 257
1494, 526, 519, 236, 257
1495, 526,  83,  73,  74
1496, 445, 215, 214,  59
1497, 518, 276, 255, 256
1498, 489,  85, 519,  75
1499, 445,  58, 190, 192
1500, 475, 531, 276,  95
1501, 526, 258, 257, 237
1502, 501, 272, 293, 292
1503, 213, 212, 191,  57
1504, 460, 461, 211, 212
1505, 231, 232, 457, 498
1506, 531, 297, 473, 105
1507, 456, 458, 188,  66
1508, 457, 211, 231, 210
1509, 532, 272, 251, 252
1510, 546, 229, 249, 228
1511, 552, 387, 408, 407
1512, 456, 209, 459, 208
1513, 228, 227, 546, 459
1514, 207, 206, 187,  51
1515, 537,  99, 538, 548
1516, 541, 227, 247, 226
1517, 459, 439, 206, 227
1518, 459, 208, 207, 186
1519, 448, 423, 449, 402
1520, 456, 459, 457,  67
1521, 438, 205, 439, 204
1522, 208,  53,  52, 197
1523, 502, 224, 225, 245
1524, 207, 186,  52,  51
1525, 500, 538, 289, 539
1526, 555, 264, 285, 284
1527, 435, 204, 224, 203
1528, 538, 548, 269, 268
1529, 521, 522, 326, 305
1530,  49, 185, 205,  50
1531, 434,  47, 182, 184
1532, 453, 521, 304, 305
1533, 488, 202, 201,  46
1534, 449, 422, 421, 401
1535, 486, 200,  44,  45
1536, 486, 181,  12, 488
1537, 434, 203, 202,  47
1538, 551,  82,  92,  91
1539, 486, 220, 200, 221
1540, 430,  71, 486, 198
1541, 436,  71,  81,  80
1542, 455, 282, 262, 303
1543, 477, 349, 328, 329
1544,  44, 199, 198,  43
1545, 432,  82, 433,  72
1546, 481, 261, 260, 240
1547, 567, 263, 284, 283
1548, 195, 199, 219,  43
1549, 432, 480, 239, 481
1550,  62, 194, 431, 196
1551, 456, 186, 459,  67
1552, 517, 137, 136, 127
1553, 548, 269, 268, 248
1554, 210, 209, 456,  54
1555, 197,  53, 456, 208
1556, 459, 208, 229, 228
1557, 456,  53, 197, 188
1558,  61, 194, 431,  62
1559, 218, 196,   4,  62
1560, 430, 199, 486, 433
1561, 433, 199, 220, 240
1562,  13,  71,   1, 198
1563, 431, 506, 217, 218
1564, 219,  43,   4, 195
1565, 430, 198, 195,   1
1566, 432, 239, 218, 219
1567, 432, 481, 239, 240
1568, 527,  63,   5, 193
1569,  82,  81, 487,  72
1570, 430, 199, 219, 195
1571, 464,  60, 215,  59
1572, 445, 462, 469,  64
1573, 430,   1, 431,  72
1574, 463, 235, 234, 214
1575, 100, 559, 555, 554
1576, 462, 214, 463, 213
1577,  58, 462, 445, 190
1578, 464, 216, 215,  60
1579, 430, 196, 431,   1
1580, 445,  64, 464,   6
1581, 431,  61, 217, 527
1582,  64, 464,   6,  63
1583, 489, 520, 490, 254
1584, 545, 279, 278, 258
1585, 206, 185,  50, 205
1586, 212,  57,  56, 191
1587, 442, 371, 372, 392
1588, 437, 360, 359, 339
1589, 198, 486, 199,  44
1590, 462,  57, 190,  58
1591, 460, 462,   7,  65
1592, 464,  59, 192, 193
1593, 475, 297, 531, 105
1594, 515, 125, 135, 134
1595, 490,  85,  75,  76
1596, 466, 467,  32, 168
1597, 445,   6, 192, 190
1598, 204,  48, 183,  49
1599, 538, 109, 108,  99
1600, 466, 167, 449, 156
1601,   7, 462, 190,  64
1602, 472, 459, 186,  68
1603, 462,  65,  64,   7
1604, 449, 402, 422, 401
1605, 460, 461,  65,  66
1606, 501, 108, 107,  98
1607, 286, 559, 266, 265
1608, 548, 249, 270, 269
1609,  54, 209, 456,  53
1610, 457, 232, 231, 211
1611, 141, 505, 556, 151
1612, 539, 559, 540, 266
1613, 554, 264, 243, 244
1614, 458,  54, 188,  55
1615, 185, 472, 206, 187
1616, 438, 204, 203,  48
1617, 550, 455, 282, 262
1618, 487,  72, 433,  82
1619, 472,  69, 439,  68
1620,  69,  11, 472, 438
1621, 298, 531, 473, 299
1622, 464,  59, 193,  60
1623, 431,   5,   1, 194
1624, 489, 234, 255, 254
1625, 527,  60, 193,  61
1626, 488, 202, 436, 201
1627, 430, 432, 218, 219
1628, 530, 114, 491, 113
1629, 432, 481, 433,  82
1630,  92, 479, 481, 551
1631, 205, 185,  49, 183
1632, 438, 435, 203, 204
1633, 430,  71,   1,  72
1634, 431,  72,   1,   5
1635, 503, 504, 162,   2
1636, 557, 360, 437, 125
1637, 151, 510, 493, 160
1638, 434,  47, 202,  46
1639, 456,  67, 457,  66
1640, 465, 236, 215, 216
1641, 434,  47, 438, 203
1642, 439, 227, 226, 206
1643, 435,  70,  80,  79
1644, 472, 187, 185,  10
1645, 452,  42, 410,  41
1646, 481, 479, 261, 551
1647, 435, 225, 224, 204
1648, 436, 222, 202, 223
1649, 438, 435, 439,  69
1650, 540, 100,  99,  90
1651, 434, 184, 438,  47
1652, 438,  48,  47, 184
1653, 208, 207, 186,  52
1654, 488, 486,  70,  12
1655, 451, 388, 505, 556
1656, 431, 217, 506, 527
1657, 505, 142, 141, 565
1658, 472,  11,  68,  10
1659,  14, 180, 153,   2
1660, 510, 391, 493, 412
1661, 536, 300, 299, 279
1662, 442, 441, 149, 493
1663, 465,  74,  73,  64
1664, 528, 529, 343, 344
1665, 488, 181,  46,  45
1666,  13, 181,  12, 486
1667, 182, 181, 488,  12
1668, 489, 235, 256, 255
1669, 454, 323, 302, 303
1670, 567, 101, 102, 111
1671, 196, 430, 219, 195
1672, 434,  46, 182,  47
1673, 434,  70,  69,  12
1674, 502, 246, 540, 245
1675,  24,  23, 428, 180
1676, 456,   9,  67,  66
1677, 511, 447, 427, 426
1678, 519, 235, 469, 236
1679, 196,  62, 218, 431
1680, 193,   5,   6,  63
1681, 445, 469, 214, 215
1682, 512, 406, 407, 427
1683, 452,  42, 409, 410
1684, 523, 555, 265, 285
1685, 518, 545, 519,  84
1686, 409, 503, 505, 429
1687, 489, 518, 519,  85
1688,  64, 462, 190, 445
1689, 460, 191, 189,   7
1690, 463, 469,  64,  74
1691, 463, 519, 469,  74
1692, 519, 235, 236, 256
1693, 557, 126, 135, 125
1694, 462,  57, 191, 190
1695, 505, 429, 388, 409
1696, 460,   8,  66,  65
1697,   2, 180, 153, 162
1698, 151, 451, 564, 493
1699, 503, 505, 162, 504
1700, 503, 178,   2, 180
1701,  55, 460, 458, 211
1702, 493, 151, 150, 564
1703, 456,  67,   9, 186
1704, 460, 212, 211,  56
1705, 461, 232, 211, 212
1706, 464,   6,  63, 193
1707, 558, 135, 145, 144
1708, 441, 510, 412, 175
1709, 451, 452, 505, 409
1710, 461,  66,  76,  75
1711, 460,   7,   8,  65
1712, 464,   6, 193, 192
1713, 524, 347, 326, 327
1714, 489, 490, 233, 254
1715, 472, 439, 459,  68
1716, 462, 463, 214, 469
1717, 458, 188, 189,  55
1718, 459, 186,  68,  67
1719, 457, 461,  76, 232
1720, 526, 259, 258, 238
1721, 160, 151, 150, 493
1722, 498,  77,  87,  86
1723, 431, 432, 506, 218
1724, 160,  21, 510, 441
1725, 464, 465, 216, 527
1726, 176,  41, 410, 411
1727, 564, 369, 370, 390
1728, 496, 373, 372, 352
1729, 178, 429, 428, 512
1730, 514,  35, 171, 172
1731,  68,  10,  67, 186
1732, 490, 254, 253, 233
1733, 174, 173, 440, 414
1734, 413, 442, 493, 441
1735,   8, 188,  66,   9
1736, 457,  67,  77,  76
1737, 413, 173, 175,  38
1738, 442, 392, 492, 371
1739, 484, 353, 374, 373
1740,  10,  67, 186,   9
1741, 493, 451, 564, 390
1742, 566, 374, 395, 394
1743, 472,  10,  68, 186
1744, 440, 514, 416, 494
1745, 438,  48, 184, 183
1746, 440, 494, 159, 158
1747, 542, 376, 377, 397
1748, 438, 205, 204, 183
1749, 468, 398, 419, 418
1750, 418, 471, 171, 170
1751, 514, 417, 171,  34
1752, 566, 375, 396, 395
1753, 445, 464,  64, 465
1754, 440, 441,  20, 159
1755, 508, 496, 351, 352
1756, 471, 171, 157, 158
1757, 505, 387, 367, 408
1758, 467, 157, 170,  18
1759, 434,  12,  69,  11
1760, 499, 333, 332, 312
1761, 475, 520,  96,  95
1762, 503, 504,   2, 179
1763, 474, 105, 475, 106
1764, 472,  69,  68,  11
1765, 557, 136, 562, 135
1766, 439,  78,  68,  69
1767, 466, 168, 169,  17
1768, 543, 517, 378, 377
1769, 486,  45,  44, 181
1770, 466, 156, 468, 157
1771, 543, 147, 146, 137
1772, 466,  31, 169, 168
1773, 421,  31,  30, 169
1774, 422,  29, 167,  30
1775,  12, 486,  70,  13
1776, 435, 202, 203, 223
1777, 435, 470,  79,  80
1778, 167,  16, 165, 155
1779, 179, 504,   2, 177
1780, 466, 157,  18,  17
1781, 468, 147, 157, 156
1782, 509, 563, 383, 134
1783, 504, 162,   2,  22
1784, 496, 372, 371, 351
1785, 428, 180, 178, 512
1786, 436,  71,  80,  70
1787, 530, 342, 341, 321
1788, 509, 405, 404, 384
1789, 496, 372, 351, 352
1790, 486,  45, 201, 200
1791, 486,  44, 198, 181
1792, 442, 495, 394, 373
1793, 515, 135, 558, 134
1794, 452, 161, 504,  22
1795, 436, 561, 535,  81
1796, 432,  73,  82,  63
1797, 465, 526,  74, 469
1798, 509, 134, 558, 144
1799, 480, 239, 481, 260
1800, 480,  92,  82,  73
1801, 519,  84,  74,  75
1802, 549, 515, 125, 360
1803, 469, 215, 235, 214
1804, 515, 563, 124, 134
1805, 476, 336, 335, 315
1806, 446, 513, 447, 154
1807, 479,  93, 102,  83
1808, 531,  95, 104,  94
1809, 450, 424,  27,  28
1810, 504, 162,  22, 161
1811, 105, 297, 473, 474
1812, 511, 427,  24,  25
1813, 457,  76,  66,  67
1814, 529, 365, 364, 344
1815, 446,  15, 166, 164
1816, 501,  98, 107,  97
1817, 154, 153, 163, 513
1818, 509, 552, 143, 406
1819, 457, 211, 461, 232
1820, 459,  77,  68,  78
1821, 206,  50, 187,  51
1822, 490,  85,  76,  86
1823, 513,  26,  25, 163
1824, 473, 115, 114, 105
1825, 498,  76,  77,  86
1826, 153, 447, 513, 154
1827, 546,  78,  87,  77
1828, 547,  98,  97,  88
1829, 548, 248, 268, 247
1830, 439,  78,  69,  79
1831, 487, 433, 220, 481
1832, 558, 383, 403, 382
1833, 536, 103,  94, 104
1834, 550,  91,  92, 101
1835, 492, 493, 150, 564
1836, 530, 104, 113, 103
1837, 431,  72,   5,  63
1838, 483, 333, 353, 332
1839, 470, 224, 245, 244
1840, 475, 520, 275, 274
1841, 487, 242, 551, 241
1842, 440, 174, 172,  20
1843, 418,  33, 170, 171
1844, 442, 495, 494, 394
1845, 550, 551, 262, 282
1846, 371, 442, 496, 492
1847, 167,  17,  16, 156
1848,  63, 465, 464, 527
1849, 432, 506, 239, 480
1850, 436, 535, 470,  80
1851, 167,  16, 155, 156
1852, 205, 204, 183,  49
1853, 155, 165, 449, 450
1854,  15, 446, 513, 164
1855, 558, 144, 134, 135
1856, 562, 449, 145, 146
1857, 446, 155,  15, 154
1858, 431, 432,  63, 506
1859, 566, 494, 148, 495
1860, 461, 233, 232, 212
1861, 511, 180, 153,  14
1862, 163,  14, 153, 154
1863, 163,  14, 154,  15
1864, 526,  83,  74,  84
1865, 460, 213, 212, 191
1866, 414,  37, 173,  38
1867, 474, 317, 296, 297
1868, 518,  94,  84,  85
1869, 442, 372, 373, 393
1870, 463, 519, 235, 469
1871, 484, 496, 139, 129
1872, 471, 396, 417, 416
1873, 523, 110, 100, 101
1874, 458, 211, 210,  55
1875, 492, 139, 140, 149
1876, 452,  41, 410, 176
1877, 442, 493, 492, 392
1878, 505, 552, 142, 387
1879, 472, 207, 206, 187
1880, 452, 177,  22, 504
1881, 492, 564, 370, 391
1882, 543, 399, 398, 378
1883, 440, 158, 159,  19
1884, 471, 157, 147, 148
1885, 456, 457, 209, 210
1886, 541,  79,  88,  78
1887, 208,  52, 186, 197
1888, 546,  87,  78,  88
1889, 434, 488, 436,  70
1890, 439, 226, 225, 205
1891, 478, 349, 370, 369
1892, 540, 267, 266, 246
1893, 535,  90,  81,  91
1894, 263, 550, 262, 567
1895, 441, 160,  21,  20
1896, 541,  88,  79,  89
1897, 548,  88,  89,  98
1898, 472, 439, 205, 206
1899, 478, 348, 349, 369
1900, 470, 540, 244, 245
1901, 484, 373, 496, 352
1902, 171,  19,  18, 158
1903, 542, 355, 517, 356
1904, 561,  91, 535,  81
1905, 463, 489, 461, 233
1906, 457, 210, 458, 211
1907, 494, 495, 149, 148
1908, 494, 158, 149, 159
1909, 483, 335, 356, 355
1910, 436, 535, 561, 222
1911, 479, 480,  83,  92
1912, 550, 101,  92, 102
1913, 523, 559, 555, 100
1914, 476, 117, 497, 116
1915, 566, 471, 494, 395
1916, 435,  79, 502, 439
1917, 149, 139, 495, 442
1918, 446, 155, 450,  16
1919, 489, 233, 234, 254
1920, 546,  78, 541,  88
1921, 442, 372, 393, 392
1922, 446,  16,  15, 155
1923, 479, 260, 281, 280
1924, 482, 102,  93, 112
1925, 466, 156, 157,  17
1926, 516,  97, 106,  96
1927, 450, 422, 423, 165
1928, 545,  94,  93,  84
1929, 536, 299, 531, 278
1930, 547, 272, 271, 251
1931, 448, 404, 425, 424
1932, 448, 145, 155, 154
1933, 565, 387, 505, 142
1934, 518,  94,  85,  95
1935, 565, 505, 556, 141
1936, 530, 113, 104, 114
1937, 474, 106, 115, 105
1938, 547,  88,  97,  87
1939, 463,  65,  75,  74
1940, 520,  95,  86,  96
1941, 460,  56, 189, 191
1942, 532,  87,  96,  86
1943, 556, 368, 389, 388
1944, 447, 144, 153, 143
1945, 556, 368, 533, 369
1946, 532,  96,  87,  97
1947, 546, 251, 250, 230
1948, 493, 412, 391, 392
1949, 564, 141, 151, 150
1950, 459, 228, 207, 208
1951, 435, 439,  69,  79
1952, 534, 477, 507, 130
1953, 444, 112, 121, 111
1954, 463,  65,  74,  64
1955, 463,  65, 461,  75
1956, 451, 505, 388, 409
1957, 539, 559, 266, 287
1958, 538, 108,  98,  99
1959, 522, 306, 327, 326
1960, 556, 564, 390, 369
1961, 470,  80,  89,  79
1962, 548,  98,  89,  99
1963, 505, 512, 162, 152
1964, 539, 288, 560, 287
1965, 463, 214, 469, 235
1966, 562, 145, 135, 136
1967, 451, 410, 390, 411
1968, 512, 407, 408, 428
1969, 453, 455, 567, 283
1970, 492, 391, 371, 392
1971, 432, 480,  82,  73
1972, 544, 396, 375, 376
1973, 482,  93, 103, 112
1974, 483, 485, 355, 127
1975, 536,  94, 103,  93
1976, 512, 427, 428, 180
1977, 171, 170, 157,  18
1978, 474, 316, 295, 296
1979, 518, 531,  95, 276
1980, 529, 113, 132, 122
1981, 505, 152, 161, 151
1982, 463, 489, 519,  75
1983, 474, 296, 475, 297
1984, 473, 320, 340, 319
1985, 453, 444, 111, 112
1986, 448, 449, 145, 402
1987, 549, 515, 124, 125
1988, 450, 166,  28,  27
1989, 475, 276, 296, 275
1990, 509, 558, 134, 383
1991, 449, 156, 155, 146
1992, 505, 552, 512, 152
1993, 473, 104, 105, 114
1994, 511, 512, 180, 427
1995, 512, 429, 428, 408
1996, 449, 146, 155, 145
1997, 474, 316, 315, 295
1998, 563, 133, 123, 124
1999, 394, 442, 414, 494
2000, 512, 152, 143, 162
2001, 552, 553, 386, 385
2002, 468, 398, 399, 419
2003, 497, 437, 337, 116
2004, 431, 506,  63, 527
2005, 549, 114, 115, 124
2006, 552, 512, 143, 406
2007, 500, 108, 109, 118
2008, 483, 499, 118, 117
2009, 503, 178, 179,   2
2010, 422, 421,  30, 167
2011, 439, 206, 226, 205
2012, 539, 267, 287, 266
2013, 512, 162, 143, 153
2014, 435, 439, 225, 204
2015, 509, 406, 447, 405
2016, 502, 247, 246, 226
2017,   3, 429, 178, 179
2018, 478, 564, 507, 140
2019, 478, 140, 131, 141
2020, 540, 265, 244, 245
2021,  23, 428, 180, 178
2022, 505, 162, 504, 161
2023, 554, 561, 243, 264
2024, 507, 129, 130, 139
2025, 440, 159,  20,  19
2026, 521, 305, 326, 325
2027, 453, 567, 284, 283
2028, 496, 129, 507, 139
2029, 487, 433, 481,  82
2030, 517, 127, 356, 355
2031, 534, 129, 119, 120
2032, 497, 337, 358, 357
2033, 528, 122, 112, 103
2034, 522, 525, 327, 306
2035, 530, 104, 473, 114
2036, 474, 437, 337, 338
2037, 308, 534, 477, 329
2038, 509, 143, 134, 144
*Nset, nset=Set-1, generate
   1,  567,    1
*Elset, elset=Set-1, generate
    1,  2038,     1
*Elset, elset=Set-1
1
** Section: Section-1
*Solid Section, elset=Set-1, material=MAT_1
,
*Elset, elset=Set-2
2
** Section: Section-2
*Solid Section, elset=Set-2, material=MAT_2
,
*Elset, elset=Set-3
3
** Section: Section-3
*Solid Section, elset=Set-3, material=MAT_3
,
*Elset, elset=Set-4
4
** Section: Section-4
*Solid Section, elset=Set-4, material=MAT_4
,
*Elset, elset=Set-5
5
** Section: Section-5
*Solid Section, elset=Set-5, material=MAT_5
,
*Elset, elset=Set-6
6
** Section: Section-6
*Solid Section, elset=Set-6, material=MAT_6
,
*Elset, elset=Set-7
7
** Section: Section-7
*Solid Section, elset=Set-7, material=MAT_7
,
*Elset, elset=Set-8
8
** Section: Section-8
*Solid Section, elset=Set-8, material=MAT_8
,
*Elset, elset=Set-9
9
** Section: Section-9
*Solid Section, elset=Set-9, material=MAT_9
,
*Elset, elset=Set-10
10
** Section: Section-10
*Solid Section, elset=Set-10, material=MAT_10
,
*Elset, elset=Set-11
11
** Section: Section-11
*Solid Section, elset=Set-11, material=MAT_11
,
*Elset, elset=Set-12
12
** Section: Section-12
*Solid Section, elset=Set-12, material=MAT_12
,
*Elset, elset=Set-13
13
** Section: Section-13
*Solid Section, elset=Set-13, material=MAT_13
,
*Elset, elset=Set-14
14
** Section: Section-14
*Solid Section, elset=Set-14, material=MAT_14
,
*Elset, elset=Set-15
15
** Section: Section-15
*Solid Section, elset=Set-15, material=MAT_15
,
*Elset, elset=Set-16
16
** Section: Section-16
*Solid Section, elset=Set-16, material=MAT_16
,
*Elset, elset=Set-17
17
** Section: Section-17
*Solid Section, elset=Set-17, material=MAT_17
,
*Elset, elset=Set-18
18
** Section: Section-18
*Solid Section, elset=Set-18, material=MAT_18
,
*Elset, elset=Set-19
19
** Section: Section-19
*Solid Section, elset=Set-19, material=MAT_19
,
*Elset, elset=Set-20
20
** Section: Section-20
*Solid Section, elset=Set-20, material=MAT_20
,
*Elset, elset=Set-21
21
** Section: Section-21
*Solid Section, elset=Set-21, material=MAT_21
,
*Elset, elset=Set-22
22
** Section: Section-22
*Solid Section, elset=Set-22, material=MAT_22
,
*Elset, elset=Set-23
23
** Section: Section-23
*Solid Section, elset=Set-23, material=MAT_23
,
*Elset, elset=Set-24
24
** Section: Section-24
*Solid Section, elset=Set-24, material=MAT_24
,
*Elset, elset=Set-25
25
** Section: Section-25
*Solid Section, elset=Set-25, material=MAT_25
,
*Elset, elset=Set-26
26
** Section: Section-26
*Solid Section, elset=Set-26, material=MAT_26
,
*Elset, elset=Set-27
27
** Section: Section-27
*Solid Section, elset=Set-27, material=MAT_27
,
*Elset, elset=Set-28
28
** Section: Section-28
*Solid Section, elset=Set-28, material=MAT_28
,
*Elset, elset=Set-29
29
** Section: Section-29
*Solid Section, elset=Set-29, material=MAT_29
,
*Elset, elset=Set-30
30
** Section: Section-30
*Solid Section, elset=Set-30, material=MAT_30
,
*Elset, elset=Set-31
31
** Section: Section-31
*Solid Section, elset=Set-31, material=MAT_31
,
*Elset, elset=Set-32
32
** Section: Section-32
*Solid Section, elset=Set-32, material=MAT_32
,
*Elset, elset=Set-33
33
** Section: Section-33
*Solid Section, elset=Set-33, material=MAT_33
,
*Elset, elset=Set-34
34
** Section: Section-34
*Solid Section, elset=Set-34, material=MAT_34
,
*Elset, elset=Set-35
35
** Section: Section-35
*Solid Section, elset=Set-35, material=MAT_35
,
*Elset, elset=Set-36
36
** Section: Section-36
*Solid Section, elset=Set-36, material=MAT_36
,
*Elset, elset=Set-37
37
** Section: Section-37
*Solid Section, elset=Set-37, material=MAT_37
,
*Elset, elset=Set-38
38
** Section: Section-38
*Solid Section, elset=Set-38, material=MAT_38
,
*Elset, elset=Set-39
39
** Section: Section-39
*Solid Section, elset=Set-39, material=MAT_39
,
*Elset, elset=Set-40
40
** Section: Section-40
*Solid Section, elset=Set-40, material=MAT_40
,
*Elset, elset=Set-41
41
** Section: Section-41
*Solid Section, elset=Set-41, material=MAT_41
,
*Elset, elset=Set-42
42
** Section: Section-42
*Solid Section, elset=Set-42, material=MAT_42
,
*Elset, elset=Set-43
43
** Section: Section-43
*Solid Section, elset=Set-43, material=MAT_43
,
*Elset, elset=Set-44
44
** Section: Section-44
*Solid Section, elset=Set-44, material=MAT_44
,
*Elset, elset=Set-45
45
** Section: Section-45
*Solid Section, elset=Set-45, material=MAT_45
,
*Elset, elset=Set-46
46
** Section: Section-46
*Solid Section, elset=Set-46, material=MAT_46
,
*Elset, elset=Set-47
47
** Section: Section-47
*Solid Section, elset=Set-47, material=MAT_47
,
*Elset, elset=Set-48
48
** Section: Section-48
*Solid Section, elset=Set-48, material=MAT_48
,
*Elset, elset=Set-49
49
** Section: Section-49
*Solid Section, elset=Set-49, material=MAT_49
,
*Elset, elset=Set-50
50
** Section: Section-50
*Solid Section, elset=Set-50, material=MAT_50
,
*Elset, elset=Set-51
51
** Section: Section-51
*Solid Section, elset=Set-51, material=MAT_51
,
*Elset, elset=Set-52
52
** Section: Section-52
*Solid Section, elset=Set-52, material=MAT_52
,
*Elset, elset=Set-53
53
** Section: Section-53
*Solid Section, elset=Set-53, material=MAT_53
,
*Elset, elset=Set-54
54
** Section: Section-54
*Solid Section, elset=Set-54, material=MAT_54
,
*Elset, elset=Set-55
55
** Section: Section-55
*Solid Section, elset=Set-55, material=MAT_55
,
*Elset, elset=Set-56
56
** Section: Section-56
*Solid Section, elset=Set-56, material=MAT_56
,
*Elset, elset=Set-57
57
** Section: Section-57
*Solid Section, elset=Set-57, material=MAT_57
,
*Elset, elset=Set-58
58
** Section: Section-58
*Solid Section, elset=Set-58, material=MAT_58
,
*Elset, elset=Set-59
59
** Section: Section-59
*Solid Section, elset=Set-59, material=MAT_59
,
*Elset, elset=Set-60
60
** Section: Section-60
*Solid Section, elset=Set-60, material=MAT_60
,
*Elset, elset=Set-61
61
** Section: Section-61
*Solid Section, elset=Set-61, material=MAT_61
,
*Elset, elset=Set-62
62
** Section: Section-62
*Solid Section, elset=Set-62, material=MAT_62
,
*Elset, elset=Set-63
63
** Section: Section-63
*Solid Section, elset=Set-63, material=MAT_63
,
*Elset, elset=Set-64
64
** Section: Section-64
*Solid Section, elset=Set-64, material=MAT_64
,
*Elset, elset=Set-65
65
** Section: Section-65
*Solid Section, elset=Set-65, material=MAT_65
,
*Elset, elset=Set-66
66
** Section: Section-66
*Solid Section, elset=Set-66, material=MAT_66
,
*Elset, elset=Set-67
67
** Section: Section-67
*Solid Section, elset=Set-67, material=MAT_67
,
*Elset, elset=Set-68
68
** Section: Section-68
*Solid Section, elset=Set-68, material=MAT_68
,
*Elset, elset=Set-69
69
** Section: Section-69
*Solid Section, elset=Set-69, material=MAT_69
,
*Elset, elset=Set-70
70
** Section: Section-70
*Solid Section, elset=Set-70, material=MAT_70
,
*Elset, elset=Set-71
71
** Section: Section-71
*Solid Section, elset=Set-71, material=MAT_71
,
*Elset, elset=Set-72
72
** Section: Section-72
*Solid Section, elset=Set-72, material=MAT_72
,
*Elset, elset=Set-73
73
** Section: Section-73
*Solid Section, elset=Set-73, material=MAT_73
,
*Elset, elset=Set-74
74
** Section: Section-74
*Solid Section, elset=Set-74, material=MAT_74
,
*Elset, elset=Set-75
75
** Section: Section-75
*Solid Section, elset=Set-75, material=MAT_75
,
*Elset, elset=Set-76
76
** Section: Section-76
*Solid Section, elset=Set-76, material=MAT_76
,
*Elset, elset=Set-77
77
** Section: Section-77
*Solid Section, elset=Set-77, material=MAT_77
,
*Elset, elset=Set-78
78
** Section: Section-78
*Solid Section, elset=Set-78, material=MAT_78
,
*Elset, elset=Set-79
79
** Section: Section-79
*Solid Section, elset=Set-79, material=MAT_79
,
*Elset, elset=Set-80
80
** Section: Section-80
*Solid Section, elset=Set-80, material=MAT_80
,
*Elset, elset=Set-81
81
** Section: Section-81
*Solid Section, elset=Set-81, material=MAT_81
,
*Elset, elset=Set-82
82
** Section: Section-82
*Solid Section, elset=Set-82, material=MAT_82
,
*Elset, elset=Set-83
83
** Section: Section-83
*Solid Section, elset=Set-83, material=MAT_83
,
*Elset, elset=Set-84
84
** Section: Section-84
*Solid Section, elset=Set-84, material=MAT_84
,
*Elset, elset=Set-85
85
** Section: Section-85
*Solid Section, elset=Set-85, material=MAT_85
,
*Elset, elset=Set-86
86
** Section: Section-86
*Solid Section, elset=Set-86, material=MAT_86
,
*Elset, elset=Set-87
87
** Section: Section-87
*Solid Section, elset=Set-87, material=MAT_87
,
*Elset, elset=Set-88
88
** Section: Section-88
*Solid Section, elset=Set-88, material=MAT_88
,
*Elset, elset=Set-89
89
** Section: Section-89
*Solid Section, elset=Set-89, material=MAT_89
,
*Elset, elset=Set-90
90
** Section: Section-90
*Solid Section, elset=Set-90, material=MAT_90
,
*Elset, elset=Set-91
91
** Section: Section-91
*Solid Section, elset=Set-91, material=MAT_91
,
*Elset, elset=Set-92
92
** Section: Section-92
*Solid Section, elset=Set-92, material=MAT_92
,
*Elset, elset=Set-93
93
** Section: Section-93
*Solid Section, elset=Set-93, material=MAT_93
,
*Elset, elset=Set-94
94
** Section: Section-94
*Solid Section, elset=Set-94, material=MAT_94
,
*Elset, elset=Set-95
95
** Section: Section-95
*Solid Section, elset=Set-95, material=MAT_95
,
*Elset, elset=Set-96
96
** Section: Section-96
*Solid Section, elset=Set-96, material=MAT_96
,
*Elset, elset=Set-97
97
** Section: Section-97
*Solid Section, elset=Set-97, material=MAT_97
,
*Elset, elset=Set-98
98
** Section: Section-98
*Solid Section, elset=Set-98, material=MAT_98
,
*Elset, elset=Set-99
99
** Section: Section-99
*Solid Section, elset=Set-99, material=MAT_99
,
*Elset, elset=Set-100
100
** Section: Section-100
*Solid Section, elset=Set-100, material=MAT_100
,
*Elset, elset=Set-101
101
** Section: Section-101
*Solid Section, elset=Set-101, material=MAT_101
,
*Elset, elset=Set-102
102
** Section: Section-102
*Solid Section, elset=Set-102, material=MAT_102
,
*Elset, elset=Set-103
103
** Section: Section-103
*Solid Section, elset=Set-103, material=MAT_103
,
*Elset, elset=Set-104
104
** Section: Section-104
*Solid Section, elset=Set-104, material=MAT_104
,
*Elset, elset=Set-105
105
** Section: Section-105
*Solid Section, elset=Set-105, material=MAT_105
,
*Elset, elset=Set-106
106
** Section: Section-106
*Solid Section, elset=Set-106, material=MAT_106
,
*Elset, elset=Set-107
107
** Section: Section-107
*Solid Section, elset=Set-107, material=MAT_107
,
*Elset, elset=Set-108
108
** Section: Section-108
*Solid Section, elset=Set-108, material=MAT_108
,
*Elset, elset=Set-109
109
** Section: Section-109
*Solid Section, elset=Set-109, material=MAT_109
,
*Elset, elset=Set-110
110
** Section: Section-110
*Solid Section, elset=Set-110, material=MAT_110
,
*Elset, elset=Set-111
111
** Section: Section-111
*Solid Section, elset=Set-111, material=MAT_111
,
*Elset, elset=Set-112
112
** Section: Section-112
*Solid Section, elset=Set-112, material=MAT_112
,
*Elset, elset=Set-113
113
** Section: Section-113
*Solid Section, elset=Set-113, material=MAT_113
,
*Elset, elset=Set-114
114
** Section: Section-114
*Solid Section, elset=Set-114, material=MAT_114
,
*Elset, elset=Set-115
115
** Section: Section-115
*Solid Section, elset=Set-115, material=MAT_115
,
*Elset, elset=Set-116
116
** Section: Section-116
*Solid Section, elset=Set-116, material=MAT_116
,
*Elset, elset=Set-117
117
** Section: Section-117
*Solid Section, elset=Set-117, material=MAT_117
,
*Elset, elset=Set-118
118
** Section: Section-118
*Solid Section, elset=Set-118, material=MAT_118
,
*Elset, elset=Set-119
119
** Section: Section-119
*Solid Section, elset=Set-119, material=MAT_119
,
*Elset, elset=Set-120
120
** Section: Section-120
*Solid Section, elset=Set-120, material=MAT_120
,
*Elset, elset=Set-121
121
** Section: Section-121
*Solid Section, elset=Set-121, material=MAT_121
,
*Elset, elset=Set-122
122
** Section: Section-122
*Solid Section, elset=Set-122, material=MAT_122
,
*Elset, elset=Set-123
123
** Section: Section-123
*Solid Section, elset=Set-123, material=MAT_123
,
*Elset, elset=Set-124
124
** Section: Section-124
*Solid Section, elset=Set-124, material=MAT_124
,
*Elset, elset=Set-125
125
** Section: Section-125
*Solid Section, elset=Set-125, material=MAT_125
,
*Elset, elset=Set-126
126
** Section: Section-126
*Solid Section, elset=Set-126, material=MAT_126
,
*Elset, elset=Set-127
127
** Section: Section-127
*Solid Section, elset=Set-127, material=MAT_127
,
*Elset, elset=Set-128
128
** Section: Section-128
*Solid Section, elset=Set-128, material=MAT_128
,
*Elset, elset=Set-129
129
** Section: Section-129
*Solid Section, elset=Set-129, material=MAT_129
,
*Elset, elset=Set-130
130
** Section: Section-130
*Solid Section, elset=Set-130, material=MAT_130
,
*Elset, elset=Set-131
131
** Section: Section-131
*Solid Section, elset=Set-131, material=MAT_131
,
*Elset, elset=Set-132
132
** Section: Section-132
*Solid Section, elset=Set-132, material=MAT_132
,
*Elset, elset=Set-133
133
** Section: Section-133
*Solid Section, elset=Set-133, material=MAT_133
,
*Elset, elset=Set-134
134
** Section: Section-134
*Solid Section, elset=Set-134, material=MAT_134
,
*Elset, elset=Set-135
135
** Section: Section-135
*Solid Section, elset=Set-135, material=MAT_135
,
*Elset, elset=Set-136
136
** Section: Section-136
*Solid Section, elset=Set-136, material=MAT_136
,
*Elset, elset=Set-137
137
** Section: Section-137
*Solid Section, elset=Set-137, material=MAT_137
,
*Elset, elset=Set-138
138
** Section: Section-138
*Solid Section, elset=Set-138, material=MAT_138
,
*Elset, elset=Set-139
139
** Section: Section-139
*Solid Section, elset=Set-139, material=MAT_139
,
*Elset, elset=Set-140
140
** Section: Section-140
*Solid Section, elset=Set-140, material=MAT_140
,
*Elset, elset=Set-141
141
** Section: Section-141
*Solid Section, elset=Set-141, material=MAT_141
,
*Elset, elset=Set-142
142
** Section: Section-142
*Solid Section, elset=Set-142, material=MAT_142
,
*Elset, elset=Set-143
143
** Section: Section-143
*Solid Section, elset=Set-143, material=MAT_143
,
*Elset, elset=Set-144
144
** Section: Section-144
*Solid Section, elset=Set-144, material=MAT_144
,
*Elset, elset=Set-145
145
** Section: Section-145
*Solid Section, elset=Set-145, material=MAT_145
,
*Elset, elset=Set-146
146
** Section: Section-146
*Solid Section, elset=Set-146, material=MAT_146
,
*Elset, elset=Set-147
147
** Section: Section-147
*Solid Section, elset=Set-147, material=MAT_147
,
*Elset, elset=Set-148
148
** Section: Section-148
*Solid Section, elset=Set-148, material=MAT_148
,
*Elset, elset=Set-149
149
** Section: Section-149
*Solid Section, elset=Set-149, material=MAT_149
,
*Elset, elset=Set-150
150
** Section: Section-150
*Solid Section, elset=Set-150, material=MAT_150
,
*Elset, elset=Set-151
151
** Section: Section-151
*Solid Section, elset=Set-151, material=MAT_151
,
*Elset, elset=Set-152
152
** Section: Section-152
*Solid Section, elset=Set-152, material=MAT_152
,
*Elset, elset=Set-153
153
** Section: Section-153
*Solid Section, elset=Set-153, material=MAT_153
,
*Elset, elset=Set-154
154
** Section: Section-154
*Solid Section, elset=Set-154, material=MAT_154
,
*Elset, elset=Set-155
155
** Section: Section-155
*Solid Section, elset=Set-155, material=MAT_155
,
*Elset, elset=Set-156
156
** Section: Section-156
*Solid Section, elset=Set-156, material=MAT_156
,
*Elset, elset=Set-157
157
** Section: Section-157
*Solid Section, elset=Set-157, material=MAT_157
,
*Elset, elset=Set-158
158
** Section: Section-158
*Solid Section, elset=Set-158, material=MAT_158
,
*Elset, elset=Set-159
159
** Section: Section-159
*Solid Section, elset=Set-159, material=MAT_159
,
*Elset, elset=Set-160
160
** Section: Section-160
*Solid Section, elset=Set-160, material=MAT_160
,
*Elset, elset=Set-161
161
** Section: Section-161
*Solid Section, elset=Set-161, material=MAT_161
,
*Elset, elset=Set-162
162
** Section: Section-162
*Solid Section, elset=Set-162, material=MAT_162
,
*Elset, elset=Set-163
163
** Section: Section-163
*Solid Section, elset=Set-163, material=MAT_163
,
*Elset, elset=Set-164
164
** Section: Section-164
*Solid Section, elset=Set-164, material=MAT_164
,
*Elset, elset=Set-165
165
** Section: Section-165
*Solid Section, elset=Set-165, material=MAT_165
,
*Elset, elset=Set-166
166
** Section: Section-166
*Solid Section, elset=Set-166, material=MAT_166
,
*Elset, elset=Set-167
167
** Section: Section-167
*Solid Section, elset=Set-167, material=MAT_167
,
*Elset, elset=Set-168
168
** Section: Section-168
*Solid Section, elset=Set-168, material=MAT_168
,
*Elset, elset=Set-169
169
** Section: Section-169
*Solid Section, elset=Set-169, material=MAT_169
,
*Elset, elset=Set-170
170
** Section: Section-170
*Solid Section, elset=Set-170, material=MAT_170
,
*Elset, elset=Set-171
171
** Section: Section-171
*Solid Section, elset=Set-171, material=MAT_171
,
*Elset, elset=Set-172
172
** Section: Section-172
*Solid Section, elset=Set-172, material=MAT_172
,
*Elset, elset=Set-173
173
** Section: Section-173
*Solid Section, elset=Set-173, material=MAT_173
,
*Elset, elset=Set-174
174
** Section: Section-174
*Solid Section, elset=Set-174, material=MAT_174
,
*Elset, elset=Set-175
175
** Section: Section-175
*Solid Section, elset=Set-175, material=MAT_175
,
*Elset, elset=Set-176
176
** Section: Section-176
*Solid Section, elset=Set-176, material=MAT_176
,
*Elset, elset=Set-177
177
** Section: Section-177
*Solid Section, elset=Set-177, material=MAT_177
,
*Elset, elset=Set-178
178
** Section: Section-178
*Solid Section, elset=Set-178, material=MAT_178
,
*Elset, elset=Set-179
179
** Section: Section-179
*Solid Section, elset=Set-179, material=MAT_179
,
*Elset, elset=Set-180
180
** Section: Section-180
*Solid Section, elset=Set-180, material=MAT_180
,
*Elset, elset=Set-181
181
** Section: Section-181
*Solid Section, elset=Set-181, material=MAT_181
,
*Elset, elset=Set-182
182
** Section: Section-182
*Solid Section, elset=Set-182, material=MAT_182
,
*Elset, elset=Set-183
183
** Section: Section-183
*Solid Section, elset=Set-183, material=MAT_183
,
*Elset, elset=Set-184
184
** Section: Section-184
*Solid Section, elset=Set-184, material=MAT_184
,
*Elset, elset=Set-185
185
** Section: Section-185
*Solid Section, elset=Set-185, material=MAT_185
,
*Elset, elset=Set-186
186
** Section: Section-186
*Solid Section, elset=Set-186, material=MAT_186
,
*Elset, elset=Set-187
187
** Section: Section-187
*Solid Section, elset=Set-187, material=MAT_187
,
*Elset, elset=Set-188
188
** Section: Section-188
*Solid Section, elset=Set-188, material=MAT_188
,
*Elset, elset=Set-189
189
** Section: Section-189
*Solid Section, elset=Set-189, material=MAT_189
,
*Elset, elset=Set-190
190
** Section: Section-190
*Solid Section, elset=Set-190, material=MAT_190
,
*Elset, elset=Set-191
191
** Section: Section-191
*Solid Section, elset=Set-191, material=MAT_191
,
*Elset, elset=Set-192
192
** Section: Section-192
*Solid Section, elset=Set-192, material=MAT_192
,
*Elset, elset=Set-193
193
** Section: Section-193
*Solid Section, elset=Set-193, material=MAT_193
,
*Elset, elset=Set-194
194
** Section: Section-194
*Solid Section, elset=Set-194, material=MAT_194
,
*Elset, elset=Set-195
195
** Section: Section-195
*Solid Section, elset=Set-195, material=MAT_195
,
*Elset, elset=Set-196
196
** Section: Section-196
*Solid Section, elset=Set-196, material=MAT_196
,
*Elset, elset=Set-197
197
** Section: Section-197
*Solid Section, elset=Set-197, material=MAT_197
,
*Elset, elset=Set-198
198
** Section: Section-198
*Solid Section, elset=Set-198, material=MAT_198
,
*Elset, elset=Set-199
199
** Section: Section-199
*Solid Section, elset=Set-199, material=MAT_199
,
*Elset, elset=Set-200
200
** Section: Section-200
*Solid Section, elset=Set-200, material=MAT_200
,
*Elset, elset=Set-201
201
** Section: Section-201
*Solid Section, elset=Set-201, material=MAT_201
,
*Elset, elset=Set-202
202
** Section: Section-202
*Solid Section, elset=Set-202, material=MAT_202
,
*Elset, elset=Set-203
203
** Section: Section-203
*Solid Section, elset=Set-203, material=MAT_203
,
*Elset, elset=Set-204
204
** Section: Section-204
*Solid Section, elset=Set-204, material=MAT_204
,
*Elset, elset=Set-205
205
** Section: Section-205
*Solid Section, elset=Set-205, material=MAT_205
,
*Elset, elset=Set-206
206
** Section: Section-206
*Solid Section, elset=Set-206, material=MAT_206
,
*Elset, elset=Set-207
207
** Section: Section-207
*Solid Section, elset=Set-207, material=MAT_207
,
*Elset, elset=Set-208
208
** Section: Section-208
*Solid Section, elset=Set-208, material=MAT_208
,
*Elset, elset=Set-209
209
** Section: Section-209
*Solid Section, elset=Set-209, material=MAT_209
,
*Elset, elset=Set-210
210
** Section: Section-210
*Solid Section, elset=Set-210, material=MAT_210
,
*Elset, elset=Set-211
211
** Section: Section-211
*Solid Section, elset=Set-211, material=MAT_211
,
*Elset, elset=Set-212
212
** Section: Section-212
*Solid Section, elset=Set-212, material=MAT_212
,
*Elset, elset=Set-213
213
** Section: Section-213
*Solid Section, elset=Set-213, material=MAT_213
,
*Elset, elset=Set-214
214
** Section: Section-214
*Solid Section, elset=Set-214, material=MAT_214
,
*Elset, elset=Set-215
215
** Section: Section-215
*Solid Section, elset=Set-215, material=MAT_215
,
*Elset, elset=Set-216
216
** Section: Section-216
*Solid Section, elset=Set-216, material=MAT_216
,
*Elset, elset=Set-217
217
** Section: Section-217
*Solid Section, elset=Set-217, material=MAT_217
,
*Elset, elset=Set-218
218
** Section: Section-218
*Solid Section, elset=Set-218, material=MAT_218
,
*Elset, elset=Set-219
219
** Section: Section-219
*Solid Section, elset=Set-219, material=MAT_219
,
*Elset, elset=Set-220
220
** Section: Section-220
*Solid Section, elset=Set-220, material=MAT_220
,
*Elset, elset=Set-221
221
** Section: Section-221
*Solid Section, elset=Set-221, material=MAT_221
,
*Elset, elset=Set-222
222
** Section: Section-222
*Solid Section, elset=Set-222, material=MAT_222
,
*Elset, elset=Set-223
223
** Section: Section-223
*Solid Section, elset=Set-223, material=MAT_223
,
*Elset, elset=Set-224
224
** Section: Section-224
*Solid Section, elset=Set-224, material=MAT_224
,
*Elset, elset=Set-225
225
** Section: Section-225
*Solid Section, elset=Set-225, material=MAT_225
,
*Elset, elset=Set-226
226
** Section: Section-226
*Solid Section, elset=Set-226, material=MAT_226
,
*Elset, elset=Set-227
227
** Section: Section-227
*Solid Section, elset=Set-227, material=MAT_227
,
*Elset, elset=Set-228
228
** Section: Section-228
*Solid Section, elset=Set-228, material=MAT_228
,
*Elset, elset=Set-229
229
** Section: Section-229
*Solid Section, elset=Set-229, material=MAT_229
,
*Elset, elset=Set-230
230
** Section: Section-230
*Solid Section, elset=Set-230, material=MAT_230
,
*Elset, elset=Set-231
231
** Section: Section-231
*Solid Section, elset=Set-231, material=MAT_231
,
*Elset, elset=Set-232
232
** Section: Section-232
*Solid Section, elset=Set-232, material=MAT_232
,
*Elset, elset=Set-233
233
** Section: Section-233
*Solid Section, elset=Set-233, material=MAT_233
,
*Elset, elset=Set-234
234
** Section: Section-234
*Solid Section, elset=Set-234, material=MAT_234
,
*Elset, elset=Set-235
235
** Section: Section-235
*Solid Section, elset=Set-235, material=MAT_235
,
*Elset, elset=Set-236
236
** Section: Section-236
*Solid Section, elset=Set-236, material=MAT_236
,
*Elset, elset=Set-237
237
** Section: Section-237
*Solid Section, elset=Set-237, material=MAT_237
,
*Elset, elset=Set-238
238
** Section: Section-238
*Solid Section, elset=Set-238, material=MAT_238
,
*Elset, elset=Set-239
239
** Section: Section-239
*Solid Section, elset=Set-239, material=MAT_239
,
*Elset, elset=Set-240
240
** Section: Section-240
*Solid Section, elset=Set-240, material=MAT_240
,
*Elset, elset=Set-241
241
** Section: Section-241
*Solid Section, elset=Set-241, material=MAT_241
,
*Elset, elset=Set-242
242
** Section: Section-242
*Solid Section, elset=Set-242, material=MAT_242
,
*Elset, elset=Set-243
243
** Section: Section-243
*Solid Section, elset=Set-243, material=MAT_243
,
*Elset, elset=Set-244
244
** Section: Section-244
*Solid Section, elset=Set-244, material=MAT_244
,
*Elset, elset=Set-245
245
** Section: Section-245
*Solid Section, elset=Set-245, material=MAT_245
,
*Elset, elset=Set-246
246
** Section: Section-246
*Solid Section, elset=Set-246, material=MAT_246
,
*Elset, elset=Set-247
247
** Section: Section-247
*Solid Section, elset=Set-247, material=MAT_247
,
*Elset, elset=Set-248
248
** Section: Section-248
*Solid Section, elset=Set-248, material=MAT_248
,
*Elset, elset=Set-249
249
** Section: Section-249
*Solid Section, elset=Set-249, material=MAT_249
,
*Elset, elset=Set-250
250
** Section: Section-250
*Solid Section, elset=Set-250, material=MAT_250
,
*Elset, elset=Set-251
251
** Section: Section-251
*Solid Section, elset=Set-251, material=MAT_251
,
*Elset, elset=Set-252
252
** Section: Section-252
*Solid Section, elset=Set-252, material=MAT_252
,
*Elset, elset=Set-253
253
** Section: Section-253
*Solid Section, elset=Set-253, material=MAT_253
,
*Elset, elset=Set-254
254
** Section: Section-254
*Solid Section, elset=Set-254, material=MAT_254
,
*Elset, elset=Set-255
255
** Section: Section-255
*Solid Section, elset=Set-255, material=MAT_255
,
*Elset, elset=Set-256
256
** Section: Section-256
*Solid Section, elset=Set-256, material=MAT_256
,
*Elset, elset=Set-257
257
** Section: Section-257
*Solid Section, elset=Set-257, material=MAT_257
,
*Elset, elset=Set-258
258
** Section: Section-258
*Solid Section, elset=Set-258, material=MAT_258
,
*Elset, elset=Set-259
259
** Section: Section-259
*Solid Section, elset=Set-259, material=MAT_259
,
*Elset, elset=Set-260
260
** Section: Section-260
*Solid Section, elset=Set-260, material=MAT_260
,
*Elset, elset=Set-261
261
** Section: Section-261
*Solid Section, elset=Set-261, material=MAT_261
,
*Elset, elset=Set-262
262
** Section: Section-262
*Solid Section, elset=Set-262, material=MAT_262
,
*Elset, elset=Set-263
263
** Section: Section-263
*Solid Section, elset=Set-263, material=MAT_263
,
*Elset, elset=Set-264
264
** Section: Section-264
*Solid Section, elset=Set-264, material=MAT_264
,
*Elset, elset=Set-265
265
** Section: Section-265
*Solid Section, elset=Set-265, material=MAT_265
,
*Elset, elset=Set-266
266
** Section: Section-266
*Solid Section, elset=Set-266, material=MAT_266
,
*Elset, elset=Set-267
267
** Section: Section-267
*Solid Section, elset=Set-267, material=MAT_267
,
*Elset, elset=Set-268
268
** Section: Section-268
*Solid Section, elset=Set-268, material=MAT_268
,
*Elset, elset=Set-269
269
** Section: Section-269
*Solid Section, elset=Set-269, material=MAT_269
,
*Elset, elset=Set-270
270
** Section: Section-270
*Solid Section, elset=Set-270, material=MAT_270
,
*Elset, elset=Set-271
271
** Section: Section-271
*Solid Section, elset=Set-271, material=MAT_271
,
*Elset, elset=Set-272
272
** Section: Section-272
*Solid Section, elset=Set-272, material=MAT_272
,
*Elset, elset=Set-273
273
** Section: Section-273
*Solid Section, elset=Set-273, material=MAT_273
,
*Elset, elset=Set-274
274
** Section: Section-274
*Solid Section, elset=Set-274, material=MAT_274
,
*Elset, elset=Set-275
275
** Section: Section-275
*Solid Section, elset=Set-275, material=MAT_275
,
*Elset, elset=Set-276
276
** Section: Section-276
*Solid Section, elset=Set-276, material=MAT_276
,
*Elset, elset=Set-277
277
** Section: Section-277
*Solid Section, elset=Set-277, material=MAT_277
,
*Elset, elset=Set-278
278
** Section: Section-278
*Solid Section, elset=Set-278, material=MAT_278
,
*Elset, elset=Set-279
279
** Section: Section-279
*Solid Section, elset=Set-279, material=MAT_279
,
*Elset, elset=Set-280
280
** Section: Section-280
*Solid Section, elset=Set-280, material=MAT_280
,
*Elset, elset=Set-281
281
** Section: Section-281
*Solid Section, elset=Set-281, material=MAT_281
,
*Elset, elset=Set-282
282
** Section: Section-282
*Solid Section, elset=Set-282, material=MAT_282
,
*Elset, elset=Set-283
283
** Section: Section-283
*Solid Section, elset=Set-283, material=MAT_283
,
*Elset, elset=Set-284
284
** Section: Section-284
*Solid Section, elset=Set-284, material=MAT_284
,
*Elset, elset=Set-285
285
** Section: Section-285
*Solid Section, elset=Set-285, material=MAT_285
,
*Elset, elset=Set-286
286
** Section: Section-286
*Solid Section, elset=Set-286, material=MAT_286
,
*Elset, elset=Set-287
287
** Section: Section-287
*Solid Section, elset=Set-287, material=MAT_287
,
*Elset, elset=Set-288
288
** Section: Section-288
*Solid Section, elset=Set-288, material=MAT_288
,
*Elset, elset=Set-289
289
** Section: Section-289
*Solid Section, elset=Set-289, material=MAT_289
,
*Elset, elset=Set-290
290
** Section: Section-290
*Solid Section, elset=Set-290, material=MAT_290
,
*Elset, elset=Set-291
291
** Section: Section-291
*Solid Section, elset=Set-291, material=MAT_291
,
*Elset, elset=Set-292
292
** Section: Section-292
*Solid Section, elset=Set-292, material=MAT_292
,
*Elset, elset=Set-293
293
** Section: Section-293
*Solid Section, elset=Set-293, material=MAT_293
,
*Elset, elset=Set-294
294
** Section: Section-294
*Solid Section, elset=Set-294, material=MAT_294
,
*Elset, elset=Set-295
295
** Section: Section-295
*Solid Section, elset=Set-295, material=MAT_295
,
*Elset, elset=Set-296
296
** Section: Section-296
*Solid Section, elset=Set-296, material=MAT_296
,
*Elset, elset=Set-297
297
** Section: Section-297
*Solid Section, elset=Set-297, material=MAT_297
,
*Elset, elset=Set-298
298
** Section: Section-298
*Solid Section, elset=Set-298, material=MAT_298
,
*Elset, elset=Set-299
299
** Section: Section-299
*Solid Section, elset=Set-299, material=MAT_299
,
*Elset, elset=Set-300
300
** Section: Section-300
*Solid Section, elset=Set-300, material=MAT_300
,
*Elset, elset=Set-301
301
** Section: Section-301
*Solid Section, elset=Set-301, material=MAT_301
,
*Elset, elset=Set-302
302
** Section: Section-302
*Solid Section, elset=Set-302, material=MAT_302
,
*Elset, elset=Set-303
303
** Section: Section-303
*Solid Section, elset=Set-303, material=MAT_303
,
*Elset, elset=Set-304
304
** Section: Section-304
*Solid Section, elset=Set-304, material=MAT_304
,
*Elset, elset=Set-305
305
** Section: Section-305
*Solid Section, elset=Set-305, material=MAT_305
,
*Elset, elset=Set-306
306
** Section: Section-306
*Solid Section, elset=Set-306, material=MAT_306
,
*Elset, elset=Set-307
307
** Section: Section-307
*Solid Section, elset=Set-307, material=MAT_307
,
*Elset, elset=Set-308
308
** Section: Section-308
*Solid Section, elset=Set-308, material=MAT_308
,
*Elset, elset=Set-309
309
** Section: Section-309
*Solid Section, elset=Set-309, material=MAT_309
,
*Elset, elset=Set-310
310
** Section: Section-310
*Solid Section, elset=Set-310, material=MAT_310
,
*Elset, elset=Set-311
311
** Section: Section-311
*Solid Section, elset=Set-311, material=MAT_311
,
*Elset, elset=Set-312
312
** Section: Section-312
*Solid Section, elset=Set-312, material=MAT_312
,
*Elset, elset=Set-313
313
** Section: Section-313
*Solid Section, elset=Set-313, material=MAT_313
,
*Elset, elset=Set-314
314
** Section: Section-314
*Solid Section, elset=Set-314, material=MAT_314
,
*Elset, elset=Set-315
315
** Section: Section-315
*Solid Section, elset=Set-315, material=MAT_315
,
*Elset, elset=Set-316
316
** Section: Section-316
*Solid Section, elset=Set-316, material=MAT_316
,
*Elset, elset=Set-317
317
** Section: Section-317
*Solid Section, elset=Set-317, material=MAT_317
,
*Elset, elset=Set-318
318
** Section: Section-318
*Solid Section, elset=Set-318, material=MAT_318
,
*Elset, elset=Set-319
319
** Section: Section-319
*Solid Section, elset=Set-319, material=MAT_319
,
*Elset, elset=Set-320
320
** Section: Section-320
*Solid Section, elset=Set-320, material=MAT_320
,
*Elset, elset=Set-321
321
** Section: Section-321
*Solid Section, elset=Set-321, material=MAT_321
,
*Elset, elset=Set-322
322
** Section: Section-322
*Solid Section, elset=Set-322, material=MAT_322
,
*Elset, elset=Set-323
323
** Section: Section-323
*Solid Section, elset=Set-323, material=MAT_323
,
*Elset, elset=Set-324
324
** Section: Section-324
*Solid Section, elset=Set-324, material=MAT_324
,
*Elset, elset=Set-325
325
** Section: Section-325
*Solid Section, elset=Set-325, material=MAT_325
,
*Elset, elset=Set-326
326
** Section: Section-326
*Solid Section, elset=Set-326, material=MAT_326
,
*Elset, elset=Set-327
327
** Section: Section-327
*Solid Section, elset=Set-327, material=MAT_327
,
*Elset, elset=Set-328
328
** Section: Section-328
*Solid Section, elset=Set-328, material=MAT_328
,
*Elset, elset=Set-329
329
** Section: Section-329
*Solid Section, elset=Set-329, material=MAT_329
,
*Elset, elset=Set-330
330
** Section: Section-330
*Solid Section, elset=Set-330, material=MAT_330
,
*Elset, elset=Set-331
331
** Section: Section-331
*Solid Section, elset=Set-331, material=MAT_331
,
*Elset, elset=Set-332
332
** Section: Section-332
*Solid Section, elset=Set-332, material=MAT_332
,
*Elset, elset=Set-333
333
** Section: Section-333
*Solid Section, elset=Set-333, material=MAT_333
,
*Elset, elset=Set-334
334
** Section: Section-334
*Solid Section, elset=Set-334, material=MAT_334
,
*Elset, elset=Set-335
335
** Section: Section-335
*Solid Section, elset=Set-335, material=MAT_335
,
*Elset, elset=Set-336
336
** Section: Section-336
*Solid Section, elset=Set-336, material=MAT_336
,
*Elset, elset=Set-337
337
** Section: Section-337
*Solid Section, elset=Set-337, material=MAT_337
,
*Elset, elset=Set-338
338
** Section: Section-338
*Solid Section, elset=Set-338, material=MAT_338
,
*Elset, elset=Set-339
339
** Section: Section-339
*Solid Section, elset=Set-339, material=MAT_339
,
*Elset, elset=Set-340
340
** Section: Section-340
*Solid Section, elset=Set-340, material=MAT_340
,
*Elset, elset=Set-341
341
** Section: Section-341
*Solid Section, elset=Set-341, material=MAT_341
,
*Elset, elset=Set-342
342
** Section: Section-342
*Solid Section, elset=Set-342, material=MAT_342
,
*Elset, elset=Set-343
343
** Section: Section-343
*Solid Section, elset=Set-343, material=MAT_343
,
*Elset, elset=Set-344
344
** Section: Section-344
*Solid Section, elset=Set-344, material=MAT_344
,
*Elset, elset=Set-345
345
** Section: Section-345
*Solid Section, elset=Set-345, material=MAT_345
,
*Elset, elset=Set-346
346
** Section: Section-346
*Solid Section, elset=Set-346, material=MAT_346
,
*Elset, elset=Set-347
347
** Section: Section-347
*Solid Section, elset=Set-347, material=MAT_347
,
*Elset, elset=Set-348
348
** Section: Section-348
*Solid Section, elset=Set-348, material=MAT_348
,
*Elset, elset=Set-349
349
** Section: Section-349
*Solid Section, elset=Set-349, material=MAT_349
,
*Elset, elset=Set-350
350
** Section: Section-350
*Solid Section, elset=Set-350, material=MAT_350
,
*Elset, elset=Set-351
351
** Section: Section-351
*Solid Section, elset=Set-351, material=MAT_351
,
*Elset, elset=Set-352
352
** Section: Section-352
*Solid Section, elset=Set-352, material=MAT_352
,
*Elset, elset=Set-353
353
** Section: Section-353
*Solid Section, elset=Set-353, material=MAT_353
,
*Elset, elset=Set-354
354
** Section: Section-354
*Solid Section, elset=Set-354, material=MAT_354
,
*Elset, elset=Set-355
355
** Section: Section-355
*Solid Section, elset=Set-355, material=MAT_355
,
*Elset, elset=Set-356
356
** Section: Section-356
*Solid Section, elset=Set-356, material=MAT_356
,
*Elset, elset=Set-357
357
** Section: Section-357
*Solid Section, elset=Set-357, material=MAT_357
,
*Elset, elset=Set-358
358
** Section: Section-358
*Solid Section, elset=Set-358, material=MAT_358
,
*Elset, elset=Set-359
359
** Section: Section-359
*Solid Section, elset=Set-359, material=MAT_359
,
*Elset, elset=Set-360
360
** Section: Section-360
*Solid Section, elset=Set-360, material=MAT_360
,
*Elset, elset=Set-361
361
** Section: Section-361
*Solid Section, elset=Set-361, material=MAT_361
,
*Elset, elset=Set-362
362
** Section: Section-362
*Solid Section, elset=Set-362, material=MAT_362
,
*Elset, elset=Set-363
363
** Section: Section-363
*Solid Section, elset=Set-363, material=MAT_363
,
*Elset, elset=Set-364
364
** Section: Section-364
*Solid Section, elset=Set-364, material=MAT_364
,
*Elset, elset=Set-365
365
** Section: Section-365
*Solid Section, elset=Set-365, material=MAT_365
,
*Elset, elset=Set-366
366
** Section: Section-366
*Solid Section, elset=Set-366, material=MAT_366
,
*Elset, elset=Set-367
367
** Section: Section-367
*Solid Section, elset=Set-367, material=MAT_367
,
*Elset, elset=Set-368
368
** Section: Section-368
*Solid Section, elset=Set-368, material=MAT_368
,
*Elset, elset=Set-369
369
** Section: Section-369
*Solid Section, elset=Set-369, material=MAT_369
,
*Elset, elset=Set-370
370
** Section: Section-370
*Solid Section, elset=Set-370, material=MAT_370
,
*Elset, elset=Set-371
371
** Section: Section-371
*Solid Section, elset=Set-371, material=MAT_371
,
*Elset, elset=Set-372
372
** Section: Section-372
*Solid Section, elset=Set-372, material=MAT_372
,
*Elset, elset=Set-373
373
** Section: Section-373
*Solid Section, elset=Set-373, material=MAT_373
,
*Elset, elset=Set-374
374
** Section: Section-374
*Solid Section, elset=Set-374, material=MAT_374
,
*Elset, elset=Set-375
375
** Section: Section-375
*Solid Section, elset=Set-375, material=MAT_375
,
*Elset, elset=Set-376
376
** Section: Section-376
*Solid Section, elset=Set-376, material=MAT_376
,
*Elset, elset=Set-377
377
** Section: Section-377
*Solid Section, elset=Set-377, material=MAT_377
,
*Elset, elset=Set-378
378
** Section: Section-378
*Solid Section, elset=Set-378, material=MAT_378
,
*Elset, elset=Set-379
379
** Section: Section-379
*Solid Section, elset=Set-379, material=MAT_379
,
*Elset, elset=Set-380
380
** Section: Section-380
*Solid Section, elset=Set-380, material=MAT_380
,
*Elset, elset=Set-381
381
** Section: Section-381
*Solid Section, elset=Set-381, material=MAT_381
,
*Elset, elset=Set-382
382
** Section: Section-382
*Solid Section, elset=Set-382, material=MAT_382
,
*Elset, elset=Set-383
383
** Section: Section-383
*Solid Section, elset=Set-383, material=MAT_383
,
*Elset, elset=Set-384
384
** Section: Section-384
*Solid Section, elset=Set-384, material=MAT_384
,
*Elset, elset=Set-385
385
** Section: Section-385
*Solid Section, elset=Set-385, material=MAT_385
,
*Elset, elset=Set-386
386
** Section: Section-386
*Solid Section, elset=Set-386, material=MAT_386
,
*Elset, elset=Set-387
387
** Section: Section-387
*Solid Section, elset=Set-387, material=MAT_387
,
*Elset, elset=Set-388
388
** Section: Section-388
*Solid Section, elset=Set-388, material=MAT_388
,
*Elset, elset=Set-389
389
** Section: Section-389
*Solid Section, elset=Set-389, material=MAT_389
,
*Elset, elset=Set-390
390
** Section: Section-390
*Solid Section, elset=Set-390, material=MAT_390
,
*Elset, elset=Set-391
391
** Section: Section-391
*Solid Section, elset=Set-391, material=MAT_391
,
*Elset, elset=Set-392
392
** Section: Section-392
*Solid Section, elset=Set-392, material=MAT_392
,
*Elset, elset=Set-393
393
** Section: Section-393
*Solid Section, elset=Set-393, material=MAT_393
,
*Elset, elset=Set-394
394
** Section: Section-394
*Solid Section, elset=Set-394, material=MAT_394
,
*Elset, elset=Set-395
395
** Section: Section-395
*Solid Section, elset=Set-395, material=MAT_395
,
*Elset, elset=Set-396
396
** Section: Section-396
*Solid Section, elset=Set-396, material=MAT_396
,
*Elset, elset=Set-397
397
** Section: Section-397
*Solid Section, elset=Set-397, material=MAT_397
,
*Elset, elset=Set-398
398
** Section: Section-398
*Solid Section, elset=Set-398, material=MAT_398
,
*Elset, elset=Set-399
399
** Section: Section-399
*Solid Section, elset=Set-399, material=MAT_399
,
*Elset, elset=Set-400
400
** Section: Section-400
*Solid Section, elset=Set-400, material=MAT_400
,
*Elset, elset=Set-401
401
** Section: Section-401
*Solid Section, elset=Set-401, material=MAT_401
,
*Elset, elset=Set-402
402
** Section: Section-402
*Solid Section, elset=Set-402, material=MAT_402
,
*Elset, elset=Set-403
403
** Section: Section-403
*Solid Section, elset=Set-403, material=MAT_403
,
*Elset, elset=Set-404
404
** Section: Section-404
*Solid Section, elset=Set-404, material=MAT_404
,
*Elset, elset=Set-405
405
** Section: Section-405
*Solid Section, elset=Set-405, material=MAT_405
,
*Elset, elset=Set-406
406
** Section: Section-406
*Solid Section, elset=Set-406, material=MAT_406
,
*Elset, elset=Set-407
407
** Section: Section-407
*Solid Section, elset=Set-407, material=MAT_407
,
*Elset, elset=Set-408
408
** Section: Section-408
*Solid Section, elset=Set-408, material=MAT_408
,
*Elset, elset=Set-409
409
** Section: Section-409
*Solid Section, elset=Set-409, material=MAT_409
,
*Elset, elset=Set-410
410
** Section: Section-410
*Solid Section, elset=Set-410, material=MAT_410
,
*Elset, elset=Set-411
411
** Section: Section-411
*Solid Section, elset=Set-411, material=MAT_411
,
*Elset, elset=Set-412
412
** Section: Section-412
*Solid Section, elset=Set-412, material=MAT_412
,
*Elset, elset=Set-413
413
** Section: Section-413
*Solid Section, elset=Set-413, material=MAT_413
,
*Elset, elset=Set-414
414
** Section: Section-414
*Solid Section, elset=Set-414, material=MAT_414
,
*Elset, elset=Set-415
415
** Section: Section-415
*Solid Section, elset=Set-415, material=MAT_415
,
*Elset, elset=Set-416
416
** Section: Section-416
*Solid Section, elset=Set-416, material=MAT_416
,
*Elset, elset=Set-417
417
** Section: Section-417
*Solid Section, elset=Set-417, material=MAT_417
,
*Elset, elset=Set-418
418
** Section: Section-418
*Solid Section, elset=Set-418, material=MAT_418
,
*Elset, elset=Set-419
419
** Section: Section-419
*Solid Section, elset=Set-419, material=MAT_419
,
*Elset, elset=Set-420
420
** Section: Section-420
*Solid Section, elset=Set-420, material=MAT_420
,
*Elset, elset=Set-421
421
** Section: Section-421
*Solid Section, elset=Set-421, material=MAT_421
,
*Elset, elset=Set-422
422
** Section: Section-422
*Solid Section, elset=Set-422, material=MAT_422
,
*Elset, elset=Set-423
423
** Section: Section-423
*Solid Section, elset=Set-423, material=MAT_423
,
*Elset, elset=Set-424
424
** Section: Section-424
*Solid Section, elset=Set-424, material=MAT_424
,
*Elset, elset=Set-425
425
** Section: Section-425
*Solid Section, elset=Set-425, material=MAT_425
,
*Elset, elset=Set-426
426
** Section: Section-426
*Solid Section, elset=Set-426, material=MAT_426
,
*Elset, elset=Set-427
427
** Section: Section-427
*Solid Section, elset=Set-427, material=MAT_427
,
*Elset, elset=Set-428
428
** Section: Section-428
*Solid Section, elset=Set-428, material=MAT_428
,
*Elset, elset=Set-429
429
** Section: Section-429
*Solid Section, elset=Set-429, material=MAT_429
,
*Elset, elset=Set-430
430
** Section: Section-430
*Solid Section, elset=Set-430, material=MAT_430
,
*Elset, elset=Set-431
431
** Section: Section-431
*Solid Section, elset=Set-431, material=MAT_431
,
*Elset, elset=Set-432
432
** Section: Section-432
*Solid Section, elset=Set-432, material=MAT_432
,
*Elset, elset=Set-433
433
** Section: Section-433
*Solid Section, elset=Set-433, material=MAT_433
,
*Elset, elset=Set-434
434
** Section: Section-434
*Solid Section, elset=Set-434, material=MAT_434
,
*Elset, elset=Set-435
435
** Section: Section-435
*Solid Section, elset=Set-435, material=MAT_435
,
*Elset, elset=Set-436
436
** Section: Section-436
*Solid Section, elset=Set-436, material=MAT_436
,
*Elset, elset=Set-437
437
** Section: Section-437
*Solid Section, elset=Set-437, material=MAT_437
,
*Elset, elset=Set-438
438
** Section: Section-438
*Solid Section, elset=Set-438, material=MAT_438
,
*Elset, elset=Set-439
439
** Section: Section-439
*Solid Section, elset=Set-439, material=MAT_439
,
*Elset, elset=Set-440
440
** Section: Section-440
*Solid Section, elset=Set-440, material=MAT_440
,
*Elset, elset=Set-441
441
** Section: Section-441
*Solid Section, elset=Set-441, material=MAT_441
,
*Elset, elset=Set-442
442
** Section: Section-442
*Solid Section, elset=Set-442, material=MAT_442
,
*Elset, elset=Set-443
443
** Section: Section-443
*Solid Section, elset=Set-443, material=MAT_443
,
*Elset, elset=Set-444
444
** Section: Section-444
*Solid Section, elset=Set-444, material=MAT_444
,
*Elset, elset=Set-445
445
** Section: Section-445
*Solid Section, elset=Set-445, material=MAT_445
,
*Elset, elset=Set-446
446
** Section: Section-446
*Solid Section, elset=Set-446, material=MAT_446
,
*Elset, elset=Set-447
447
** Section: Section-447
*Solid Section, elset=Set-447, material=MAT_447
,
*Elset, elset=Set-448
448
** Section: Section-448
*Solid Section, elset=Set-448, material=MAT_448
,
*Elset, elset=Set-449
449
** Section: Section-449
*Solid Section, elset=Set-449, material=MAT_449
,
*Elset, elset=Set-450
450
** Section: Section-450
*Solid Section, elset=Set-450, material=MAT_450
,
*Elset, elset=Set-451
451
** Section: Section-451
*Solid Section, elset=Set-451, material=MAT_451
,
*Elset, elset=Set-452
452
** Section: Section-452
*Solid Section, elset=Set-452, material=MAT_452
,
*Elset, elset=Set-453
453
** Section: Section-453
*Solid Section, elset=Set-453, material=MAT_453
,
*Elset, elset=Set-454
454
** Section: Section-454
*Solid Section, elset=Set-454, material=MAT_454
,
*Elset, elset=Set-455
455
** Section: Section-455
*Solid Section, elset=Set-455, material=MAT_455
,
*Elset, elset=Set-456
456
** Section: Section-456
*Solid Section, elset=Set-456, material=MAT_456
,
*Elset, elset=Set-457
457
** Section: Section-457
*Solid Section, elset=Set-457, material=MAT_457
,
*Elset, elset=Set-458
458
** Section: Section-458
*Solid Section, elset=Set-458, material=MAT_458
,
*Elset, elset=Set-459
459
** Section: Section-459
*Solid Section, elset=Set-459, material=MAT_459
,
*Elset, elset=Set-460
460
** Section: Section-460
*Solid Section, elset=Set-460, material=MAT_460
,
*Elset, elset=Set-461
461
** Section: Section-461
*Solid Section, elset=Set-461, material=MAT_461
,
*Elset, elset=Set-462
462
** Section: Section-462
*Solid Section, elset=Set-462, material=MAT_462
,
*Elset, elset=Set-463
463
** Section: Section-463
*Solid Section, elset=Set-463, material=MAT_463
,
*Elset, elset=Set-464
464
** Section: Section-464
*Solid Section, elset=Set-464, material=MAT_464
,
*Elset, elset=Set-465
465
** Section: Section-465
*Solid Section, elset=Set-465, material=MAT_465
,
*Elset, elset=Set-466
466
** Section: Section-466
*Solid Section, elset=Set-466, material=MAT_466
,
*Elset, elset=Set-467
467
** Section: Section-467
*Solid Section, elset=Set-467, material=MAT_467
,
*Elset, elset=Set-468
468
** Section: Section-468
*Solid Section, elset=Set-468, material=MAT_468
,
*Elset, elset=Set-469
469
** Section: Section-469
*Solid Section, elset=Set-469, material=MAT_469
,
*Elset, elset=Set-470
470
** Section: Section-470
*Solid Section, elset=Set-470, material=MAT_470
,
*Elset, elset=Set-471
471
** Section: Section-471
*Solid Section, elset=Set-471, material=MAT_471
,
*Elset, elset=Set-472
472
** Section: Section-472
*Solid Section, elset=Set-472, material=MAT_472
,
*Elset, elset=Set-473
473
** Section: Section-473
*Solid Section, elset=Set-473, material=MAT_473
,
*Elset, elset=Set-474
474
** Section: Section-474
*Solid Section, elset=Set-474, material=MAT_474
,
*Elset, elset=Set-475
475
** Section: Section-475
*Solid Section, elset=Set-475, material=MAT_475
,
*Elset, elset=Set-476
476
** Section: Section-476
*Solid Section, elset=Set-476, material=MAT_476
,
*Elset, elset=Set-477
477
** Section: Section-477
*Solid Section, elset=Set-477, material=MAT_477
,
*Elset, elset=Set-478
478
** Section: Section-478
*Solid Section, elset=Set-478, material=MAT_478
,
*Elset, elset=Set-479
479
** Section: Section-479
*Solid Section, elset=Set-479, material=MAT_479
,
*Elset, elset=Set-480
480
** Section: Section-480
*Solid Section, elset=Set-480, material=MAT_480
,
*Elset, elset=Set-481
481
** Section: Section-481
*Solid Section, elset=Set-481, material=MAT_481
,
*Elset, elset=Set-482
482
** Section: Section-482
*Solid Section, elset=Set-482, material=MAT_482
,
*Elset, elset=Set-483
483
** Section: Section-483
*Solid Section, elset=Set-483, material=MAT_483
,
*Elset, elset=Set-484
484
** Section: Section-484
*Solid Section, elset=Set-484, material=MAT_484
,
*Elset, elset=Set-485
485
** Section: Section-485
*Solid Section, elset=Set-485, material=MAT_485
,
*Elset, elset=Set-486
486
** Section: Section-486
*Solid Section, elset=Set-486, material=MAT_486
,
*Elset, elset=Set-487
487
** Section: Section-487
*Solid Section, elset=Set-487, material=MAT_487
,
*Elset, elset=Set-488
488
** Section: Section-488
*Solid Section, elset=Set-488, material=MAT_488
,
*Elset, elset=Set-489
489
** Section: Section-489
*Solid Section, elset=Set-489, material=MAT_489
,
*Elset, elset=Set-490
490
** Section: Section-490
*Solid Section, elset=Set-490, material=MAT_490
,
*Elset, elset=Set-491
491
** Section: Section-491
*Solid Section, elset=Set-491, material=MAT_491
,
*Elset, elset=Set-492
492
** Section: Section-492
*Solid Section, elset=Set-492, material=MAT_492
,
*Elset, elset=Set-493
493
** Section: Section-493
*Solid Section, elset=Set-493, material=MAT_493
,
*Elset, elset=Set-494
494
** Section: Section-494
*Solid Section, elset=Set-494, material=MAT_494
,
*Elset, elset=Set-495
495
** Section: Section-495
*Solid Section, elset=Set-495, material=MAT_495
,
*Elset, elset=Set-496
496
** Section: Section-496
*Solid Section, elset=Set-496, material=MAT_496
,
*Elset, elset=Set-497
497
** Section: Section-497
*Solid Section, elset=Set-497, material=MAT_497
,
*Elset, elset=Set-498
498
** Section: Section-498
*Solid Section, elset=Set-498, material=MAT_498
,
*Elset, elset=Set-499
499
** Section: Section-499
*Solid Section, elset=Set-499, material=MAT_499
,
*Elset, elset=Set-500
500
** Section: Section-500
*Solid Section, elset=Set-500, material=MAT_500
,
*Elset, elset=Set-501
501
** Section: Section-501
*Solid Section, elset=Set-501, material=MAT_501
,
*Elset, elset=Set-502
502
** Section: Section-502
*Solid Section, elset=Set-502, material=MAT_502
,
*Elset, elset=Set-503
503
** Section: Section-503
*Solid Section, elset=Set-503, material=MAT_503
,
*Elset, elset=Set-504
504
** Section: Section-504
*Solid Section, elset=Set-504, material=MAT_504
,
*Elset, elset=Set-505
505
** Section: Section-505
*Solid Section, elset=Set-505, material=MAT_505
,
*Elset, elset=Set-506
506
** Section: Section-506
*Solid Section, elset=Set-506, material=MAT_506
,
*Elset, elset=Set-507
507
** Section: Section-507
*Solid Section, elset=Set-507, material=MAT_507
,
*Elset, elset=Set-508
508
** Section: Section-508
*Solid Section, elset=Set-508, material=MAT_508
,
*Elset, elset=Set-509
509
** Section: Section-509
*Solid Section, elset=Set-509, material=MAT_509
,
*Elset, elset=Set-510
510
** Section: Section-510
*Solid Section, elset=Set-510, material=MAT_510
,
*Elset, elset=Set-511
511
** Section: Section-511
*Solid Section, elset=Set-511, material=MAT_511
,
*Elset, elset=Set-512
512
** Section: Section-512
*Solid Section, elset=Set-512, material=MAT_512
,
*Elset, elset=Set-513
513
** Section: Section-513
*Solid Section, elset=Set-513, material=MAT_513
,
*Elset, elset=Set-514
514
** Section: Section-514
*Solid Section, elset=Set-514, material=MAT_514
,
*Elset, elset=Set-515
515
** Section: Section-515
*Solid Section, elset=Set-515, material=MAT_515
,
*Elset, elset=Set-516
516
** Section: Section-516
*Solid Section, elset=Set-516, material=MAT_516
,
*Elset, elset=Set-517
517
** Section: Section-517
*Solid Section, elset=Set-517, material=MAT_517
,
*Elset, elset=Set-518
518
** Section: Section-518
*Solid Section, elset=Set-518, material=MAT_518
,
*Elset, elset=Set-519
519
** Section: Section-519
*Solid Section, elset=Set-519, material=MAT_519
,
*Elset, elset=Set-520
520
** Section: Section-520
*Solid Section, elset=Set-520, material=MAT_520
,
*Elset, elset=Set-521
521
** Section: Section-521
*Solid Section, elset=Set-521, material=MAT_521
,
*Elset, elset=Set-522
522
** Section: Section-522
*Solid Section, elset=Set-522, material=MAT_522
,
*Elset, elset=Set-523
523
** Section: Section-523
*Solid Section, elset=Set-523, material=MAT_523
,
*Elset, elset=Set-524
524
** Section: Section-524
*Solid Section, elset=Set-524, material=MAT_524
,
*Elset, elset=Set-525
525
** Section: Section-525
*Solid Section, elset=Set-525, material=MAT_525
,
*Elset, elset=Set-526
526
** Section: Section-526
*Solid Section, elset=Set-526, material=MAT_526
,
*Elset, elset=Set-527
527
** Section: Section-527
*Solid Section, elset=Set-527, material=MAT_527
,
*Elset, elset=Set-528
528
** Section: Section-528
*Solid Section, elset=Set-528, material=MAT_528
,
*Elset, elset=Set-529
529
** Section: Section-529
*Solid Section, elset=Set-529, material=MAT_529
,
*Elset, elset=Set-530
530
** Section: Section-530
*Solid Section, elset=Set-530, material=MAT_530
,
*Elset, elset=Set-531
531
** Section: Section-531
*Solid Section, elset=Set-531, material=MAT_531
,
*Elset, elset=Set-532
532
** Section: Section-532
*Solid Section, elset=Set-532, material=MAT_532
,
*Elset, elset=Set-533
533
** Section: Section-533
*Solid Section, elset=Set-533, material=MAT_533
,
*Elset, elset=Set-534
534
** Section: Section-534
*Solid Section, elset=Set-534, material=MAT_534
,
*Elset, elset=Set-535
535
** Section: Section-535
*Solid Section, elset=Set-535, material=MAT_535
,
*Elset, elset=Set-536
536
** Section: Section-536
*Solid Section, elset=Set-536, material=MAT_536
,
*Elset, elset=Set-537
537
** Section: Section-537
*Solid Section, elset=Set-537, material=MAT_537
,
*Elset, elset=Set-538
538
** Section: Section-538
*Solid Section, elset=Set-538, material=MAT_538
,
*Elset, elset=Set-539
539
** Section: Section-539
*Solid Section, elset=Set-539, material=MAT_539
,
*Elset, elset=Set-540
540
** Section: Section-540
*Solid Section, elset=Set-540, material=MAT_540
,
*Elset, elset=Set-541
541
** Section: Section-541
*Solid Section, elset=Set-541, material=MAT_541
,
*Elset, elset=Set-542
542
** Section: Section-542
*Solid Section, elset=Set-542, material=MAT_542
,
*Elset, elset=Set-543
543
** Section: Section-543
*Solid Section, elset=Set-543, material=MAT_543
,
*Elset, elset=Set-544
544
** Section: Section-544
*Solid Section, elset=Set-544, material=MAT_544
,
*Elset, elset=Set-545
545
** Section: Section-545
*Solid Section, elset=Set-545, material=MAT_545
,
*Elset, elset=Set-546
546
** Section: Section-546
*Solid Section, elset=Set-546, material=MAT_546
,
*Elset, elset=Set-547
547
** Section: Section-547
*Solid Section, elset=Set-547, material=MAT_547
,
*Elset, elset=Set-548
548
** Section: Section-548
*Solid Section, elset=Set-548, material=MAT_548
,
*Elset, elset=Set-549
549
** Section: Section-549
*Solid Section, elset=Set-549, material=MAT_549
,
*Elset, elset=Set-550
550
** Section: Section-550
*Solid Section, elset=Set-550, material=MAT_550
,
*Elset, elset=Set-551
551
** Section: Section-551
*Solid Section, elset=Set-551, material=MAT_551
,
*Elset, elset=Set-552
552
** Section: Section-552
*Solid Section, elset=Set-552, material=MAT_552
,
*Elset, elset=Set-553
553
** Section: Section-553
*Solid Section, elset=Set-553, material=MAT_553
,
*Elset, elset=Set-554
554
** Section: Section-554
*Solid Section, elset=Set-554, material=MAT_554
,
*Elset, elset=Set-555
555
** Section: Section-555
*Solid Section, elset=Set-555, material=MAT_555
,
*Elset, elset=Set-556
556
** Section: Section-556
*Solid Section, elset=Set-556, material=MAT_556
,
*Elset, elset=Set-557
557
** Section: Section-557
*Solid Section, elset=Set-557, material=MAT_557
,
*Elset, elset=Set-558
558
** Section: Section-558
*Solid Section, elset=Set-558, material=MAT_558
,
*Elset, elset=Set-559
559
** Section: Section-559
*Solid Section, elset=Set-559, material=MAT_559
,
*Elset, elset=Set-560
560
** Section: Section-560
*Solid Section, elset=Set-560, material=MAT_560
,
*Elset, elset=Set-561
561
** Section: Section-561
*Solid Section, elset=Set-561, material=MAT_561
,
*Elset, elset=Set-562
562
** Section: Section-562
*Solid Section, elset=Set-562, material=MAT_562
,
*Elset, elset=Set-563
563
** Section: Section-563
*Solid Section, elset=Set-563, material=MAT_563
,
*Elset, elset=Set-564
564
** Section: Section-564
*Solid Section, elset=Set-564, material=MAT_564
,
*Elset, elset=Set-565
565
** Section: Section-565
*Solid Section, elset=Set-565, material=MAT_565
,
*Elset, elset=Set-566
566
** Section: Section-566
*Solid Section, elset=Set-566, material=MAT_566
,
*Elset, elset=Set-567
567
** Section: Section-567
*Solid Section, elset=Set-567, material=MAT_567
,
*Elset, elset=Set-568
568
** Section: Section-568
*Solid Section, elset=Set-568, material=MAT_568
,
*Elset, elset=Set-569
569
** Section: Section-569
*Solid Section, elset=Set-569, material=MAT_569
,
*Elset, elset=Set-570
570
** Section: Section-570
*Solid Section, elset=Set-570, material=MAT_570
,
*Elset, elset=Set-571
571
** Section: Section-571
*Solid Section, elset=Set-571, material=MAT_571
,
*Elset, elset=Set-572
572
** Section: Section-572
*Solid Section, elset=Set-572, material=MAT_572
,
*Elset, elset=Set-573
573
** Section: Section-573
*Solid Section, elset=Set-573, material=MAT_573
,
*Elset, elset=Set-574
574
** Section: Section-574
*Solid Section, elset=Set-574, material=MAT_574
,
*Elset, elset=Set-575
575
** Section: Section-575
*Solid Section, elset=Set-575, material=MAT_575
,
*Elset, elset=Set-576
576
** Section: Section-576
*Solid Section, elset=Set-576, material=MAT_576
,
*Elset, elset=Set-577
577
** Section: Section-577
*Solid Section, elset=Set-577, material=MAT_577
,
*Elset, elset=Set-578
578
** Section: Section-578
*Solid Section, elset=Set-578, material=MAT_578
,
*Elset, elset=Set-579
579
** Section: Section-579
*Solid Section, elset=Set-579, material=MAT_579
,
*Elset, elset=Set-580
580
** Section: Section-580
*Solid Section, elset=Set-580, material=MAT_580
,
*Elset, elset=Set-581
581
** Section: Section-581
*Solid Section, elset=Set-581, material=MAT_581
,
*Elset, elset=Set-582
582
** Section: Section-582
*Solid Section, elset=Set-582, material=MAT_582
,
*Elset, elset=Set-583
583
** Section: Section-583
*Solid Section, elset=Set-583, material=MAT_583
,
*Elset, elset=Set-584
584
** Section: Section-584
*Solid Section, elset=Set-584, material=MAT_584
,
*Elset, elset=Set-585
585
** Section: Section-585
*Solid Section, elset=Set-585, material=MAT_585
,
*Elset, elset=Set-586
586
** Section: Section-586
*Solid Section, elset=Set-586, material=MAT_586
,
*Elset, elset=Set-587
587
** Section: Section-587
*Solid Section, elset=Set-587, material=MAT_587
,
*Elset, elset=Set-588
588
** Section: Section-588
*Solid Section, elset=Set-588, material=MAT_588
,
*Elset, elset=Set-589
589
** Section: Section-589
*Solid Section, elset=Set-589, material=MAT_589
,
*Elset, elset=Set-590
590
** Section: Section-590
*Solid Section, elset=Set-590, material=MAT_590
,
*Elset, elset=Set-591
591
** Section: Section-591
*Solid Section, elset=Set-591, material=MAT_591
,
*Elset, elset=Set-592
592
** Section: Section-592
*Solid Section, elset=Set-592, material=MAT_592
,
*Elset, elset=Set-593
593
** Section: Section-593
*Solid Section, elset=Set-593, material=MAT_593
,
*Elset, elset=Set-594
594
** Section: Section-594
*Solid Section, elset=Set-594, material=MAT_594
,
*Elset, elset=Set-595
595
** Section: Section-595
*Solid Section, elset=Set-595, material=MAT_595
,
*Elset, elset=Set-596
596
** Section: Section-596
*Solid Section, elset=Set-596, material=MAT_596
,
*Elset, elset=Set-597
597
** Section: Section-597
*Solid Section, elset=Set-597, material=MAT_597
,
*Elset, elset=Set-598
598
** Section: Section-598
*Solid Section, elset=Set-598, material=MAT_598
,
*Elset, elset=Set-599
599
** Section: Section-599
*Solid Section, elset=Set-599, material=MAT_599
,
*Elset, elset=Set-600
600
** Section: Section-600
*Solid Section, elset=Set-600, material=MAT_600
,
*Elset, elset=Set-601
601
** Section: Section-601
*Solid Section, elset=Set-601, material=MAT_601
,
*Elset, elset=Set-602
602
** Section: Section-602
*Solid Section, elset=Set-602, material=MAT_602
,
*Elset, elset=Set-603
603
** Section: Section-603
*Solid Section, elset=Set-603, material=MAT_603
,
*Elset, elset=Set-604
604
** Section: Section-604
*Solid Section, elset=Set-604, material=MAT_604
,
*Elset, elset=Set-605
605
** Section: Section-605
*Solid Section, elset=Set-605, material=MAT_605
,
*Elset, elset=Set-606
606
** Section: Section-606
*Solid Section, elset=Set-606, material=MAT_606
,
*Elset, elset=Set-607
607
** Section: Section-607
*Solid Section, elset=Set-607, material=MAT_607
,
*Elset, elset=Set-608
608
** Section: Section-608
*Solid Section, elset=Set-608, material=MAT_608
,
*Elset, elset=Set-609
609
** Section: Section-609
*Solid Section, elset=Set-609, material=MAT_609
,
*Elset, elset=Set-610
610
** Section: Section-610
*Solid Section, elset=Set-610, material=MAT_610
,
*Elset, elset=Set-611
611
** Section: Section-611
*Solid Section, elset=Set-611, material=MAT_611
,
*Elset, elset=Set-612
612
** Section: Section-612
*Solid Section, elset=Set-612, material=MAT_612
,
*Elset, elset=Set-613
613
** Section: Section-613
*Solid Section, elset=Set-613, material=MAT_613
,
*Elset, elset=Set-614
614
** Section: Section-614
*Solid Section, elset=Set-614, material=MAT_614
,
*Elset, elset=Set-615
615
** Section: Section-615
*Solid Section, elset=Set-615, material=MAT_615
,
*Elset, elset=Set-616
616
** Section: Section-616
*Solid Section, elset=Set-616, material=MAT_616
,
*Elset, elset=Set-617
617
** Section: Section-617
*Solid Section, elset=Set-617, material=MAT_617
,
*Elset, elset=Set-618
618
** Section: Section-618
*Solid Section, elset=Set-618, material=MAT_618
,
*Elset, elset=Set-619
619
** Section: Section-619
*Solid Section, elset=Set-619, material=MAT_619
,
*Elset, elset=Set-620
620
** Section: Section-620
*Solid Section, elset=Set-620, material=MAT_620
,
*Elset, elset=Set-621
621
** Section: Section-621
*Solid Section, elset=Set-621, material=MAT_621
,
*Elset, elset=Set-622
622
** Section: Section-622
*Solid Section, elset=Set-622, material=MAT_622
,
*Elset, elset=Set-623
623
** Section: Section-623
*Solid Section, elset=Set-623, material=MAT_623
,
*Elset, elset=Set-624
624
** Section: Section-624
*Solid Section, elset=Set-624, material=MAT_624
,
*Elset, elset=Set-625
625
** Section: Section-625
*Solid Section, elset=Set-625, material=MAT_625
,
*Elset, elset=Set-626
626
** Section: Section-626
*Solid Section, elset=Set-626, material=MAT_626
,
*Elset, elset=Set-627
627
** Section: Section-627
*Solid Section, elset=Set-627, material=MAT_627
,
*Elset, elset=Set-628
628
** Section: Section-628
*Solid Section, elset=Set-628, material=MAT_628
,
*Elset, elset=Set-629
629
** Section: Section-629
*Solid Section, elset=Set-629, material=MAT_629
,
*Elset, elset=Set-630
630
** Section: Section-630
*Solid Section, elset=Set-630, material=MAT_630
,
*Elset, elset=Set-631
631
** Section: Section-631
*Solid Section, elset=Set-631, material=MAT_631
,
*Elset, elset=Set-632
632
** Section: Section-632
*Solid Section, elset=Set-632, material=MAT_632
,
*Elset, elset=Set-633
633
** Section: Section-633
*Solid Section, elset=Set-633, material=MAT_633
,
*Elset, elset=Set-634
634
** Section: Section-634
*Solid Section, elset=Set-634, material=MAT_634
,
*Elset, elset=Set-635
635
** Section: Section-635
*Solid Section, elset=Set-635, material=MAT_635
,
*Elset, elset=Set-636
636
** Section: Section-636
*Solid Section, elset=Set-636, material=MAT_636
,
*Elset, elset=Set-637
637
** Section: Section-637
*Solid Section, elset=Set-637, material=MAT_637
,
*Elset, elset=Set-638
638
** Section: Section-638
*Solid Section, elset=Set-638, material=MAT_638
,
*Elset, elset=Set-639
639
** Section: Section-639
*Solid Section, elset=Set-639, material=MAT_639
,
*Elset, elset=Set-640
640
** Section: Section-640
*Solid Section, elset=Set-640, material=MAT_640
,
*Elset, elset=Set-641
641
** Section: Section-641
*Solid Section, elset=Set-641, material=MAT_641
,
*Elset, elset=Set-642
642
** Section: Section-642
*Solid Section, elset=Set-642, material=MAT_642
,
*Elset, elset=Set-643
643
** Section: Section-643
*Solid Section, elset=Set-643, material=MAT_643
,
*Elset, elset=Set-644
644
** Section: Section-644
*Solid Section, elset=Set-644, material=MAT_644
,
*Elset, elset=Set-645
645
** Section: Section-645
*Solid Section, elset=Set-645, material=MAT_645
,
*Elset, elset=Set-646
646
** Section: Section-646
*Solid Section, elset=Set-646, material=MAT_646
,
*Elset, elset=Set-647
647
** Section: Section-647
*Solid Section, elset=Set-647, material=MAT_647
,
*Elset, elset=Set-648
648
** Section: Section-648
*Solid Section, elset=Set-648, material=MAT_648
,
*Elset, elset=Set-649
649
** Section: Section-649
*Solid Section, elset=Set-649, material=MAT_649
,
*Elset, elset=Set-650
650
** Section: Section-650
*Solid Section, elset=Set-650, material=MAT_650
,
*Elset, elset=Set-651
651
** Section: Section-651
*Solid Section, elset=Set-651, material=MAT_651
,
*Elset, elset=Set-652
652
** Section: Section-652
*Solid Section, elset=Set-652, material=MAT_652
,
*Elset, elset=Set-653
653
** Section: Section-653
*Solid Section, elset=Set-653, material=MAT_653
,
*Elset, elset=Set-654
654
** Section: Section-654
*Solid Section, elset=Set-654, material=MAT_654
,
*Elset, elset=Set-655
655
** Section: Section-655
*Solid Section, elset=Set-655, material=MAT_655
,
*Elset, elset=Set-656
656
** Section: Section-656
*Solid Section, elset=Set-656, material=MAT_656
,
*Elset, elset=Set-657
657
** Section: Section-657
*Solid Section, elset=Set-657, material=MAT_657
,
*Elset, elset=Set-658
658
** Section: Section-658
*Solid Section, elset=Set-658, material=MAT_658
,
*Elset, elset=Set-659
659
** Section: Section-659
*Solid Section, elset=Set-659, material=MAT_659
,
*Elset, elset=Set-660
660
** Section: Section-660
*Solid Section, elset=Set-660, material=MAT_660
,
*Elset, elset=Set-661
661
** Section: Section-661
*Solid Section, elset=Set-661, material=MAT_661
,
*Elset, elset=Set-662
662
** Section: Section-662
*Solid Section, elset=Set-662, material=MAT_662
,
*Elset, elset=Set-663
663
** Section: Section-663
*Solid Section, elset=Set-663, material=MAT_663
,
*Elset, elset=Set-664
664
** Section: Section-664
*Solid Section, elset=Set-664, material=MAT_664
,
*Elset, elset=Set-665
665
** Section: Section-665
*Solid Section, elset=Set-665, material=MAT_665
,
*Elset, elset=Set-666
666
** Section: Section-666
*Solid Section, elset=Set-666, material=MAT_666
,
*Elset, elset=Set-667
667
** Section: Section-667
*Solid Section, elset=Set-667, material=MAT_667
,
*Elset, elset=Set-668
668
** Section: Section-668
*Solid Section, elset=Set-668, material=MAT_668
,
*Elset, elset=Set-669
669
** Section: Section-669
*Solid Section, elset=Set-669, material=MAT_669
,
*Elset, elset=Set-670
670
** Section: Section-670
*Solid Section, elset=Set-670, material=MAT_670
,
*Elset, elset=Set-671
671
** Section: Section-671
*Solid Section, elset=Set-671, material=MAT_671
,
*Elset, elset=Set-672
672
** Section: Section-672
*Solid Section, elset=Set-672, material=MAT_672
,
*Elset, elset=Set-673
673
** Section: Section-673
*Solid Section, elset=Set-673, material=MAT_673
,
*Elset, elset=Set-674
674
** Section: Section-674
*Solid Section, elset=Set-674, material=MAT_674
,
*Elset, elset=Set-675
675
** Section: Section-675
*Solid Section, elset=Set-675, material=MAT_675
,
*Elset, elset=Set-676
676
** Section: Section-676
*Solid Section, elset=Set-676, material=MAT_676
,
*Elset, elset=Set-677
677
** Section: Section-677
*Solid Section, elset=Set-677, material=MAT_677
,
*Elset, elset=Set-678
678
** Section: Section-678
*Solid Section, elset=Set-678, material=MAT_678
,
*Elset, elset=Set-679
679
** Section: Section-679
*Solid Section, elset=Set-679, material=MAT_679
,
*Elset, elset=Set-680
680
** Section: Section-680
*Solid Section, elset=Set-680, material=MAT_680
,
*Elset, elset=Set-681
681
** Section: Section-681
*Solid Section, elset=Set-681, material=MAT_681
,
*Elset, elset=Set-682
682
** Section: Section-682
*Solid Section, elset=Set-682, material=MAT_682
,
*Elset, elset=Set-683
683
** Section: Section-683
*Solid Section, elset=Set-683, material=MAT_683
,
*Elset, elset=Set-684
684
** Section: Section-684
*Solid Section, elset=Set-684, material=MAT_684
,
*Elset, elset=Set-685
685
** Section: Section-685
*Solid Section, elset=Set-685, material=MAT_685
,
*Elset, elset=Set-686
686
** Section: Section-686
*Solid Section, elset=Set-686, material=MAT_686
,
*Elset, elset=Set-687
687
** Section: Section-687
*Solid Section, elset=Set-687, material=MAT_687
,
*Elset, elset=Set-688
688
** Section: Section-688
*Solid Section, elset=Set-688, material=MAT_688
,
*Elset, elset=Set-689
689
** Section: Section-689
*Solid Section, elset=Set-689, material=MAT_689
,
*Elset, elset=Set-690
690
** Section: Section-690
*Solid Section, elset=Set-690, material=MAT_690
,
*Elset, elset=Set-691
691
** Section: Section-691
*Solid Section, elset=Set-691, material=MAT_691
,
*Elset, elset=Set-692
692
** Section: Section-692
*Solid Section, elset=Set-692, material=MAT_692
,
*Elset, elset=Set-693
693
** Section: Section-693
*Solid Section, elset=Set-693, material=MAT_693
,
*Elset, elset=Set-694
694
** Section: Section-694
*Solid Section, elset=Set-694, material=MAT_694
,
*Elset, elset=Set-695
695
** Section: Section-695
*Solid Section, elset=Set-695, material=MAT_695
,
*Elset, elset=Set-696
696
** Section: Section-696
*Solid Section, elset=Set-696, material=MAT_696
,
*Elset, elset=Set-697
697
** Section: Section-697
*Solid Section, elset=Set-697, material=MAT_697
,
*Elset, elset=Set-698
698
** Section: Section-698
*Solid Section, elset=Set-698, material=MAT_698
,
*Elset, elset=Set-699
699
** Section: Section-699
*Solid Section, elset=Set-699, material=MAT_699
,
*Elset, elset=Set-700
700
** Section: Section-700
*Solid Section, elset=Set-700, material=MAT_700
,
*Elset, elset=Set-701
701
** Section: Section-701
*Solid Section, elset=Set-701, material=MAT_701
,
*Elset, elset=Set-702
702
** Section: Section-702
*Solid Section, elset=Set-702, material=MAT_702
,
*Elset, elset=Set-703
703
** Section: Section-703
*Solid Section, elset=Set-703, material=MAT_703
,
*Elset, elset=Set-704
704
** Section: Section-704
*Solid Section, elset=Set-704, material=MAT_704
,
*Elset, elset=Set-705
705
** Section: Section-705
*Solid Section, elset=Set-705, material=MAT_705
,
*Elset, elset=Set-706
706
** Section: Section-706
*Solid Section, elset=Set-706, material=MAT_706
,
*Elset, elset=Set-707
707
** Section: Section-707
*Solid Section, elset=Set-707, material=MAT_707
,
*Elset, elset=Set-708
708
** Section: Section-708
*Solid Section, elset=Set-708, material=MAT_708
,
*Elset, elset=Set-709
709
** Section: Section-709
*Solid Section, elset=Set-709, material=MAT_709
,
*Elset, elset=Set-710
710
** Section: Section-710
*Solid Section, elset=Set-710, material=MAT_710
,
*Elset, elset=Set-711
711
** Section: Section-711
*Solid Section, elset=Set-711, material=MAT_711
,
*Elset, elset=Set-712
712
** Section: Section-712
*Solid Section, elset=Set-712, material=MAT_712
,
*Elset, elset=Set-713
713
** Section: Section-713
*Solid Section, elset=Set-713, material=MAT_713
,
*Elset, elset=Set-714
714
** Section: Section-714
*Solid Section, elset=Set-714, material=MAT_714
,
*Elset, elset=Set-715
715
** Section: Section-715
*Solid Section, elset=Set-715, material=MAT_715
,
*Elset, elset=Set-716
716
** Section: Section-716
*Solid Section, elset=Set-716, material=MAT_716
,
*Elset, elset=Set-717
717
** Section: Section-717
*Solid Section, elset=Set-717, material=MAT_717
,
*Elset, elset=Set-718
718
** Section: Section-718
*Solid Section, elset=Set-718, material=MAT_718
,
*Elset, elset=Set-719
719
** Section: Section-719
*Solid Section, elset=Set-719, material=MAT_719
,
*Elset, elset=Set-720
720
** Section: Section-720
*Solid Section, elset=Set-720, material=MAT_720
,
*Elset, elset=Set-721
721
** Section: Section-721
*Solid Section, elset=Set-721, material=MAT_721
,
*Elset, elset=Set-722
722
** Section: Section-722
*Solid Section, elset=Set-722, material=MAT_722
,
*Elset, elset=Set-723
723
** Section: Section-723
*Solid Section, elset=Set-723, material=MAT_723
,
*Elset, elset=Set-724
724
** Section: Section-724
*Solid Section, elset=Set-724, material=MAT_724
,
*Elset, elset=Set-725
725
** Section: Section-725
*Solid Section, elset=Set-725, material=MAT_725
,
*Elset, elset=Set-726
726
** Section: Section-726
*Solid Section, elset=Set-726, material=MAT_726
,
*Elset, elset=Set-727
727
** Section: Section-727
*Solid Section, elset=Set-727, material=MAT_727
,
*Elset, elset=Set-728
728
** Section: Section-728
*Solid Section, elset=Set-728, material=MAT_728
,
*Elset, elset=Set-729
729
** Section: Section-729
*Solid Section, elset=Set-729, material=MAT_729
,
*Elset, elset=Set-730
730
** Section: Section-730
*Solid Section, elset=Set-730, material=MAT_730
,
*Elset, elset=Set-731
731
** Section: Section-731
*Solid Section, elset=Set-731, material=MAT_731
,
*Elset, elset=Set-732
732
** Section: Section-732
*Solid Section, elset=Set-732, material=MAT_732
,
*Elset, elset=Set-733
733
** Section: Section-733
*Solid Section, elset=Set-733, material=MAT_733
,
*Elset, elset=Set-734
734
** Section: Section-734
*Solid Section, elset=Set-734, material=MAT_734
,
*Elset, elset=Set-735
735
** Section: Section-735
*Solid Section, elset=Set-735, material=MAT_735
,
*Elset, elset=Set-736
736
** Section: Section-736
*Solid Section, elset=Set-736, material=MAT_736
,
*Elset, elset=Set-737
737
** Section: Section-737
*Solid Section, elset=Set-737, material=MAT_737
,
*Elset, elset=Set-738
738
** Section: Section-738
*Solid Section, elset=Set-738, material=MAT_738
,
*Elset, elset=Set-739
739
** Section: Section-739
*Solid Section, elset=Set-739, material=MAT_739
,
*Elset, elset=Set-740
740
** Section: Section-740
*Solid Section, elset=Set-740, material=MAT_740
,
*Elset, elset=Set-741
741
** Section: Section-741
*Solid Section, elset=Set-741, material=MAT_741
,
*Elset, elset=Set-742
742
** Section: Section-742
*Solid Section, elset=Set-742, material=MAT_742
,
*Elset, elset=Set-743
743
** Section: Section-743
*Solid Section, elset=Set-743, material=MAT_743
,
*Elset, elset=Set-744
744
** Section: Section-744
*Solid Section, elset=Set-744, material=MAT_744
,
*Elset, elset=Set-745
745
** Section: Section-745
*Solid Section, elset=Set-745, material=MAT_745
,
*Elset, elset=Set-746
746
** Section: Section-746
*Solid Section, elset=Set-746, material=MAT_746
,
*Elset, elset=Set-747
747
** Section: Section-747
*Solid Section, elset=Set-747, material=MAT_747
,
*Elset, elset=Set-748
748
** Section: Section-748
*Solid Section, elset=Set-748, material=MAT_748
,
*Elset, elset=Set-749
749
** Section: Section-749
*Solid Section, elset=Set-749, material=MAT_749
,
*Elset, elset=Set-750
750
** Section: Section-750
*Solid Section, elset=Set-750, material=MAT_750
,
*Elset, elset=Set-751
751
** Section: Section-751
*Solid Section, elset=Set-751, material=MAT_751
,
*Elset, elset=Set-752
752
** Section: Section-752
*Solid Section, elset=Set-752, material=MAT_752
,
*Elset, elset=Set-753
753
** Section: Section-753
*Solid Section, elset=Set-753, material=MAT_753
,
*Elset, elset=Set-754
754
** Section: Section-754
*Solid Section, elset=Set-754, material=MAT_754
,
*Elset, elset=Set-755
755
** Section: Section-755
*Solid Section, elset=Set-755, material=MAT_755
,
*Elset, elset=Set-756
756
** Section: Section-756
*Solid Section, elset=Set-756, material=MAT_756
,
*Elset, elset=Set-757
757
** Section: Section-757
*Solid Section, elset=Set-757, material=MAT_757
,
*Elset, elset=Set-758
758
** Section: Section-758
*Solid Section, elset=Set-758, material=MAT_758
,
*Elset, elset=Set-759
759
** Section: Section-759
*Solid Section, elset=Set-759, material=MAT_759
,
*Elset, elset=Set-760
760
** Section: Section-760
*Solid Section, elset=Set-760, material=MAT_760
,
*Elset, elset=Set-761
761
** Section: Section-761
*Solid Section, elset=Set-761, material=MAT_761
,
*Elset, elset=Set-762
762
** Section: Section-762
*Solid Section, elset=Set-762, material=MAT_762
,
*Elset, elset=Set-763
763
** Section: Section-763
*Solid Section, elset=Set-763, material=MAT_763
,
*Elset, elset=Set-764
764
** Section: Section-764
*Solid Section, elset=Set-764, material=MAT_764
,
*Elset, elset=Set-765
765
** Section: Section-765
*Solid Section, elset=Set-765, material=MAT_765
,
*Elset, elset=Set-766
766
** Section: Section-766
*Solid Section, elset=Set-766, material=MAT_766
,
*Elset, elset=Set-767
767
** Section: Section-767
*Solid Section, elset=Set-767, material=MAT_767
,
*Elset, elset=Set-768
768
** Section: Section-768
*Solid Section, elset=Set-768, material=MAT_768
,
*Elset, elset=Set-769
769
** Section: Section-769
*Solid Section, elset=Set-769, material=MAT_769
,
*Elset, elset=Set-770
770
** Section: Section-770
*Solid Section, elset=Set-770, material=MAT_770
,
*Elset, elset=Set-771
771
** Section: Section-771
*Solid Section, elset=Set-771, material=MAT_771
,
*Elset, elset=Set-772
772
** Section: Section-772
*Solid Section, elset=Set-772, material=MAT_772
,
*Elset, elset=Set-773
773
** Section: Section-773
*Solid Section, elset=Set-773, material=MAT_773
,
*Elset, elset=Set-774
774
** Section: Section-774
*Solid Section, elset=Set-774, material=MAT_774
,
*Elset, elset=Set-775
775
** Section: Section-775
*Solid Section, elset=Set-775, material=MAT_775
,
*Elset, elset=Set-776
776
** Section: Section-776
*Solid Section, elset=Set-776, material=MAT_776
,
*Elset, elset=Set-777
777
** Section: Section-777
*Solid Section, elset=Set-777, material=MAT_777
,
*Elset, elset=Set-778
778
** Section: Section-778
*Solid Section, elset=Set-778, material=MAT_778
,
*Elset, elset=Set-779
779
** Section: Section-779
*Solid Section, elset=Set-779, material=MAT_779
,
*Elset, elset=Set-780
780
** Section: Section-780
*Solid Section, elset=Set-780, material=MAT_780
,
*Elset, elset=Set-781
781
** Section: Section-781
*Solid Section, elset=Set-781, material=MAT_781
,
*Elset, elset=Set-782
782
** Section: Section-782
*Solid Section, elset=Set-782, material=MAT_782
,
*Elset, elset=Set-783
783
** Section: Section-783
*Solid Section, elset=Set-783, material=MAT_783
,
*Elset, elset=Set-784
784
** Section: Section-784
*Solid Section, elset=Set-784, material=MAT_784
,
*Elset, elset=Set-785
785
** Section: Section-785
*Solid Section, elset=Set-785, material=MAT_785
,
*Elset, elset=Set-786
786
** Section: Section-786
*Solid Section, elset=Set-786, material=MAT_786
,
*Elset, elset=Set-787
787
** Section: Section-787
*Solid Section, elset=Set-787, material=MAT_787
,
*Elset, elset=Set-788
788
** Section: Section-788
*Solid Section, elset=Set-788, material=MAT_788
,
*Elset, elset=Set-789
789
** Section: Section-789
*Solid Section, elset=Set-789, material=MAT_789
,
*Elset, elset=Set-790
790
** Section: Section-790
*Solid Section, elset=Set-790, material=MAT_790
,
*Elset, elset=Set-791
791
** Section: Section-791
*Solid Section, elset=Set-791, material=MAT_791
,
*Elset, elset=Set-792
792
** Section: Section-792
*Solid Section, elset=Set-792, material=MAT_792
,
*Elset, elset=Set-793
793
** Section: Section-793
*Solid Section, elset=Set-793, material=MAT_793
,
*Elset, elset=Set-794
794
** Section: Section-794
*Solid Section, elset=Set-794, material=MAT_794
,
*Elset, elset=Set-795
795
** Section: Section-795
*Solid Section, elset=Set-795, material=MAT_795
,
*Elset, elset=Set-796
796
** Section: Section-796
*Solid Section, elset=Set-796, material=MAT_796
,
*Elset, elset=Set-797
797
** Section: Section-797
*Solid Section, elset=Set-797, material=MAT_797
,
*Elset, elset=Set-798
798
** Section: Section-798
*Solid Section, elset=Set-798, material=MAT_798
,
*Elset, elset=Set-799
799
** Section: Section-799
*Solid Section, elset=Set-799, material=MAT_799
,
*Elset, elset=Set-800
800
** Section: Section-800
*Solid Section, elset=Set-800, material=MAT_800
,
*Elset, elset=Set-801
801
** Section: Section-801
*Solid Section, elset=Set-801, material=MAT_801
,
*Elset, elset=Set-802
802
** Section: Section-802
*Solid Section, elset=Set-802, material=MAT_802
,
*Elset, elset=Set-803
803
** Section: Section-803
*Solid Section, elset=Set-803, material=MAT_803
,
*Elset, elset=Set-804
804
** Section: Section-804
*Solid Section, elset=Set-804, material=MAT_804
,
*Elset, elset=Set-805
805
** Section: Section-805
*Solid Section, elset=Set-805, material=MAT_805
,
*Elset, elset=Set-806
806
** Section: Section-806
*Solid Section, elset=Set-806, material=MAT_806
,
*Elset, elset=Set-807
807
** Section: Section-807
*Solid Section, elset=Set-807, material=MAT_807
,
*Elset, elset=Set-808
808
** Section: Section-808
*Solid Section, elset=Set-808, material=MAT_808
,
*Elset, elset=Set-809
809
** Section: Section-809
*Solid Section, elset=Set-809, material=MAT_809
,
*Elset, elset=Set-810
810
** Section: Section-810
*Solid Section, elset=Set-810, material=MAT_810
,
*Elset, elset=Set-811
811
** Section: Section-811
*Solid Section, elset=Set-811, material=MAT_811
,
*Elset, elset=Set-812
812
** Section: Section-812
*Solid Section, elset=Set-812, material=MAT_812
,
*Elset, elset=Set-813
813
** Section: Section-813
*Solid Section, elset=Set-813, material=MAT_813
,
*Elset, elset=Set-814
814
** Section: Section-814
*Solid Section, elset=Set-814, material=MAT_814
,
*Elset, elset=Set-815
815
** Section: Section-815
*Solid Section, elset=Set-815, material=MAT_815
,
*Elset, elset=Set-816
816
** Section: Section-816
*Solid Section, elset=Set-816, material=MAT_816
,
*Elset, elset=Set-817
817
** Section: Section-817
*Solid Section, elset=Set-817, material=MAT_817
,
*Elset, elset=Set-818
818
** Section: Section-818
*Solid Section, elset=Set-818, material=MAT_818
,
*Elset, elset=Set-819
819
** Section: Section-819
*Solid Section, elset=Set-819, material=MAT_819
,
*Elset, elset=Set-820
820
** Section: Section-820
*Solid Section, elset=Set-820, material=MAT_820
,
*Elset, elset=Set-821
821
** Section: Section-821
*Solid Section, elset=Set-821, material=MAT_821
,
*Elset, elset=Set-822
822
** Section: Section-822
*Solid Section, elset=Set-822, material=MAT_822
,
*Elset, elset=Set-823
823
** Section: Section-823
*Solid Section, elset=Set-823, material=MAT_823
,
*Elset, elset=Set-824
824
** Section: Section-824
*Solid Section, elset=Set-824, material=MAT_824
,
*Elset, elset=Set-825
825
** Section: Section-825
*Solid Section, elset=Set-825, material=MAT_825
,
*Elset, elset=Set-826
826
** Section: Section-826
*Solid Section, elset=Set-826, material=MAT_826
,
*Elset, elset=Set-827
827
** Section: Section-827
*Solid Section, elset=Set-827, material=MAT_827
,
*Elset, elset=Set-828
828
** Section: Section-828
*Solid Section, elset=Set-828, material=MAT_828
,
*Elset, elset=Set-829
829
** Section: Section-829
*Solid Section, elset=Set-829, material=MAT_829
,
*Elset, elset=Set-830
830
** Section: Section-830
*Solid Section, elset=Set-830, material=MAT_830
,
*Elset, elset=Set-831
831
** Section: Section-831
*Solid Section, elset=Set-831, material=MAT_831
,
*Elset, elset=Set-832
832
** Section: Section-832
*Solid Section, elset=Set-832, material=MAT_832
,
*Elset, elset=Set-833
833
** Section: Section-833
*Solid Section, elset=Set-833, material=MAT_833
,
*Elset, elset=Set-834
834
** Section: Section-834
*Solid Section, elset=Set-834, material=MAT_834
,
*Elset, elset=Set-835
835
** Section: Section-835
*Solid Section, elset=Set-835, material=MAT_835
,
*Elset, elset=Set-836
836
** Section: Section-836
*Solid Section, elset=Set-836, material=MAT_836
,
*Elset, elset=Set-837
837
** Section: Section-837
*Solid Section, elset=Set-837, material=MAT_837
,
*Elset, elset=Set-838
838
** Section: Section-838
*Solid Section, elset=Set-838, material=MAT_838
,
*Elset, elset=Set-839
839
** Section: Section-839
*Solid Section, elset=Set-839, material=MAT_839
,
*Elset, elset=Set-840
840
** Section: Section-840
*Solid Section, elset=Set-840, material=MAT_840
,
*Elset, elset=Set-841
841
** Section: Section-841
*Solid Section, elset=Set-841, material=MAT_841
,
*Elset, elset=Set-842
842
** Section: Section-842
*Solid Section, elset=Set-842, material=MAT_842
,
*Elset, elset=Set-843
843
** Section: Section-843
*Solid Section, elset=Set-843, material=MAT_843
,
*Elset, elset=Set-844
844
** Section: Section-844
*Solid Section, elset=Set-844, material=MAT_844
,
*Elset, elset=Set-845
845
** Section: Section-845
*Solid Section, elset=Set-845, material=MAT_845
,
*Elset, elset=Set-846
846
** Section: Section-846
*Solid Section, elset=Set-846, material=MAT_846
,
*Elset, elset=Set-847
847
** Section: Section-847
*Solid Section, elset=Set-847, material=MAT_847
,
*Elset, elset=Set-848
848
** Section: Section-848
*Solid Section, elset=Set-848, material=MAT_848
,
*Elset, elset=Set-849
849
** Section: Section-849
*Solid Section, elset=Set-849, material=MAT_849
,
*Elset, elset=Set-850
850
** Section: Section-850
*Solid Section, elset=Set-850, material=MAT_850
,
*Elset, elset=Set-851
851
** Section: Section-851
*Solid Section, elset=Set-851, material=MAT_851
,
*Elset, elset=Set-852
852
** Section: Section-852
*Solid Section, elset=Set-852, material=MAT_852
,
*Elset, elset=Set-853
853
** Section: Section-853
*Solid Section, elset=Set-853, material=MAT_853
,
*Elset, elset=Set-854
854
** Section: Section-854
*Solid Section, elset=Set-854, material=MAT_854
,
*Elset, elset=Set-855
855
** Section: Section-855
*Solid Section, elset=Set-855, material=MAT_855
,
*Elset, elset=Set-856
856
** Section: Section-856
*Solid Section, elset=Set-856, material=MAT_856
,
*Elset, elset=Set-857
857
** Section: Section-857
*Solid Section, elset=Set-857, material=MAT_857
,
*Elset, elset=Set-858
858
** Section: Section-858
*Solid Section, elset=Set-858, material=MAT_858
,
*Elset, elset=Set-859
859
** Section: Section-859
*Solid Section, elset=Set-859, material=MAT_859
,
*Elset, elset=Set-860
860
** Section: Section-860
*Solid Section, elset=Set-860, material=MAT_860
,
*Elset, elset=Set-861
861
** Section: Section-861
*Solid Section, elset=Set-861, material=MAT_861
,
*Elset, elset=Set-862
862
** Section: Section-862
*Solid Section, elset=Set-862, material=MAT_862
,
*Elset, elset=Set-863
863
** Section: Section-863
*Solid Section, elset=Set-863, material=MAT_863
,
*Elset, elset=Set-864
864
** Section: Section-864
*Solid Section, elset=Set-864, material=MAT_864
,
*Elset, elset=Set-865
865
** Section: Section-865
*Solid Section, elset=Set-865, material=MAT_865
,
*Elset, elset=Set-866
866
** Section: Section-866
*Solid Section, elset=Set-866, material=MAT_866
,
*Elset, elset=Set-867
867
** Section: Section-867
*Solid Section, elset=Set-867, material=MAT_867
,
*Elset, elset=Set-868
868
** Section: Section-868
*Solid Section, elset=Set-868, material=MAT_868
,
*Elset, elset=Set-869
869
** Section: Section-869
*Solid Section, elset=Set-869, material=MAT_869
,
*Elset, elset=Set-870
870
** Section: Section-870
*Solid Section, elset=Set-870, material=MAT_870
,
*Elset, elset=Set-871
871
** Section: Section-871
*Solid Section, elset=Set-871, material=MAT_871
,
*Elset, elset=Set-872
872
** Section: Section-872
*Solid Section, elset=Set-872, material=MAT_872
,
*Elset, elset=Set-873
873
** Section: Section-873
*Solid Section, elset=Set-873, material=MAT_873
,
*Elset, elset=Set-874
874
** Section: Section-874
*Solid Section, elset=Set-874, material=MAT_874
,
*Elset, elset=Set-875
875
** Section: Section-875
*Solid Section, elset=Set-875, material=MAT_875
,
*Elset, elset=Set-876
876
** Section: Section-876
*Solid Section, elset=Set-876, material=MAT_876
,
*Elset, elset=Set-877
877
** Section: Section-877
*Solid Section, elset=Set-877, material=MAT_877
,
*Elset, elset=Set-878
878
** Section: Section-878
*Solid Section, elset=Set-878, material=MAT_878
,
*Elset, elset=Set-879
879
** Section: Section-879
*Solid Section, elset=Set-879, material=MAT_879
,
*Elset, elset=Set-880
880
** Section: Section-880
*Solid Section, elset=Set-880, material=MAT_880
,
*Elset, elset=Set-881
881
** Section: Section-881
*Solid Section, elset=Set-881, material=MAT_881
,
*Elset, elset=Set-882
882
** Section: Section-882
*Solid Section, elset=Set-882, material=MAT_882
,
*Elset, elset=Set-883
883
** Section: Section-883
*Solid Section, elset=Set-883, material=MAT_883
,
*Elset, elset=Set-884
884
** Section: Section-884
*Solid Section, elset=Set-884, material=MAT_884
,
*Elset, elset=Set-885
885
** Section: Section-885
*Solid Section, elset=Set-885, material=MAT_885
,
*Elset, elset=Set-886
886
** Section: Section-886
*Solid Section, elset=Set-886, material=MAT_886
,
*Elset, elset=Set-887
887
** Section: Section-887
*Solid Section, elset=Set-887, material=MAT_887
,
*Elset, elset=Set-888
888
** Section: Section-888
*Solid Section, elset=Set-888, material=MAT_888
,
*Elset, elset=Set-889
889
** Section: Section-889
*Solid Section, elset=Set-889, material=MAT_889
,
*Elset, elset=Set-890
890
** Section: Section-890
*Solid Section, elset=Set-890, material=MAT_890
,
*Elset, elset=Set-891
891
** Section: Section-891
*Solid Section, elset=Set-891, material=MAT_891
,
*Elset, elset=Set-892
892
** Section: Section-892
*Solid Section, elset=Set-892, material=MAT_892
,
*Elset, elset=Set-893
893
** Section: Section-893
*Solid Section, elset=Set-893, material=MAT_893
,
*Elset, elset=Set-894
894
** Section: Section-894
*Solid Section, elset=Set-894, material=MAT_894
,
*Elset, elset=Set-895
895
** Section: Section-895
*Solid Section, elset=Set-895, material=MAT_895
,
*Elset, elset=Set-896
896
** Section: Section-896
*Solid Section, elset=Set-896, material=MAT_896
,
*Elset, elset=Set-897
897
** Section: Section-897
*Solid Section, elset=Set-897, material=MAT_897
,
*Elset, elset=Set-898
898
** Section: Section-898
*Solid Section, elset=Set-898, material=MAT_898
,
*Elset, elset=Set-899
899
** Section: Section-899
*Solid Section, elset=Set-899, material=MAT_899
,
*Elset, elset=Set-900
900
** Section: Section-900
*Solid Section, elset=Set-900, material=MAT_900
,
*Elset, elset=Set-901
901
** Section: Section-901
*Solid Section, elset=Set-901, material=MAT_901
,
*Elset, elset=Set-902
902
** Section: Section-902
*Solid Section, elset=Set-902, material=MAT_902
,
*Elset, elset=Set-903
903
** Section: Section-903
*Solid Section, elset=Set-903, material=MAT_903
,
*Elset, elset=Set-904
904
** Section: Section-904
*Solid Section, elset=Set-904, material=MAT_904
,
*Elset, elset=Set-905
905
** Section: Section-905
*Solid Section, elset=Set-905, material=MAT_905
,
*Elset, elset=Set-906
906
** Section: Section-906
*Solid Section, elset=Set-906, material=MAT_906
,
*Elset, elset=Set-907
907
** Section: Section-907
*Solid Section, elset=Set-907, material=MAT_907
,
*Elset, elset=Set-908
908
** Section: Section-908
*Solid Section, elset=Set-908, material=MAT_908
,
*Elset, elset=Set-909
909
** Section: Section-909
*Solid Section, elset=Set-909, material=MAT_909
,
*Elset, elset=Set-910
910
** Section: Section-910
*Solid Section, elset=Set-910, material=MAT_910
,
*Elset, elset=Set-911
911
** Section: Section-911
*Solid Section, elset=Set-911, material=MAT_911
,
*Elset, elset=Set-912
912
** Section: Section-912
*Solid Section, elset=Set-912, material=MAT_912
,
*Elset, elset=Set-913
913
** Section: Section-913
*Solid Section, elset=Set-913, material=MAT_913
,
*Elset, elset=Set-914
914
** Section: Section-914
*Solid Section, elset=Set-914, material=MAT_914
,
*Elset, elset=Set-915
915
** Section: Section-915
*Solid Section, elset=Set-915, material=MAT_915
,
*Elset, elset=Set-916
916
** Section: Section-916
*Solid Section, elset=Set-916, material=MAT_916
,
*Elset, elset=Set-917
917
** Section: Section-917
*Solid Section, elset=Set-917, material=MAT_917
,
*Elset, elset=Set-918
918
** Section: Section-918
*Solid Section, elset=Set-918, material=MAT_918
,
*Elset, elset=Set-919
919
** Section: Section-919
*Solid Section, elset=Set-919, material=MAT_919
,
*Elset, elset=Set-920
920
** Section: Section-920
*Solid Section, elset=Set-920, material=MAT_920
,
*Elset, elset=Set-921
921
** Section: Section-921
*Solid Section, elset=Set-921, material=MAT_921
,
*Elset, elset=Set-922
922
** Section: Section-922
*Solid Section, elset=Set-922, material=MAT_922
,
*Elset, elset=Set-923
923
** Section: Section-923
*Solid Section, elset=Set-923, material=MAT_923
,
*Elset, elset=Set-924
924
** Section: Section-924
*Solid Section, elset=Set-924, material=MAT_924
,
*Elset, elset=Set-925
925
** Section: Section-925
*Solid Section, elset=Set-925, material=MAT_925
,
*Elset, elset=Set-926
926
** Section: Section-926
*Solid Section, elset=Set-926, material=MAT_926
,
*Elset, elset=Set-927
927
** Section: Section-927
*Solid Section, elset=Set-927, material=MAT_927
,
*Elset, elset=Set-928
928
** Section: Section-928
*Solid Section, elset=Set-928, material=MAT_928
,
*Elset, elset=Set-929
929
** Section: Section-929
*Solid Section, elset=Set-929, material=MAT_929
,
*Elset, elset=Set-930
930
** Section: Section-930
*Solid Section, elset=Set-930, material=MAT_930
,
*Elset, elset=Set-931
931
** Section: Section-931
*Solid Section, elset=Set-931, material=MAT_931
,
*Elset, elset=Set-932
932
** Section: Section-932
*Solid Section, elset=Set-932, material=MAT_932
,
*Elset, elset=Set-933
933
** Section: Section-933
*Solid Section, elset=Set-933, material=MAT_933
,
*Elset, elset=Set-934
934
** Section: Section-934
*Solid Section, elset=Set-934, material=MAT_934
,
*Elset, elset=Set-935
935
** Section: Section-935
*Solid Section, elset=Set-935, material=MAT_935
,
*Elset, elset=Set-936
936
** Section: Section-936
*Solid Section, elset=Set-936, material=MAT_936
,
*Elset, elset=Set-937
937
** Section: Section-937
*Solid Section, elset=Set-937, material=MAT_937
,
*Elset, elset=Set-938
938
** Section: Section-938
*Solid Section, elset=Set-938, material=MAT_938
,
*Elset, elset=Set-939
939
** Section: Section-939
*Solid Section, elset=Set-939, material=MAT_939
,
*Elset, elset=Set-940
940
** Section: Section-940
*Solid Section, elset=Set-940, material=MAT_940
,
*Elset, elset=Set-941
941
** Section: Section-941
*Solid Section, elset=Set-941, material=MAT_941
,
*Elset, elset=Set-942
942
** Section: Section-942
*Solid Section, elset=Set-942, material=MAT_942
,
*Elset, elset=Set-943
943
** Section: Section-943
*Solid Section, elset=Set-943, material=MAT_943
,
*Elset, elset=Set-944
944
** Section: Section-944
*Solid Section, elset=Set-944, material=MAT_944
,
*Elset, elset=Set-945
945
** Section: Section-945
*Solid Section, elset=Set-945, material=MAT_945
,
*Elset, elset=Set-946
946
** Section: Section-946
*Solid Section, elset=Set-946, material=MAT_946
,
*Elset, elset=Set-947
947
** Section: Section-947
*Solid Section, elset=Set-947, material=MAT_947
,
*Elset, elset=Set-948
948
** Section: Section-948
*Solid Section, elset=Set-948, material=MAT_948
,
*Elset, elset=Set-949
949
** Section: Section-949
*Solid Section, elset=Set-949, material=MAT_949
,
*Elset, elset=Set-950
950
** Section: Section-950
*Solid Section, elset=Set-950, material=MAT_950
,
*Elset, elset=Set-951
951
** Section: Section-951
*Solid Section, elset=Set-951, material=MAT_951
,
*Elset, elset=Set-952
952
** Section: Section-952
*Solid Section, elset=Set-952, material=MAT_952
,
*Elset, elset=Set-953
953
** Section: Section-953
*Solid Section, elset=Set-953, material=MAT_953
,
*Elset, elset=Set-954
954
** Section: Section-954
*Solid Section, elset=Set-954, material=MAT_954
,
*Elset, elset=Set-955
955
** Section: Section-955
*Solid Section, elset=Set-955, material=MAT_955
,
*Elset, elset=Set-956
956
** Section: Section-956
*Solid Section, elset=Set-956, material=MAT_956
,
*Elset, elset=Set-957
957
** Section: Section-957
*Solid Section, elset=Set-957, material=MAT_957
,
*Elset, elset=Set-958
958
** Section: Section-958
*Solid Section, elset=Set-958, material=MAT_958
,
*Elset, elset=Set-959
959
** Section: Section-959
*Solid Section, elset=Set-959, material=MAT_959
,
*Elset, elset=Set-960
960
** Section: Section-960
*Solid Section, elset=Set-960, material=MAT_960
,
*Elset, elset=Set-961
961
** Section: Section-961
*Solid Section, elset=Set-961, material=MAT_961
,
*Elset, elset=Set-962
962
** Section: Section-962
*Solid Section, elset=Set-962, material=MAT_962
,
*Elset, elset=Set-963
963
** Section: Section-963
*Solid Section, elset=Set-963, material=MAT_963
,
*Elset, elset=Set-964
964
** Section: Section-964
*Solid Section, elset=Set-964, material=MAT_964
,
*Elset, elset=Set-965
965
** Section: Section-965
*Solid Section, elset=Set-965, material=MAT_965
,
*Elset, elset=Set-966
966
** Section: Section-966
*Solid Section, elset=Set-966, material=MAT_966
,
*Elset, elset=Set-967
967
** Section: Section-967
*Solid Section, elset=Set-967, material=MAT_967
,
*Elset, elset=Set-968
968
** Section: Section-968
*Solid Section, elset=Set-968, material=MAT_968
,
*Elset, elset=Set-969
969
** Section: Section-969
*Solid Section, elset=Set-969, material=MAT_969
,
*Elset, elset=Set-970
970
** Section: Section-970
*Solid Section, elset=Set-970, material=MAT_970
,
*Elset, elset=Set-971
971
** Section: Section-971
*Solid Section, elset=Set-971, material=MAT_971
,
*Elset, elset=Set-972
972
** Section: Section-972
*Solid Section, elset=Set-972, material=MAT_972
,
*Elset, elset=Set-973
973
** Section: Section-973
*Solid Section, elset=Set-973, material=MAT_973
,
*Elset, elset=Set-974
974
** Section: Section-974
*Solid Section, elset=Set-974, material=MAT_974
,
*Elset, elset=Set-975
975
** Section: Section-975
*Solid Section, elset=Set-975, material=MAT_975
,
*Elset, elset=Set-976
976
** Section: Section-976
*Solid Section, elset=Set-976, material=MAT_976
,
*Elset, elset=Set-977
977
** Section: Section-977
*Solid Section, elset=Set-977, material=MAT_977
,
*Elset, elset=Set-978
978
** Section: Section-978
*Solid Section, elset=Set-978, material=MAT_978
,
*Elset, elset=Set-979
979
** Section: Section-979
*Solid Section, elset=Set-979, material=MAT_979
,
*Elset, elset=Set-980
980
** Section: Section-980
*Solid Section, elset=Set-980, material=MAT_980
,
*Elset, elset=Set-981
981
** Section: Section-981
*Solid Section, elset=Set-981, material=MAT_981
,
*Elset, elset=Set-982
982
** Section: Section-982
*Solid Section, elset=Set-982, material=MAT_982
,
*Elset, elset=Set-983
983
** Section: Section-983
*Solid Section, elset=Set-983, material=MAT_983
,
*Elset, elset=Set-984
984
** Section: Section-984
*Solid Section, elset=Set-984, material=MAT_984
,
*Elset, elset=Set-985
985
** Section: Section-985
*Solid Section, elset=Set-985, material=MAT_985
,
*Elset, elset=Set-986
986
** Section: Section-986
*Solid Section, elset=Set-986, material=MAT_986
,
*Elset, elset=Set-987
987
** Section: Section-987
*Solid Section, elset=Set-987, material=MAT_987
,
*Elset, elset=Set-988
988
** Section: Section-988
*Solid Section, elset=Set-988, material=MAT_988
,
*Elset, elset=Set-989
989
** Section: Section-989
*Solid Section, elset=Set-989, material=MAT_989
,
*Elset, elset=Set-990
990
** Section: Section-990
*Solid Section, elset=Set-990, material=MAT_990
,
*Elset, elset=Set-991
991
** Section: Section-991
*Solid Section, elset=Set-991, material=MAT_991
,
*Elset, elset=Set-992
992
** Section: Section-992
*Solid Section, elset=Set-992, material=MAT_992
,
*Elset, elset=Set-993
993
** Section: Section-993
*Solid Section, elset=Set-993, material=MAT_993
,
*Elset, elset=Set-994
994
** Section: Section-994
*Solid Section, elset=Set-994, material=MAT_994
,
*Elset, elset=Set-995
995
** Section: Section-995
*Solid Section, elset=Set-995, material=MAT_995
,
*Elset, elset=Set-996
996
** Section: Section-996
*Solid Section, elset=Set-996, material=MAT_996
,
*Elset, elset=Set-997
997
** Section: Section-997
*Solid Section, elset=Set-997, material=MAT_997
,
*Elset, elset=Set-998
998
** Section: Section-998
*Solid Section, elset=Set-998, material=MAT_998
,
*Elset, elset=Set-999
999
** Section: Section-999
*Solid Section, elset=Set-999, material=MAT_999
,
*Elset, elset=Set-1000
1000
** Section: Section-1000
*Solid Section, elset=Set-1000, material=MAT_1000
,
*Elset, elset=Set-1001
1001
** Section: Section-1001
*Solid Section, elset=Set-1001, material=MAT_1001
,
*Elset, elset=Set-1002
1002
** Section: Section-1002
*Solid Section, elset=Set-1002, material=MAT_1002
,
*Elset, elset=Set-1003
1003
** Section: Section-1003
*Solid Section, elset=Set-1003, material=MAT_1003
,
*Elset, elset=Set-1004
1004
** Section: Section-1004
*Solid Section, elset=Set-1004, material=MAT_1004
,
*Elset, elset=Set-1005
1005
** Section: Section-1005
*Solid Section, elset=Set-1005, material=MAT_1005
,
*Elset, elset=Set-1006
1006
** Section: Section-1006
*Solid Section, elset=Set-1006, material=MAT_1006
,
*Elset, elset=Set-1007
1007
** Section: Section-1007
*Solid Section, elset=Set-1007, material=MAT_1007
,
*Elset, elset=Set-1008
1008
** Section: Section-1008
*Solid Section, elset=Set-1008, material=MAT_1008
,
*Elset, elset=Set-1009
1009
** Section: Section-1009
*Solid Section, elset=Set-1009, material=MAT_1009
,
*Elset, elset=Set-1010
1010
** Section: Section-1010
*Solid Section, elset=Set-1010, material=MAT_1010
,
*Elset, elset=Set-1011
1011
** Section: Section-1011
*Solid Section, elset=Set-1011, material=MAT_1011
,
*Elset, elset=Set-1012
1012
** Section: Section-1012
*Solid Section, elset=Set-1012, material=MAT_1012
,
*Elset, elset=Set-1013
1013
** Section: Section-1013
*Solid Section, elset=Set-1013, material=MAT_1013
,
*Elset, elset=Set-1014
1014
** Section: Section-1014
*Solid Section, elset=Set-1014, material=MAT_1014
,
*Elset, elset=Set-1015
1015
** Section: Section-1015
*Solid Section, elset=Set-1015, material=MAT_1015
,
*Elset, elset=Set-1016
1016
** Section: Section-1016
*Solid Section, elset=Set-1016, material=MAT_1016
,
*Elset, elset=Set-1017
1017
** Section: Section-1017
*Solid Section, elset=Set-1017, material=MAT_1017
,
*Elset, elset=Set-1018
1018
** Section: Section-1018
*Solid Section, elset=Set-1018, material=MAT_1018
,
*Elset, elset=Set-1019
1019
** Section: Section-1019
*Solid Section, elset=Set-1019, material=MAT_1019
,
*Elset, elset=Set-1020
1020
** Section: Section-1020
*Solid Section, elset=Set-1020, material=MAT_1020
,
*Elset, elset=Set-1021
1021
** Section: Section-1021
*Solid Section, elset=Set-1021, material=MAT_1021
,
*Elset, elset=Set-1022
1022
** Section: Section-1022
*Solid Section, elset=Set-1022, material=MAT_1022
,
*Elset, elset=Set-1023
1023
** Section: Section-1023
*Solid Section, elset=Set-1023, material=MAT_1023
,
*Elset, elset=Set-1024
1024
** Section: Section-1024
*Solid Section, elset=Set-1024, material=MAT_1024
,
*Elset, elset=Set-1025
1025
** Section: Section-1025
*Solid Section, elset=Set-1025, material=MAT_1025
,
*Elset, elset=Set-1026
1026
** Section: Section-1026
*Solid Section, elset=Set-1026, material=MAT_1026
,
*Elset, elset=Set-1027
1027
** Section: Section-1027
*Solid Section, elset=Set-1027, material=MAT_1027
,
*Elset, elset=Set-1028
1028
** Section: Section-1028
*Solid Section, elset=Set-1028, material=MAT_1028
,
*Elset, elset=Set-1029
1029
** Section: Section-1029
*Solid Section, elset=Set-1029, material=MAT_1029
,
*Elset, elset=Set-1030
1030
** Section: Section-1030
*Solid Section, elset=Set-1030, material=MAT_1030
,
*Elset, elset=Set-1031
1031
** Section: Section-1031
*Solid Section, elset=Set-1031, material=MAT_1031
,
*Elset, elset=Set-1032
1032
** Section: Section-1032
*Solid Section, elset=Set-1032, material=MAT_1032
,
*Elset, elset=Set-1033
1033
** Section: Section-1033
*Solid Section, elset=Set-1033, material=MAT_1033
,
*Elset, elset=Set-1034
1034
** Section: Section-1034
*Solid Section, elset=Set-1034, material=MAT_1034
,
*Elset, elset=Set-1035
1035
** Section: Section-1035
*Solid Section, elset=Set-1035, material=MAT_1035
,
*Elset, elset=Set-1036
1036
** Section: Section-1036
*Solid Section, elset=Set-1036, material=MAT_1036
,
*Elset, elset=Set-1037
1037
** Section: Section-1037
*Solid Section, elset=Set-1037, material=MAT_1037
,
*Elset, elset=Set-1038
1038
** Section: Section-1038
*Solid Section, elset=Set-1038, material=MAT_1038
,
*Elset, elset=Set-1039
1039
** Section: Section-1039
*Solid Section, elset=Set-1039, material=MAT_1039
,
*Elset, elset=Set-1040
1040
** Section: Section-1040
*Solid Section, elset=Set-1040, material=MAT_1040
,
*Elset, elset=Set-1041
1041
** Section: Section-1041
*Solid Section, elset=Set-1041, material=MAT_1041
,
*Elset, elset=Set-1042
1042
** Section: Section-1042
*Solid Section, elset=Set-1042, material=MAT_1042
,
*Elset, elset=Set-1043
1043
** Section: Section-1043
*Solid Section, elset=Set-1043, material=MAT_1043
,
*Elset, elset=Set-1044
1044
** Section: Section-1044
*Solid Section, elset=Set-1044, material=MAT_1044
,
*Elset, elset=Set-1045
1045
** Section: Section-1045
*Solid Section, elset=Set-1045, material=MAT_1045
,
*Elset, elset=Set-1046
1046
** Section: Section-1046
*Solid Section, elset=Set-1046, material=MAT_1046
,
*Elset, elset=Set-1047
1047
** Section: Section-1047
*Solid Section, elset=Set-1047, material=MAT_1047
,
*Elset, elset=Set-1048
1048
** Section: Section-1048
*Solid Section, elset=Set-1048, material=MAT_1048
,
*Elset, elset=Set-1049
1049
** Section: Section-1049
*Solid Section, elset=Set-1049, material=MAT_1049
,
*Elset, elset=Set-1050
1050
** Section: Section-1050
*Solid Section, elset=Set-1050, material=MAT_1050
,
*Elset, elset=Set-1051
1051
** Section: Section-1051
*Solid Section, elset=Set-1051, material=MAT_1051
,
*Elset, elset=Set-1052
1052
** Section: Section-1052
*Solid Section, elset=Set-1052, material=MAT_1052
,
*Elset, elset=Set-1053
1053
** Section: Section-1053
*Solid Section, elset=Set-1053, material=MAT_1053
,
*Elset, elset=Set-1054
1054
** Section: Section-1054
*Solid Section, elset=Set-1054, material=MAT_1054
,
*Elset, elset=Set-1055
1055
** Section: Section-1055
*Solid Section, elset=Set-1055, material=MAT_1055
,
*Elset, elset=Set-1056
1056
** Section: Section-1056
*Solid Section, elset=Set-1056, material=MAT_1056
,
*Elset, elset=Set-1057
1057
** Section: Section-1057
*Solid Section, elset=Set-1057, material=MAT_1057
,
*Elset, elset=Set-1058
1058
** Section: Section-1058
*Solid Section, elset=Set-1058, material=MAT_1058
,
*Elset, elset=Set-1059
1059
** Section: Section-1059
*Solid Section, elset=Set-1059, material=MAT_1059
,
*Elset, elset=Set-1060
1060
** Section: Section-1060
*Solid Section, elset=Set-1060, material=MAT_1060
,
*Elset, elset=Set-1061
1061
** Section: Section-1061
*Solid Section, elset=Set-1061, material=MAT_1061
,
*Elset, elset=Set-1062
1062
** Section: Section-1062
*Solid Section, elset=Set-1062, material=MAT_1062
,
*Elset, elset=Set-1063
1063
** Section: Section-1063
*Solid Section, elset=Set-1063, material=MAT_1063
,
*Elset, elset=Set-1064
1064
** Section: Section-1064
*Solid Section, elset=Set-1064, material=MAT_1064
,
*Elset, elset=Set-1065
1065
** Section: Section-1065
*Solid Section, elset=Set-1065, material=MAT_1065
,
*Elset, elset=Set-1066
1066
** Section: Section-1066
*Solid Section, elset=Set-1066, material=MAT_1066
,
*Elset, elset=Set-1067
1067
** Section: Section-1067
*Solid Section, elset=Set-1067, material=MAT_1067
,
*Elset, elset=Set-1068
1068
** Section: Section-1068
*Solid Section, elset=Set-1068, material=MAT_1068
,
*Elset, elset=Set-1069
1069
** Section: Section-1069
*Solid Section, elset=Set-1069, material=MAT_1069
,
*Elset, elset=Set-1070
1070
** Section: Section-1070
*Solid Section, elset=Set-1070, material=MAT_1070
,
*Elset, elset=Set-1071
1071
** Section: Section-1071
*Solid Section, elset=Set-1071, material=MAT_1071
,
*Elset, elset=Set-1072
1072
** Section: Section-1072
*Solid Section, elset=Set-1072, material=MAT_1072
,
*Elset, elset=Set-1073
1073
** Section: Section-1073
*Solid Section, elset=Set-1073, material=MAT_1073
,
*Elset, elset=Set-1074
1074
** Section: Section-1074
*Solid Section, elset=Set-1074, material=MAT_1074
,
*Elset, elset=Set-1075
1075
** Section: Section-1075
*Solid Section, elset=Set-1075, material=MAT_1075
,
*Elset, elset=Set-1076
1076
** Section: Section-1076
*Solid Section, elset=Set-1076, material=MAT_1076
,
*Elset, elset=Set-1077
1077
** Section: Section-1077
*Solid Section, elset=Set-1077, material=MAT_1077
,
*Elset, elset=Set-1078
1078
** Section: Section-1078
*Solid Section, elset=Set-1078, material=MAT_1078
,
*Elset, elset=Set-1079
1079
** Section: Section-1079
*Solid Section, elset=Set-1079, material=MAT_1079
,
*Elset, elset=Set-1080
1080
** Section: Section-1080
*Solid Section, elset=Set-1080, material=MAT_1080
,
*Elset, elset=Set-1081
1081
** Section: Section-1081
*Solid Section, elset=Set-1081, material=MAT_1081
,
*Elset, elset=Set-1082
1082
** Section: Section-1082
*Solid Section, elset=Set-1082, material=MAT_1082
,
*Elset, elset=Set-1083
1083
** Section: Section-1083
*Solid Section, elset=Set-1083, material=MAT_1083
,
*Elset, elset=Set-1084
1084
** Section: Section-1084
*Solid Section, elset=Set-1084, material=MAT_1084
,
*Elset, elset=Set-1085
1085
** Section: Section-1085
*Solid Section, elset=Set-1085, material=MAT_1085
,
*Elset, elset=Set-1086
1086
** Section: Section-1086
*Solid Section, elset=Set-1086, material=MAT_1086
,
*Elset, elset=Set-1087
1087
** Section: Section-1087
*Solid Section, elset=Set-1087, material=MAT_1087
,
*Elset, elset=Set-1088
1088
** Section: Section-1088
*Solid Section, elset=Set-1088, material=MAT_1088
,
*Elset, elset=Set-1089
1089
** Section: Section-1089
*Solid Section, elset=Set-1089, material=MAT_1089
,
*Elset, elset=Set-1090
1090
** Section: Section-1090
*Solid Section, elset=Set-1090, material=MAT_1090
,
*Elset, elset=Set-1091
1091
** Section: Section-1091
*Solid Section, elset=Set-1091, material=MAT_1091
,
*Elset, elset=Set-1092
1092
** Section: Section-1092
*Solid Section, elset=Set-1092, material=MAT_1092
,
*Elset, elset=Set-1093
1093
** Section: Section-1093
*Solid Section, elset=Set-1093, material=MAT_1093
,
*Elset, elset=Set-1094
1094
** Section: Section-1094
*Solid Section, elset=Set-1094, material=MAT_1094
,
*Elset, elset=Set-1095
1095
** Section: Section-1095
*Solid Section, elset=Set-1095, material=MAT_1095
,
*Elset, elset=Set-1096
1096
** Section: Section-1096
*Solid Section, elset=Set-1096, material=MAT_1096
,
*Elset, elset=Set-1097
1097
** Section: Section-1097
*Solid Section, elset=Set-1097, material=MAT_1097
,
*Elset, elset=Set-1098
1098
** Section: Section-1098
*Solid Section, elset=Set-1098, material=MAT_1098
,
*Elset, elset=Set-1099
1099
** Section: Section-1099
*Solid Section, elset=Set-1099, material=MAT_1099
,
*Elset, elset=Set-1100
1100
** Section: Section-1100
*Solid Section, elset=Set-1100, material=MAT_1100
,
*Elset, elset=Set-1101
1101
** Section: Section-1101
*Solid Section, elset=Set-1101, material=MAT_1101
,
*Elset, elset=Set-1102
1102
** Section: Section-1102
*Solid Section, elset=Set-1102, material=MAT_1102
,
*Elset, elset=Set-1103
1103
** Section: Section-1103
*Solid Section, elset=Set-1103, material=MAT_1103
,
*Elset, elset=Set-1104
1104
** Section: Section-1104
*Solid Section, elset=Set-1104, material=MAT_1104
,
*Elset, elset=Set-1105
1105
** Section: Section-1105
*Solid Section, elset=Set-1105, material=MAT_1105
,
*Elset, elset=Set-1106
1106
** Section: Section-1106
*Solid Section, elset=Set-1106, material=MAT_1106
,
*Elset, elset=Set-1107
1107
** Section: Section-1107
*Solid Section, elset=Set-1107, material=MAT_1107
,
*Elset, elset=Set-1108
1108
** Section: Section-1108
*Solid Section, elset=Set-1108, material=MAT_1108
,
*Elset, elset=Set-1109
1109
** Section: Section-1109
*Solid Section, elset=Set-1109, material=MAT_1109
,
*Elset, elset=Set-1110
1110
** Section: Section-1110
*Solid Section, elset=Set-1110, material=MAT_1110
,
*Elset, elset=Set-1111
1111
** Section: Section-1111
*Solid Section, elset=Set-1111, material=MAT_1111
,
*Elset, elset=Set-1112
1112
** Section: Section-1112
*Solid Section, elset=Set-1112, material=MAT_1112
,
*Elset, elset=Set-1113
1113
** Section: Section-1113
*Solid Section, elset=Set-1113, material=MAT_1113
,
*Elset, elset=Set-1114
1114
** Section: Section-1114
*Solid Section, elset=Set-1114, material=MAT_1114
,
*Elset, elset=Set-1115
1115
** Section: Section-1115
*Solid Section, elset=Set-1115, material=MAT_1115
,
*Elset, elset=Set-1116
1116
** Section: Section-1116
*Solid Section, elset=Set-1116, material=MAT_1116
,
*Elset, elset=Set-1117
1117
** Section: Section-1117
*Solid Section, elset=Set-1117, material=MAT_1117
,
*Elset, elset=Set-1118
1118
** Section: Section-1118
*Solid Section, elset=Set-1118, material=MAT_1118
,
*Elset, elset=Set-1119
1119
** Section: Section-1119
*Solid Section, elset=Set-1119, material=MAT_1119
,
*Elset, elset=Set-1120
1120
** Section: Section-1120
*Solid Section, elset=Set-1120, material=MAT_1120
,
*Elset, elset=Set-1121
1121
** Section: Section-1121
*Solid Section, elset=Set-1121, material=MAT_1121
,
*Elset, elset=Set-1122
1122
** Section: Section-1122
*Solid Section, elset=Set-1122, material=MAT_1122
,
*Elset, elset=Set-1123
1123
** Section: Section-1123
*Solid Section, elset=Set-1123, material=MAT_1123
,
*Elset, elset=Set-1124
1124
** Section: Section-1124
*Solid Section, elset=Set-1124, material=MAT_1124
,
*Elset, elset=Set-1125
1125
** Section: Section-1125
*Solid Section, elset=Set-1125, material=MAT_1125
,
*Elset, elset=Set-1126
1126
** Section: Section-1126
*Solid Section, elset=Set-1126, material=MAT_1126
,
*Elset, elset=Set-1127
1127
** Section: Section-1127
*Solid Section, elset=Set-1127, material=MAT_1127
,
*Elset, elset=Set-1128
1128
** Section: Section-1128
*Solid Section, elset=Set-1128, material=MAT_1128
,
*Elset, elset=Set-1129
1129
** Section: Section-1129
*Solid Section, elset=Set-1129, material=MAT_1129
,
*Elset, elset=Set-1130
1130
** Section: Section-1130
*Solid Section, elset=Set-1130, material=MAT_1130
,
*Elset, elset=Set-1131
1131
** Section: Section-1131
*Solid Section, elset=Set-1131, material=MAT_1131
,
*Elset, elset=Set-1132
1132
** Section: Section-1132
*Solid Section, elset=Set-1132, material=MAT_1132
,
*Elset, elset=Set-1133
1133
** Section: Section-1133
*Solid Section, elset=Set-1133, material=MAT_1133
,
*Elset, elset=Set-1134
1134
** Section: Section-1134
*Solid Section, elset=Set-1134, material=MAT_1134
,
*Elset, elset=Set-1135
1135
** Section: Section-1135
*Solid Section, elset=Set-1135, material=MAT_1135
,
*Elset, elset=Set-1136
1136
** Section: Section-1136
*Solid Section, elset=Set-1136, material=MAT_1136
,
*Elset, elset=Set-1137
1137
** Section: Section-1137
*Solid Section, elset=Set-1137, material=MAT_1137
,
*Elset, elset=Set-1138
1138
** Section: Section-1138
*Solid Section, elset=Set-1138, material=MAT_1138
,
*Elset, elset=Set-1139
1139
** Section: Section-1139
*Solid Section, elset=Set-1139, material=MAT_1139
,
*Elset, elset=Set-1140
1140
** Section: Section-1140
*Solid Section, elset=Set-1140, material=MAT_1140
,
*Elset, elset=Set-1141
1141
** Section: Section-1141
*Solid Section, elset=Set-1141, material=MAT_1141
,
*Elset, elset=Set-1142
1142
** Section: Section-1142
*Solid Section, elset=Set-1142, material=MAT_1142
,
*Elset, elset=Set-1143
1143
** Section: Section-1143
*Solid Section, elset=Set-1143, material=MAT_1143
,
*Elset, elset=Set-1144
1144
** Section: Section-1144
*Solid Section, elset=Set-1144, material=MAT_1144
,
*Elset, elset=Set-1145
1145
** Section: Section-1145
*Solid Section, elset=Set-1145, material=MAT_1145
,
*Elset, elset=Set-1146
1146
** Section: Section-1146
*Solid Section, elset=Set-1146, material=MAT_1146
,
*Elset, elset=Set-1147
1147
** Section: Section-1147
*Solid Section, elset=Set-1147, material=MAT_1147
,
*Elset, elset=Set-1148
1148
** Section: Section-1148
*Solid Section, elset=Set-1148, material=MAT_1148
,
*Elset, elset=Set-1149
1149
** Section: Section-1149
*Solid Section, elset=Set-1149, material=MAT_1149
,
*Elset, elset=Set-1150
1150
** Section: Section-1150
*Solid Section, elset=Set-1150, material=MAT_1150
,
*Elset, elset=Set-1151
1151
** Section: Section-1151
*Solid Section, elset=Set-1151, material=MAT_1151
,
*Elset, elset=Set-1152
1152
** Section: Section-1152
*Solid Section, elset=Set-1152, material=MAT_1152
,
*Elset, elset=Set-1153
1153
** Section: Section-1153
*Solid Section, elset=Set-1153, material=MAT_1153
,
*Elset, elset=Set-1154
1154
** Section: Section-1154
*Solid Section, elset=Set-1154, material=MAT_1154
,
*Elset, elset=Set-1155
1155
** Section: Section-1155
*Solid Section, elset=Set-1155, material=MAT_1155
,
*Elset, elset=Set-1156
1156
** Section: Section-1156
*Solid Section, elset=Set-1156, material=MAT_1156
,
*Elset, elset=Set-1157
1157
** Section: Section-1157
*Solid Section, elset=Set-1157, material=MAT_1157
,
*Elset, elset=Set-1158
1158
** Section: Section-1158
*Solid Section, elset=Set-1158, material=MAT_1158
,
*Elset, elset=Set-1159
1159
** Section: Section-1159
*Solid Section, elset=Set-1159, material=MAT_1159
,
*Elset, elset=Set-1160
1160
** Section: Section-1160
*Solid Section, elset=Set-1160, material=MAT_1160
,
*Elset, elset=Set-1161
1161
** Section: Section-1161
*Solid Section, elset=Set-1161, material=MAT_1161
,
*Elset, elset=Set-1162
1162
** Section: Section-1162
*Solid Section, elset=Set-1162, material=MAT_1162
,
*Elset, elset=Set-1163
1163
** Section: Section-1163
*Solid Section, elset=Set-1163, material=MAT_1163
,
*Elset, elset=Set-1164
1164
** Section: Section-1164
*Solid Section, elset=Set-1164, material=MAT_1164
,
*Elset, elset=Set-1165
1165
** Section: Section-1165
*Solid Section, elset=Set-1165, material=MAT_1165
,
*Elset, elset=Set-1166
1166
** Section: Section-1166
*Solid Section, elset=Set-1166, material=MAT_1166
,
*Elset, elset=Set-1167
1167
** Section: Section-1167
*Solid Section, elset=Set-1167, material=MAT_1167
,
*Elset, elset=Set-1168
1168
** Section: Section-1168
*Solid Section, elset=Set-1168, material=MAT_1168
,
*Elset, elset=Set-1169
1169
** Section: Section-1169
*Solid Section, elset=Set-1169, material=MAT_1169
,
*Elset, elset=Set-1170
1170
** Section: Section-1170
*Solid Section, elset=Set-1170, material=MAT_1170
,
*Elset, elset=Set-1171
1171
** Section: Section-1171
*Solid Section, elset=Set-1171, material=MAT_1171
,
*Elset, elset=Set-1172
1172
** Section: Section-1172
*Solid Section, elset=Set-1172, material=MAT_1172
,
*Elset, elset=Set-1173
1173
** Section: Section-1173
*Solid Section, elset=Set-1173, material=MAT_1173
,
*Elset, elset=Set-1174
1174
** Section: Section-1174
*Solid Section, elset=Set-1174, material=MAT_1174
,
*Elset, elset=Set-1175
1175
** Section: Section-1175
*Solid Section, elset=Set-1175, material=MAT_1175
,
*Elset, elset=Set-1176
1176
** Section: Section-1176
*Solid Section, elset=Set-1176, material=MAT_1176
,
*Elset, elset=Set-1177
1177
** Section: Section-1177
*Solid Section, elset=Set-1177, material=MAT_1177
,
*Elset, elset=Set-1178
1178
** Section: Section-1178
*Solid Section, elset=Set-1178, material=MAT_1178
,
*Elset, elset=Set-1179
1179
** Section: Section-1179
*Solid Section, elset=Set-1179, material=MAT_1179
,
*Elset, elset=Set-1180
1180
** Section: Section-1180
*Solid Section, elset=Set-1180, material=MAT_1180
,
*Elset, elset=Set-1181
1181
** Section: Section-1181
*Solid Section, elset=Set-1181, material=MAT_1181
,
*Elset, elset=Set-1182
1182
** Section: Section-1182
*Solid Section, elset=Set-1182, material=MAT_1182
,
*Elset, elset=Set-1183
1183
** Section: Section-1183
*Solid Section, elset=Set-1183, material=MAT_1183
,
*Elset, elset=Set-1184
1184
** Section: Section-1184
*Solid Section, elset=Set-1184, material=MAT_1184
,
*Elset, elset=Set-1185
1185
** Section: Section-1185
*Solid Section, elset=Set-1185, material=MAT_1185
,
*Elset, elset=Set-1186
1186
** Section: Section-1186
*Solid Section, elset=Set-1186, material=MAT_1186
,
*Elset, elset=Set-1187
1187
** Section: Section-1187
*Solid Section, elset=Set-1187, material=MAT_1187
,
*Elset, elset=Set-1188
1188
** Section: Section-1188
*Solid Section, elset=Set-1188, material=MAT_1188
,
*Elset, elset=Set-1189
1189
** Section: Section-1189
*Solid Section, elset=Set-1189, material=MAT_1189
,
*Elset, elset=Set-1190
1190
** Section: Section-1190
*Solid Section, elset=Set-1190, material=MAT_1190
,
*Elset, elset=Set-1191
1191
** Section: Section-1191
*Solid Section, elset=Set-1191, material=MAT_1191
,
*Elset, elset=Set-1192
1192
** Section: Section-1192
*Solid Section, elset=Set-1192, material=MAT_1192
,
*Elset, elset=Set-1193
1193
** Section: Section-1193
*Solid Section, elset=Set-1193, material=MAT_1193
,
*Elset, elset=Set-1194
1194
** Section: Section-1194
*Solid Section, elset=Set-1194, material=MAT_1194
,
*Elset, elset=Set-1195
1195
** Section: Section-1195
*Solid Section, elset=Set-1195, material=MAT_1195
,
*Elset, elset=Set-1196
1196
** Section: Section-1196
*Solid Section, elset=Set-1196, material=MAT_1196
,
*Elset, elset=Set-1197
1197
** Section: Section-1197
*Solid Section, elset=Set-1197, material=MAT_1197
,
*Elset, elset=Set-1198
1198
** Section: Section-1198
*Solid Section, elset=Set-1198, material=MAT_1198
,
*Elset, elset=Set-1199
1199
** Section: Section-1199
*Solid Section, elset=Set-1199, material=MAT_1199
,
*Elset, elset=Set-1200
1200
** Section: Section-1200
*Solid Section, elset=Set-1200, material=MAT_1200
,
*Elset, elset=Set-1201
1201
** Section: Section-1201
*Solid Section, elset=Set-1201, material=MAT_1201
,
*Elset, elset=Set-1202
1202
** Section: Section-1202
*Solid Section, elset=Set-1202, material=MAT_1202
,
*Elset, elset=Set-1203
1203
** Section: Section-1203
*Solid Section, elset=Set-1203, material=MAT_1203
,
*Elset, elset=Set-1204
1204
** Section: Section-1204
*Solid Section, elset=Set-1204, material=MAT_1204
,
*Elset, elset=Set-1205
1205
** Section: Section-1205
*Solid Section, elset=Set-1205, material=MAT_1205
,
*Elset, elset=Set-1206
1206
** Section: Section-1206
*Solid Section, elset=Set-1206, material=MAT_1206
,
*Elset, elset=Set-1207
1207
** Section: Section-1207
*Solid Section, elset=Set-1207, material=MAT_1207
,
*Elset, elset=Set-1208
1208
** Section: Section-1208
*Solid Section, elset=Set-1208, material=MAT_1208
,
*Elset, elset=Set-1209
1209
** Section: Section-1209
*Solid Section, elset=Set-1209, material=MAT_1209
,
*Elset, elset=Set-1210
1210
** Section: Section-1210
*Solid Section, elset=Set-1210, material=MAT_1210
,
*Elset, elset=Set-1211
1211
** Section: Section-1211
*Solid Section, elset=Set-1211, material=MAT_1211
,
*Elset, elset=Set-1212
1212
** Section: Section-1212
*Solid Section, elset=Set-1212, material=MAT_1212
,
*Elset, elset=Set-1213
1213
** Section: Section-1213
*Solid Section, elset=Set-1213, material=MAT_1213
,
*Elset, elset=Set-1214
1214
** Section: Section-1214
*Solid Section, elset=Set-1214, material=MAT_1214
,
*Elset, elset=Set-1215
1215
** Section: Section-1215
*Solid Section, elset=Set-1215, material=MAT_1215
,
*Elset, elset=Set-1216
1216
** Section: Section-1216
*Solid Section, elset=Set-1216, material=MAT_1216
,
*Elset, elset=Set-1217
1217
** Section: Section-1217
*Solid Section, elset=Set-1217, material=MAT_1217
,
*Elset, elset=Set-1218
1218
** Section: Section-1218
*Solid Section, elset=Set-1218, material=MAT_1218
,
*Elset, elset=Set-1219
1219
** Section: Section-1219
*Solid Section, elset=Set-1219, material=MAT_1219
,
*Elset, elset=Set-1220
1220
** Section: Section-1220
*Solid Section, elset=Set-1220, material=MAT_1220
,
*Elset, elset=Set-1221
1221
** Section: Section-1221
*Solid Section, elset=Set-1221, material=MAT_1221
,
*Elset, elset=Set-1222
1222
** Section: Section-1222
*Solid Section, elset=Set-1222, material=MAT_1222
,
*Elset, elset=Set-1223
1223
** Section: Section-1223
*Solid Section, elset=Set-1223, material=MAT_1223
,
*Elset, elset=Set-1224
1224
** Section: Section-1224
*Solid Section, elset=Set-1224, material=MAT_1224
,
*Elset, elset=Set-1225
1225
** Section: Section-1225
*Solid Section, elset=Set-1225, material=MAT_1225
,
*Elset, elset=Set-1226
1226
** Section: Section-1226
*Solid Section, elset=Set-1226, material=MAT_1226
,
*Elset, elset=Set-1227
1227
** Section: Section-1227
*Solid Section, elset=Set-1227, material=MAT_1227
,
*Elset, elset=Set-1228
1228
** Section: Section-1228
*Solid Section, elset=Set-1228, material=MAT_1228
,
*Elset, elset=Set-1229
1229
** Section: Section-1229
*Solid Section, elset=Set-1229, material=MAT_1229
,
*Elset, elset=Set-1230
1230
** Section: Section-1230
*Solid Section, elset=Set-1230, material=MAT_1230
,
*Elset, elset=Set-1231
1231
** Section: Section-1231
*Solid Section, elset=Set-1231, material=MAT_1231
,
*Elset, elset=Set-1232
1232
** Section: Section-1232
*Solid Section, elset=Set-1232, material=MAT_1232
,
*Elset, elset=Set-1233
1233
** Section: Section-1233
*Solid Section, elset=Set-1233, material=MAT_1233
,
*Elset, elset=Set-1234
1234
** Section: Section-1234
*Solid Section, elset=Set-1234, material=MAT_1234
,
*Elset, elset=Set-1235
1235
** Section: Section-1235
*Solid Section, elset=Set-1235, material=MAT_1235
,
*Elset, elset=Set-1236
1236
** Section: Section-1236
*Solid Section, elset=Set-1236, material=MAT_1236
,
*Elset, elset=Set-1237
1237
** Section: Section-1237
*Solid Section, elset=Set-1237, material=MAT_1237
,
*Elset, elset=Set-1238
1238
** Section: Section-1238
*Solid Section, elset=Set-1238, material=MAT_1238
,
*Elset, elset=Set-1239
1239
** Section: Section-1239
*Solid Section, elset=Set-1239, material=MAT_1239
,
*Elset, elset=Set-1240
1240
** Section: Section-1240
*Solid Section, elset=Set-1240, material=MAT_1240
,
*Elset, elset=Set-1241
1241
** Section: Section-1241
*Solid Section, elset=Set-1241, material=MAT_1241
,
*Elset, elset=Set-1242
1242
** Section: Section-1242
*Solid Section, elset=Set-1242, material=MAT_1242
,
*Elset, elset=Set-1243
1243
** Section: Section-1243
*Solid Section, elset=Set-1243, material=MAT_1243
,
*Elset, elset=Set-1244
1244
** Section: Section-1244
*Solid Section, elset=Set-1244, material=MAT_1244
,
*Elset, elset=Set-1245
1245
** Section: Section-1245
*Solid Section, elset=Set-1245, material=MAT_1245
,
*Elset, elset=Set-1246
1246
** Section: Section-1246
*Solid Section, elset=Set-1246, material=MAT_1246
,
*Elset, elset=Set-1247
1247
** Section: Section-1247
*Solid Section, elset=Set-1247, material=MAT_1247
,
*Elset, elset=Set-1248
1248
** Section: Section-1248
*Solid Section, elset=Set-1248, material=MAT_1248
,
*Elset, elset=Set-1249
1249
** Section: Section-1249
*Solid Section, elset=Set-1249, material=MAT_1249
,
*Elset, elset=Set-1250
1250
** Section: Section-1250
*Solid Section, elset=Set-1250, material=MAT_1250
,
*Elset, elset=Set-1251
1251
** Section: Section-1251
*Solid Section, elset=Set-1251, material=MAT_1251
,
*Elset, elset=Set-1252
1252
** Section: Section-1252
*Solid Section, elset=Set-1252, material=MAT_1252
,
*Elset, elset=Set-1253
1253
** Section: Section-1253
*Solid Section, elset=Set-1253, material=MAT_1253
,
*Elset, elset=Set-1254
1254
** Section: Section-1254
*Solid Section, elset=Set-1254, material=MAT_1254
,
*Elset, elset=Set-1255
1255
** Section: Section-1255
*Solid Section, elset=Set-1255, material=MAT_1255
,
*Elset, elset=Set-1256
1256
** Section: Section-1256
*Solid Section, elset=Set-1256, material=MAT_1256
,
*Elset, elset=Set-1257
1257
** Section: Section-1257
*Solid Section, elset=Set-1257, material=MAT_1257
,
*Elset, elset=Set-1258
1258
** Section: Section-1258
*Solid Section, elset=Set-1258, material=MAT_1258
,
*Elset, elset=Set-1259
1259
** Section: Section-1259
*Solid Section, elset=Set-1259, material=MAT_1259
,
*Elset, elset=Set-1260
1260
** Section: Section-1260
*Solid Section, elset=Set-1260, material=MAT_1260
,
*Elset, elset=Set-1261
1261
** Section: Section-1261
*Solid Section, elset=Set-1261, material=MAT_1261
,
*Elset, elset=Set-1262
1262
** Section: Section-1262
*Solid Section, elset=Set-1262, material=MAT_1262
,
*Elset, elset=Set-1263
1263
** Section: Section-1263
*Solid Section, elset=Set-1263, material=MAT_1263
,
*Elset, elset=Set-1264
1264
** Section: Section-1264
*Solid Section, elset=Set-1264, material=MAT_1264
,
*Elset, elset=Set-1265
1265
** Section: Section-1265
*Solid Section, elset=Set-1265, material=MAT_1265
,
*Elset, elset=Set-1266
1266
** Section: Section-1266
*Solid Section, elset=Set-1266, material=MAT_1266
,
*Elset, elset=Set-1267
1267
** Section: Section-1267
*Solid Section, elset=Set-1267, material=MAT_1267
,
*Elset, elset=Set-1268
1268
** Section: Section-1268
*Solid Section, elset=Set-1268, material=MAT_1268
,
*Elset, elset=Set-1269
1269
** Section: Section-1269
*Solid Section, elset=Set-1269, material=MAT_1269
,
*Elset, elset=Set-1270
1270
** Section: Section-1270
*Solid Section, elset=Set-1270, material=MAT_1270
,
*Elset, elset=Set-1271
1271
** Section: Section-1271
*Solid Section, elset=Set-1271, material=MAT_1271
,
*Elset, elset=Set-1272
1272
** Section: Section-1272
*Solid Section, elset=Set-1272, material=MAT_1272
,
*Elset, elset=Set-1273
1273
** Section: Section-1273
*Solid Section, elset=Set-1273, material=MAT_1273
,
*Elset, elset=Set-1274
1274
** Section: Section-1274
*Solid Section, elset=Set-1274, material=MAT_1274
,
*Elset, elset=Set-1275
1275
** Section: Section-1275
*Solid Section, elset=Set-1275, material=MAT_1275
,
*Elset, elset=Set-1276
1276
** Section: Section-1276
*Solid Section, elset=Set-1276, material=MAT_1276
,
*Elset, elset=Set-1277
1277
** Section: Section-1277
*Solid Section, elset=Set-1277, material=MAT_1277
,
*Elset, elset=Set-1278
1278
** Section: Section-1278
*Solid Section, elset=Set-1278, material=MAT_1278
,
*Elset, elset=Set-1279
1279
** Section: Section-1279
*Solid Section, elset=Set-1279, material=MAT_1279
,
*Elset, elset=Set-1280
1280
** Section: Section-1280
*Solid Section, elset=Set-1280, material=MAT_1280
,
*Elset, elset=Set-1281
1281
** Section: Section-1281
*Solid Section, elset=Set-1281, material=MAT_1281
,
*Elset, elset=Set-1282
1282
** Section: Section-1282
*Solid Section, elset=Set-1282, material=MAT_1282
,
*Elset, elset=Set-1283
1283
** Section: Section-1283
*Solid Section, elset=Set-1283, material=MAT_1283
,
*Elset, elset=Set-1284
1284
** Section: Section-1284
*Solid Section, elset=Set-1284, material=MAT_1284
,
*Elset, elset=Set-1285
1285
** Section: Section-1285
*Solid Section, elset=Set-1285, material=MAT_1285
,
*Elset, elset=Set-1286
1286
** Section: Section-1286
*Solid Section, elset=Set-1286, material=MAT_1286
,
*Elset, elset=Set-1287
1287
** Section: Section-1287
*Solid Section, elset=Set-1287, material=MAT_1287
,
*Elset, elset=Set-1288
1288
** Section: Section-1288
*Solid Section, elset=Set-1288, material=MAT_1288
,
*Elset, elset=Set-1289
1289
** Section: Section-1289
*Solid Section, elset=Set-1289, material=MAT_1289
,
*Elset, elset=Set-1290
1290
** Section: Section-1290
*Solid Section, elset=Set-1290, material=MAT_1290
,
*Elset, elset=Set-1291
1291
** Section: Section-1291
*Solid Section, elset=Set-1291, material=MAT_1291
,
*Elset, elset=Set-1292
1292
** Section: Section-1292
*Solid Section, elset=Set-1292, material=MAT_1292
,
*Elset, elset=Set-1293
1293
** Section: Section-1293
*Solid Section, elset=Set-1293, material=MAT_1293
,
*Elset, elset=Set-1294
1294
** Section: Section-1294
*Solid Section, elset=Set-1294, material=MAT_1294
,
*Elset, elset=Set-1295
1295
** Section: Section-1295
*Solid Section, elset=Set-1295, material=MAT_1295
,
*Elset, elset=Set-1296
1296
** Section: Section-1296
*Solid Section, elset=Set-1296, material=MAT_1296
,
*Elset, elset=Set-1297
1297
** Section: Section-1297
*Solid Section, elset=Set-1297, material=MAT_1297
,
*Elset, elset=Set-1298
1298
** Section: Section-1298
*Solid Section, elset=Set-1298, material=MAT_1298
,
*Elset, elset=Set-1299
1299
** Section: Section-1299
*Solid Section, elset=Set-1299, material=MAT_1299
,
*Elset, elset=Set-1300
1300
** Section: Section-1300
*Solid Section, elset=Set-1300, material=MAT_1300
,
*Elset, elset=Set-1301
1301
** Section: Section-1301
*Solid Section, elset=Set-1301, material=MAT_1301
,
*Elset, elset=Set-1302
1302
** Section: Section-1302
*Solid Section, elset=Set-1302, material=MAT_1302
,
*Elset, elset=Set-1303
1303
** Section: Section-1303
*Solid Section, elset=Set-1303, material=MAT_1303
,
*Elset, elset=Set-1304
1304
** Section: Section-1304
*Solid Section, elset=Set-1304, material=MAT_1304
,
*Elset, elset=Set-1305
1305
** Section: Section-1305
*Solid Section, elset=Set-1305, material=MAT_1305
,
*Elset, elset=Set-1306
1306
** Section: Section-1306
*Solid Section, elset=Set-1306, material=MAT_1306
,
*Elset, elset=Set-1307
1307
** Section: Section-1307
*Solid Section, elset=Set-1307, material=MAT_1307
,
*Elset, elset=Set-1308
1308
** Section: Section-1308
*Solid Section, elset=Set-1308, material=MAT_1308
,
*Elset, elset=Set-1309
1309
** Section: Section-1309
*Solid Section, elset=Set-1309, material=MAT_1309
,
*Elset, elset=Set-1310
1310
** Section: Section-1310
*Solid Section, elset=Set-1310, material=MAT_1310
,
*Elset, elset=Set-1311
1311
** Section: Section-1311
*Solid Section, elset=Set-1311, material=MAT_1311
,
*Elset, elset=Set-1312
1312
** Section: Section-1312
*Solid Section, elset=Set-1312, material=MAT_1312
,
*Elset, elset=Set-1313
1313
** Section: Section-1313
*Solid Section, elset=Set-1313, material=MAT_1313
,
*Elset, elset=Set-1314
1314
** Section: Section-1314
*Solid Section, elset=Set-1314, material=MAT_1314
,
*Elset, elset=Set-1315
1315
** Section: Section-1315
*Solid Section, elset=Set-1315, material=MAT_1315
,
*Elset, elset=Set-1316
1316
** Section: Section-1316
*Solid Section, elset=Set-1316, material=MAT_1316
,
*Elset, elset=Set-1317
1317
** Section: Section-1317
*Solid Section, elset=Set-1317, material=MAT_1317
,
*Elset, elset=Set-1318
1318
** Section: Section-1318
*Solid Section, elset=Set-1318, material=MAT_1318
,
*Elset, elset=Set-1319
1319
** Section: Section-1319
*Solid Section, elset=Set-1319, material=MAT_1319
,
*Elset, elset=Set-1320
1320
** Section: Section-1320
*Solid Section, elset=Set-1320, material=MAT_1320
,
*Elset, elset=Set-1321
1321
** Section: Section-1321
*Solid Section, elset=Set-1321, material=MAT_1321
,
*Elset, elset=Set-1322
1322
** Section: Section-1322
*Solid Section, elset=Set-1322, material=MAT_1322
,
*Elset, elset=Set-1323
1323
** Section: Section-1323
*Solid Section, elset=Set-1323, material=MAT_1323
,
*Elset, elset=Set-1324
1324
** Section: Section-1324
*Solid Section, elset=Set-1324, material=MAT_1324
,
*Elset, elset=Set-1325
1325
** Section: Section-1325
*Solid Section, elset=Set-1325, material=MAT_1325
,
*Elset, elset=Set-1326
1326
** Section: Section-1326
*Solid Section, elset=Set-1326, material=MAT_1326
,
*Elset, elset=Set-1327
1327
** Section: Section-1327
*Solid Section, elset=Set-1327, material=MAT_1327
,
*Elset, elset=Set-1328
1328
** Section: Section-1328
*Solid Section, elset=Set-1328, material=MAT_1328
,
*Elset, elset=Set-1329
1329
** Section: Section-1329
*Solid Section, elset=Set-1329, material=MAT_1329
,
*Elset, elset=Set-1330
1330
** Section: Section-1330
*Solid Section, elset=Set-1330, material=MAT_1330
,
*Elset, elset=Set-1331
1331
** Section: Section-1331
*Solid Section, elset=Set-1331, material=MAT_1331
,
*Elset, elset=Set-1332
1332
** Section: Section-1332
*Solid Section, elset=Set-1332, material=MAT_1332
,
*Elset, elset=Set-1333
1333
** Section: Section-1333
*Solid Section, elset=Set-1333, material=MAT_1333
,
*Elset, elset=Set-1334
1334
** Section: Section-1334
*Solid Section, elset=Set-1334, material=MAT_1334
,
*Elset, elset=Set-1335
1335
** Section: Section-1335
*Solid Section, elset=Set-1335, material=MAT_1335
,
*Elset, elset=Set-1336
1336
** Section: Section-1336
*Solid Section, elset=Set-1336, material=MAT_1336
,
*Elset, elset=Set-1337
1337
** Section: Section-1337
*Solid Section, elset=Set-1337, material=MAT_1337
,
*Elset, elset=Set-1338
1338
** Section: Section-1338
*Solid Section, elset=Set-1338, material=MAT_1338
,
*Elset, elset=Set-1339
1339
** Section: Section-1339
*Solid Section, elset=Set-1339, material=MAT_1339
,
*Elset, elset=Set-1340
1340
** Section: Section-1340
*Solid Section, elset=Set-1340, material=MAT_1340
,
*Elset, elset=Set-1341
1341
** Section: Section-1341
*Solid Section, elset=Set-1341, material=MAT_1341
,
*Elset, elset=Set-1342
1342
** Section: Section-1342
*Solid Section, elset=Set-1342, material=MAT_1342
,
*Elset, elset=Set-1343
1343
** Section: Section-1343
*Solid Section, elset=Set-1343, material=MAT_1343
,
*Elset, elset=Set-1344
1344
** Section: Section-1344
*Solid Section, elset=Set-1344, material=MAT_1344
,
*Elset, elset=Set-1345
1345
** Section: Section-1345
*Solid Section, elset=Set-1345, material=MAT_1345
,
*Elset, elset=Set-1346
1346
** Section: Section-1346
*Solid Section, elset=Set-1346, material=MAT_1346
,
*Elset, elset=Set-1347
1347
** Section: Section-1347
*Solid Section, elset=Set-1347, material=MAT_1347
,
*Elset, elset=Set-1348
1348
** Section: Section-1348
*Solid Section, elset=Set-1348, material=MAT_1348
,
*Elset, elset=Set-1349
1349
** Section: Section-1349
*Solid Section, elset=Set-1349, material=MAT_1349
,
*Elset, elset=Set-1350
1350
** Section: Section-1350
*Solid Section, elset=Set-1350, material=MAT_1350
,
*Elset, elset=Set-1351
1351
** Section: Section-1351
*Solid Section, elset=Set-1351, material=MAT_1351
,
*Elset, elset=Set-1352
1352
** Section: Section-1352
*Solid Section, elset=Set-1352, material=MAT_1352
,
*Elset, elset=Set-1353
1353
** Section: Section-1353
*Solid Section, elset=Set-1353, material=MAT_1353
,
*Elset, elset=Set-1354
1354
** Section: Section-1354
*Solid Section, elset=Set-1354, material=MAT_1354
,
*Elset, elset=Set-1355
1355
** Section: Section-1355
*Solid Section, elset=Set-1355, material=MAT_1355
,
*Elset, elset=Set-1356
1356
** Section: Section-1356
*Solid Section, elset=Set-1356, material=MAT_1356
,
*Elset, elset=Set-1357
1357
** Section: Section-1357
*Solid Section, elset=Set-1357, material=MAT_1357
,
*Elset, elset=Set-1358
1358
** Section: Section-1358
*Solid Section, elset=Set-1358, material=MAT_1358
,
*Elset, elset=Set-1359
1359
** Section: Section-1359
*Solid Section, elset=Set-1359, material=MAT_1359
,
*Elset, elset=Set-1360
1360
** Section: Section-1360
*Solid Section, elset=Set-1360, material=MAT_1360
,
*Elset, elset=Set-1361
1361
** Section: Section-1361
*Solid Section, elset=Set-1361, material=MAT_1361
,
*Elset, elset=Set-1362
1362
** Section: Section-1362
*Solid Section, elset=Set-1362, material=MAT_1362
,
*Elset, elset=Set-1363
1363
** Section: Section-1363
*Solid Section, elset=Set-1363, material=MAT_1363
,
*Elset, elset=Set-1364
1364
** Section: Section-1364
*Solid Section, elset=Set-1364, material=MAT_1364
,
*Elset, elset=Set-1365
1365
** Section: Section-1365
*Solid Section, elset=Set-1365, material=MAT_1365
,
*Elset, elset=Set-1366
1366
** Section: Section-1366
*Solid Section, elset=Set-1366, material=MAT_1366
,
*Elset, elset=Set-1367
1367
** Section: Section-1367
*Solid Section, elset=Set-1367, material=MAT_1367
,
*Elset, elset=Set-1368
1368
** Section: Section-1368
*Solid Section, elset=Set-1368, material=MAT_1368
,
*Elset, elset=Set-1369
1369
** Section: Section-1369
*Solid Section, elset=Set-1369, material=MAT_1369
,
*Elset, elset=Set-1370
1370
** Section: Section-1370
*Solid Section, elset=Set-1370, material=MAT_1370
,
*Elset, elset=Set-1371
1371
** Section: Section-1371
*Solid Section, elset=Set-1371, material=MAT_1371
,
*Elset, elset=Set-1372
1372
** Section: Section-1372
*Solid Section, elset=Set-1372, material=MAT_1372
,
*Elset, elset=Set-1373
1373
** Section: Section-1373
*Solid Section, elset=Set-1373, material=MAT_1373
,
*Elset, elset=Set-1374
1374
** Section: Section-1374
*Solid Section, elset=Set-1374, material=MAT_1374
,
*Elset, elset=Set-1375
1375
** Section: Section-1375
*Solid Section, elset=Set-1375, material=MAT_1375
,
*Elset, elset=Set-1376
1376
** Section: Section-1376
*Solid Section, elset=Set-1376, material=MAT_1376
,
*Elset, elset=Set-1377
1377
** Section: Section-1377
*Solid Section, elset=Set-1377, material=MAT_1377
,
*Elset, elset=Set-1378
1378
** Section: Section-1378
*Solid Section, elset=Set-1378, material=MAT_1378
,
*Elset, elset=Set-1379
1379
** Section: Section-1379
*Solid Section, elset=Set-1379, material=MAT_1379
,
*Elset, elset=Set-1380
1380
** Section: Section-1380
*Solid Section, elset=Set-1380, material=MAT_1380
,
*Elset, elset=Set-1381
1381
** Section: Section-1381
*Solid Section, elset=Set-1381, material=MAT_1381
,
*Elset, elset=Set-1382
1382
** Section: Section-1382
*Solid Section, elset=Set-1382, material=MAT_1382
,
*Elset, elset=Set-1383
1383
** Section: Section-1383
*Solid Section, elset=Set-1383, material=MAT_1383
,
*Elset, elset=Set-1384
1384
** Section: Section-1384
*Solid Section, elset=Set-1384, material=MAT_1384
,
*Elset, elset=Set-1385
1385
** Section: Section-1385
*Solid Section, elset=Set-1385, material=MAT_1385
,
*Elset, elset=Set-1386
1386
** Section: Section-1386
*Solid Section, elset=Set-1386, material=MAT_1386
,
*Elset, elset=Set-1387
1387
** Section: Section-1387
*Solid Section, elset=Set-1387, material=MAT_1387
,
*Elset, elset=Set-1388
1388
** Section: Section-1388
*Solid Section, elset=Set-1388, material=MAT_1388
,
*Elset, elset=Set-1389
1389
** Section: Section-1389
*Solid Section, elset=Set-1389, material=MAT_1389
,
*Elset, elset=Set-1390
1390
** Section: Section-1390
*Solid Section, elset=Set-1390, material=MAT_1390
,
*Elset, elset=Set-1391
1391
** Section: Section-1391
*Solid Section, elset=Set-1391, material=MAT_1391
,
*Elset, elset=Set-1392
1392
** Section: Section-1392
*Solid Section, elset=Set-1392, material=MAT_1392
,
*Elset, elset=Set-1393
1393
** Section: Section-1393
*Solid Section, elset=Set-1393, material=MAT_1393
,
*Elset, elset=Set-1394
1394
** Section: Section-1394
*Solid Section, elset=Set-1394, material=MAT_1394
,
*Elset, elset=Set-1395
1395
** Section: Section-1395
*Solid Section, elset=Set-1395, material=MAT_1395
,
*Elset, elset=Set-1396
1396
** Section: Section-1396
*Solid Section, elset=Set-1396, material=MAT_1396
,
*Elset, elset=Set-1397
1397
** Section: Section-1397
*Solid Section, elset=Set-1397, material=MAT_1397
,
*Elset, elset=Set-1398
1398
** Section: Section-1398
*Solid Section, elset=Set-1398, material=MAT_1398
,
*Elset, elset=Set-1399
1399
** Section: Section-1399
*Solid Section, elset=Set-1399, material=MAT_1399
,
*Elset, elset=Set-1400
1400
** Section: Section-1400
*Solid Section, elset=Set-1400, material=MAT_1400
,
*Elset, elset=Set-1401
1401
** Section: Section-1401
*Solid Section, elset=Set-1401, material=MAT_1401
,
*Elset, elset=Set-1402
1402
** Section: Section-1402
*Solid Section, elset=Set-1402, material=MAT_1402
,
*Elset, elset=Set-1403
1403
** Section: Section-1403
*Solid Section, elset=Set-1403, material=MAT_1403
,
*Elset, elset=Set-1404
1404
** Section: Section-1404
*Solid Section, elset=Set-1404, material=MAT_1404
,
*Elset, elset=Set-1405
1405
** Section: Section-1405
*Solid Section, elset=Set-1405, material=MAT_1405
,
*Elset, elset=Set-1406
1406
** Section: Section-1406
*Solid Section, elset=Set-1406, material=MAT_1406
,
*Elset, elset=Set-1407
1407
** Section: Section-1407
*Solid Section, elset=Set-1407, material=MAT_1407
,
*Elset, elset=Set-1408
1408
** Section: Section-1408
*Solid Section, elset=Set-1408, material=MAT_1408
,
*Elset, elset=Set-1409
1409
** Section: Section-1409
*Solid Section, elset=Set-1409, material=MAT_1409
,
*Elset, elset=Set-1410
1410
** Section: Section-1410
*Solid Section, elset=Set-1410, material=MAT_1410
,
*Elset, elset=Set-1411
1411
** Section: Section-1411
*Solid Section, elset=Set-1411, material=MAT_1411
,
*Elset, elset=Set-1412
1412
** Section: Section-1412
*Solid Section, elset=Set-1412, material=MAT_1412
,
*Elset, elset=Set-1413
1413
** Section: Section-1413
*Solid Section, elset=Set-1413, material=MAT_1413
,
*Elset, elset=Set-1414
1414
** Section: Section-1414
*Solid Section, elset=Set-1414, material=MAT_1414
,
*Elset, elset=Set-1415
1415
** Section: Section-1415
*Solid Section, elset=Set-1415, material=MAT_1415
,
*Elset, elset=Set-1416
1416
** Section: Section-1416
*Solid Section, elset=Set-1416, material=MAT_1416
,
*Elset, elset=Set-1417
1417
** Section: Section-1417
*Solid Section, elset=Set-1417, material=MAT_1417
,
*Elset, elset=Set-1418
1418
** Section: Section-1418
*Solid Section, elset=Set-1418, material=MAT_1418
,
*Elset, elset=Set-1419
1419
** Section: Section-1419
*Solid Section, elset=Set-1419, material=MAT_1419
,
*Elset, elset=Set-1420
1420
** Section: Section-1420
*Solid Section, elset=Set-1420, material=MAT_1420
,
*Elset, elset=Set-1421
1421
** Section: Section-1421
*Solid Section, elset=Set-1421, material=MAT_1421
,
*Elset, elset=Set-1422
1422
** Section: Section-1422
*Solid Section, elset=Set-1422, material=MAT_1422
,
*Elset, elset=Set-1423
1423
** Section: Section-1423
*Solid Section, elset=Set-1423, material=MAT_1423
,
*Elset, elset=Set-1424
1424
** Section: Section-1424
*Solid Section, elset=Set-1424, material=MAT_1424
,
*Elset, elset=Set-1425
1425
** Section: Section-1425
*Solid Section, elset=Set-1425, material=MAT_1425
,
*Elset, elset=Set-1426
1426
** Section: Section-1426
*Solid Section, elset=Set-1426, material=MAT_1426
,
*Elset, elset=Set-1427
1427
** Section: Section-1427
*Solid Section, elset=Set-1427, material=MAT_1427
,
*Elset, elset=Set-1428
1428
** Section: Section-1428
*Solid Section, elset=Set-1428, material=MAT_1428
,
*Elset, elset=Set-1429
1429
** Section: Section-1429
*Solid Section, elset=Set-1429, material=MAT_1429
,
*Elset, elset=Set-1430
1430
** Section: Section-1430
*Solid Section, elset=Set-1430, material=MAT_1430
,
*Elset, elset=Set-1431
1431
** Section: Section-1431
*Solid Section, elset=Set-1431, material=MAT_1431
,
*Elset, elset=Set-1432
1432
** Section: Section-1432
*Solid Section, elset=Set-1432, material=MAT_1432
,
*Elset, elset=Set-1433
1433
** Section: Section-1433
*Solid Section, elset=Set-1433, material=MAT_1433
,
*Elset, elset=Set-1434
1434
** Section: Section-1434
*Solid Section, elset=Set-1434, material=MAT_1434
,
*Elset, elset=Set-1435
1435
** Section: Section-1435
*Solid Section, elset=Set-1435, material=MAT_1435
,
*Elset, elset=Set-1436
1436
** Section: Section-1436
*Solid Section, elset=Set-1436, material=MAT_1436
,
*Elset, elset=Set-1437
1437
** Section: Section-1437
*Solid Section, elset=Set-1437, material=MAT_1437
,
*Elset, elset=Set-1438
1438
** Section: Section-1438
*Solid Section, elset=Set-1438, material=MAT_1438
,
*Elset, elset=Set-1439
1439
** Section: Section-1439
*Solid Section, elset=Set-1439, material=MAT_1439
,
*Elset, elset=Set-1440
1440
** Section: Section-1440
*Solid Section, elset=Set-1440, material=MAT_1440
,
*Elset, elset=Set-1441
1441
** Section: Section-1441
*Solid Section, elset=Set-1441, material=MAT_1441
,
*Elset, elset=Set-1442
1442
** Section: Section-1442
*Solid Section, elset=Set-1442, material=MAT_1442
,
*Elset, elset=Set-1443
1443
** Section: Section-1443
*Solid Section, elset=Set-1443, material=MAT_1443
,
*Elset, elset=Set-1444
1444
** Section: Section-1444
*Solid Section, elset=Set-1444, material=MAT_1444
,
*Elset, elset=Set-1445
1445
** Section: Section-1445
*Solid Section, elset=Set-1445, material=MAT_1445
,
*Elset, elset=Set-1446
1446
** Section: Section-1446
*Solid Section, elset=Set-1446, material=MAT_1446
,
*Elset, elset=Set-1447
1447
** Section: Section-1447
*Solid Section, elset=Set-1447, material=MAT_1447
,
*Elset, elset=Set-1448
1448
** Section: Section-1448
*Solid Section, elset=Set-1448, material=MAT_1448
,
*Elset, elset=Set-1449
1449
** Section: Section-1449
*Solid Section, elset=Set-1449, material=MAT_1449
,
*Elset, elset=Set-1450
1450
** Section: Section-1450
*Solid Section, elset=Set-1450, material=MAT_1450
,
*Elset, elset=Set-1451
1451
** Section: Section-1451
*Solid Section, elset=Set-1451, material=MAT_1451
,
*Elset, elset=Set-1452
1452
** Section: Section-1452
*Solid Section, elset=Set-1452, material=MAT_1452
,
*Elset, elset=Set-1453
1453
** Section: Section-1453
*Solid Section, elset=Set-1453, material=MAT_1453
,
*Elset, elset=Set-1454
1454
** Section: Section-1454
*Solid Section, elset=Set-1454, material=MAT_1454
,
*Elset, elset=Set-1455
1455
** Section: Section-1455
*Solid Section, elset=Set-1455, material=MAT_1455
,
*Elset, elset=Set-1456
1456
** Section: Section-1456
*Solid Section, elset=Set-1456, material=MAT_1456
,
*Elset, elset=Set-1457
1457
** Section: Section-1457
*Solid Section, elset=Set-1457, material=MAT_1457
,
*Elset, elset=Set-1458
1458
** Section: Section-1458
*Solid Section, elset=Set-1458, material=MAT_1458
,
*Elset, elset=Set-1459
1459
** Section: Section-1459
*Solid Section, elset=Set-1459, material=MAT_1459
,
*Elset, elset=Set-1460
1460
** Section: Section-1460
*Solid Section, elset=Set-1460, material=MAT_1460
,
*Elset, elset=Set-1461
1461
** Section: Section-1461
*Solid Section, elset=Set-1461, material=MAT_1461
,
*Elset, elset=Set-1462
1462
** Section: Section-1462
*Solid Section, elset=Set-1462, material=MAT_1462
,
*Elset, elset=Set-1463
1463
** Section: Section-1463
*Solid Section, elset=Set-1463, material=MAT_1463
,
*Elset, elset=Set-1464
1464
** Section: Section-1464
*Solid Section, elset=Set-1464, material=MAT_1464
,
*Elset, elset=Set-1465
1465
** Section: Section-1465
*Solid Section, elset=Set-1465, material=MAT_1465
,
*Elset, elset=Set-1466
1466
** Section: Section-1466
*Solid Section, elset=Set-1466, material=MAT_1466
,
*Elset, elset=Set-1467
1467
** Section: Section-1467
*Solid Section, elset=Set-1467, material=MAT_1467
,
*Elset, elset=Set-1468
1468
** Section: Section-1468
*Solid Section, elset=Set-1468, material=MAT_1468
,
*Elset, elset=Set-1469
1469
** Section: Section-1469
*Solid Section, elset=Set-1469, material=MAT_1469
,
*Elset, elset=Set-1470
1470
** Section: Section-1470
*Solid Section, elset=Set-1470, material=MAT_1470
,
*Elset, elset=Set-1471
1471
** Section: Section-1471
*Solid Section, elset=Set-1471, material=MAT_1471
,
*Elset, elset=Set-1472
1472
** Section: Section-1472
*Solid Section, elset=Set-1472, material=MAT_1472
,
*Elset, elset=Set-1473
1473
** Section: Section-1473
*Solid Section, elset=Set-1473, material=MAT_1473
,
*Elset, elset=Set-1474
1474
** Section: Section-1474
*Solid Section, elset=Set-1474, material=MAT_1474
,
*Elset, elset=Set-1475
1475
** Section: Section-1475
*Solid Section, elset=Set-1475, material=MAT_1475
,
*Elset, elset=Set-1476
1476
** Section: Section-1476
*Solid Section, elset=Set-1476, material=MAT_1476
,
*Elset, elset=Set-1477
1477
** Section: Section-1477
*Solid Section, elset=Set-1477, material=MAT_1477
,
*Elset, elset=Set-1478
1478
** Section: Section-1478
*Solid Section, elset=Set-1478, material=MAT_1478
,
*Elset, elset=Set-1479
1479
** Section: Section-1479
*Solid Section, elset=Set-1479, material=MAT_1479
,
*Elset, elset=Set-1480
1480
** Section: Section-1480
*Solid Section, elset=Set-1480, material=MAT_1480
,
*Elset, elset=Set-1481
1481
** Section: Section-1481
*Solid Section, elset=Set-1481, material=MAT_1481
,
*Elset, elset=Set-1482
1482
** Section: Section-1482
*Solid Section, elset=Set-1482, material=MAT_1482
,
*Elset, elset=Set-1483
1483
** Section: Section-1483
*Solid Section, elset=Set-1483, material=MAT_1483
,
*Elset, elset=Set-1484
1484
** Section: Section-1484
*Solid Section, elset=Set-1484, material=MAT_1484
,
*Elset, elset=Set-1485
1485
** Section: Section-1485
*Solid Section, elset=Set-1485, material=MAT_1485
,
*Elset, elset=Set-1486
1486
** Section: Section-1486
*Solid Section, elset=Set-1486, material=MAT_1486
,
*Elset, elset=Set-1487
1487
** Section: Section-1487
*Solid Section, elset=Set-1487, material=MAT_1487
,
*Elset, elset=Set-1488
1488
** Section: Section-1488
*Solid Section, elset=Set-1488, material=MAT_1488
,
*Elset, elset=Set-1489
1489
** Section: Section-1489
*Solid Section, elset=Set-1489, material=MAT_1489
,
*Elset, elset=Set-1490
1490
** Section: Section-1490
*Solid Section, elset=Set-1490, material=MAT_1490
,
*Elset, elset=Set-1491
1491
** Section: Section-1491
*Solid Section, elset=Set-1491, material=MAT_1491
,
*Elset, elset=Set-1492
1492
** Section: Section-1492
*Solid Section, elset=Set-1492, material=MAT_1492
,
*Elset, elset=Set-1493
1493
** Section: Section-1493
*Solid Section, elset=Set-1493, material=MAT_1493
,
*Elset, elset=Set-1494
1494
** Section: Section-1494
*Solid Section, elset=Set-1494, material=MAT_1494
,
*Elset, elset=Set-1495
1495
** Section: Section-1495
*Solid Section, elset=Set-1495, material=MAT_1495
,
*Elset, elset=Set-1496
1496
** Section: Section-1496
*Solid Section, elset=Set-1496, material=MAT_1496
,
*Elset, elset=Set-1497
1497
** Section: Section-1497
*Solid Section, elset=Set-1497, material=MAT_1497
,
*Elset, elset=Set-1498
1498
** Section: Section-1498
*Solid Section, elset=Set-1498, material=MAT_1498
,
*Elset, elset=Set-1499
1499
** Section: Section-1499
*Solid Section, elset=Set-1499, material=MAT_1499
,
*Elset, elset=Set-1500
1500
** Section: Section-1500
*Solid Section, elset=Set-1500, material=MAT_1500
,
*Elset, elset=Set-1501
1501
** Section: Section-1501
*Solid Section, elset=Set-1501, material=MAT_1501
,
*Elset, elset=Set-1502
1502
** Section: Section-1502
*Solid Section, elset=Set-1502, material=MAT_1502
,
*Elset, elset=Set-1503
1503
** Section: Section-1503
*Solid Section, elset=Set-1503, material=MAT_1503
,
*Elset, elset=Set-1504
1504
** Section: Section-1504
*Solid Section, elset=Set-1504, material=MAT_1504
,
*Elset, elset=Set-1505
1505
** Section: Section-1505
*Solid Section, elset=Set-1505, material=MAT_1505
,
*Elset, elset=Set-1506
1506
** Section: Section-1506
*Solid Section, elset=Set-1506, material=MAT_1506
,
*Elset, elset=Set-1507
1507
** Section: Section-1507
*Solid Section, elset=Set-1507, material=MAT_1507
,
*Elset, elset=Set-1508
1508
** Section: Section-1508
*Solid Section, elset=Set-1508, material=MAT_1508
,
*Elset, elset=Set-1509
1509
** Section: Section-1509
*Solid Section, elset=Set-1509, material=MAT_1509
,
*Elset, elset=Set-1510
1510
** Section: Section-1510
*Solid Section, elset=Set-1510, material=MAT_1510
,
*Elset, elset=Set-1511
1511
** Section: Section-1511
*Solid Section, elset=Set-1511, material=MAT_1511
,
*Elset, elset=Set-1512
1512
** Section: Section-1512
*Solid Section, elset=Set-1512, material=MAT_1512
,
*Elset, elset=Set-1513
1513
** Section: Section-1513
*Solid Section, elset=Set-1513, material=MAT_1513
,
*Elset, elset=Set-1514
1514
** Section: Section-1514
*Solid Section, elset=Set-1514, material=MAT_1514
,
*Elset, elset=Set-1515
1515
** Section: Section-1515
*Solid Section, elset=Set-1515, material=MAT_1515
,
*Elset, elset=Set-1516
1516
** Section: Section-1516
*Solid Section, elset=Set-1516, material=MAT_1516
,
*Elset, elset=Set-1517
1517
** Section: Section-1517
*Solid Section, elset=Set-1517, material=MAT_1517
,
*Elset, elset=Set-1518
1518
** Section: Section-1518
*Solid Section, elset=Set-1518, material=MAT_1518
,
*Elset, elset=Set-1519
1519
** Section: Section-1519
*Solid Section, elset=Set-1519, material=MAT_1519
,
*Elset, elset=Set-1520
1520
** Section: Section-1520
*Solid Section, elset=Set-1520, material=MAT_1520
,
*Elset, elset=Set-1521
1521
** Section: Section-1521
*Solid Section, elset=Set-1521, material=MAT_1521
,
*Elset, elset=Set-1522
1522
** Section: Section-1522
*Solid Section, elset=Set-1522, material=MAT_1522
,
*Elset, elset=Set-1523
1523
** Section: Section-1523
*Solid Section, elset=Set-1523, material=MAT_1523
,
*Elset, elset=Set-1524
1524
** Section: Section-1524
*Solid Section, elset=Set-1524, material=MAT_1524
,
*Elset, elset=Set-1525
1525
** Section: Section-1525
*Solid Section, elset=Set-1525, material=MAT_1525
,
*Elset, elset=Set-1526
1526
** Section: Section-1526
*Solid Section, elset=Set-1526, material=MAT_1526
,
*Elset, elset=Set-1527
1527
** Section: Section-1527
*Solid Section, elset=Set-1527, material=MAT_1527
,
*Elset, elset=Set-1528
1528
** Section: Section-1528
*Solid Section, elset=Set-1528, material=MAT_1528
,
*Elset, elset=Set-1529
1529
** Section: Section-1529
*Solid Section, elset=Set-1529, material=MAT_1529
,
*Elset, elset=Set-1530
1530
** Section: Section-1530
*Solid Section, elset=Set-1530, material=MAT_1530
,
*Elset, elset=Set-1531
1531
** Section: Section-1531
*Solid Section, elset=Set-1531, material=MAT_1531
,
*Elset, elset=Set-1532
1532
** Section: Section-1532
*Solid Section, elset=Set-1532, material=MAT_1532
,
*Elset, elset=Set-1533
1533
** Section: Section-1533
*Solid Section, elset=Set-1533, material=MAT_1533
,
*Elset, elset=Set-1534
1534
** Section: Section-1534
*Solid Section, elset=Set-1534, material=MAT_1534
,
*Elset, elset=Set-1535
1535
** Section: Section-1535
*Solid Section, elset=Set-1535, material=MAT_1535
,
*Elset, elset=Set-1536
1536
** Section: Section-1536
*Solid Section, elset=Set-1536, material=MAT_1536
,
*Elset, elset=Set-1537
1537
** Section: Section-1537
*Solid Section, elset=Set-1537, material=MAT_1537
,
*Elset, elset=Set-1538
1538
** Section: Section-1538
*Solid Section, elset=Set-1538, material=MAT_1538
,
*Elset, elset=Set-1539
1539
** Section: Section-1539
*Solid Section, elset=Set-1539, material=MAT_1539
,
*Elset, elset=Set-1540
1540
** Section: Section-1540
*Solid Section, elset=Set-1540, material=MAT_1540
,
*Elset, elset=Set-1541
1541
** Section: Section-1541
*Solid Section, elset=Set-1541, material=MAT_1541
,
*Elset, elset=Set-1542
1542
** Section: Section-1542
*Solid Section, elset=Set-1542, material=MAT_1542
,
*Elset, elset=Set-1543
1543
** Section: Section-1543
*Solid Section, elset=Set-1543, material=MAT_1543
,
*Elset, elset=Set-1544
1544
** Section: Section-1544
*Solid Section, elset=Set-1544, material=MAT_1544
,
*Elset, elset=Set-1545
1545
** Section: Section-1545
*Solid Section, elset=Set-1545, material=MAT_1545
,
*Elset, elset=Set-1546
1546
** Section: Section-1546
*Solid Section, elset=Set-1546, material=MAT_1546
,
*Elset, elset=Set-1547
1547
** Section: Section-1547
*Solid Section, elset=Set-1547, material=MAT_1547
,
*Elset, elset=Set-1548
1548
** Section: Section-1548
*Solid Section, elset=Set-1548, material=MAT_1548
,
*Elset, elset=Set-1549
1549
** Section: Section-1549
*Solid Section, elset=Set-1549, material=MAT_1549
,
*Elset, elset=Set-1550
1550
** Section: Section-1550
*Solid Section, elset=Set-1550, material=MAT_1550
,
*Elset, elset=Set-1551
1551
** Section: Section-1551
*Solid Section, elset=Set-1551, material=MAT_1551
,
*Elset, elset=Set-1552
1552
** Section: Section-1552
*Solid Section, elset=Set-1552, material=MAT_1552
,
*Elset, elset=Set-1553
1553
** Section: Section-1553
*Solid Section, elset=Set-1553, material=MAT_1553
,
*Elset, elset=Set-1554
1554
** Section: Section-1554
*Solid Section, elset=Set-1554, material=MAT_1554
,
*Elset, elset=Set-1555
1555
** Section: Section-1555
*Solid Section, elset=Set-1555, material=MAT_1555
,
*Elset, elset=Set-1556
1556
** Section: Section-1556
*Solid Section, elset=Set-1556, material=MAT_1556
,
*Elset, elset=Set-1557
1557
** Section: Section-1557
*Solid Section, elset=Set-1557, material=MAT_1557
,
*Elset, elset=Set-1558
1558
** Section: Section-1558
*Solid Section, elset=Set-1558, material=MAT_1558
,
*Elset, elset=Set-1559
1559
** Section: Section-1559
*Solid Section, elset=Set-1559, material=MAT_1559
,
*Elset, elset=Set-1560
1560
** Section: Section-1560
*Solid Section, elset=Set-1560, material=MAT_1560
,
*Elset, elset=Set-1561
1561
** Section: Section-1561
*Solid Section, elset=Set-1561, material=MAT_1561
,
*Elset, elset=Set-1562
1562
** Section: Section-1562
*Solid Section, elset=Set-1562, material=MAT_1562
,
*Elset, elset=Set-1563
1563
** Section: Section-1563
*Solid Section, elset=Set-1563, material=MAT_1563
,
*Elset, elset=Set-1564
1564
** Section: Section-1564
*Solid Section, elset=Set-1564, material=MAT_1564
,
*Elset, elset=Set-1565
1565
** Section: Section-1565
*Solid Section, elset=Set-1565, material=MAT_1565
,
*Elset, elset=Set-1566
1566
** Section: Section-1566
*Solid Section, elset=Set-1566, material=MAT_1566
,
*Elset, elset=Set-1567
1567
** Section: Section-1567
*Solid Section, elset=Set-1567, material=MAT_1567
,
*Elset, elset=Set-1568
1568
** Section: Section-1568
*Solid Section, elset=Set-1568, material=MAT_1568
,
*Elset, elset=Set-1569
1569
** Section: Section-1569
*Solid Section, elset=Set-1569, material=MAT_1569
,
*Elset, elset=Set-1570
1570
** Section: Section-1570
*Solid Section, elset=Set-1570, material=MAT_1570
,
*Elset, elset=Set-1571
1571
** Section: Section-1571
*Solid Section, elset=Set-1571, material=MAT_1571
,
*Elset, elset=Set-1572
1572
** Section: Section-1572
*Solid Section, elset=Set-1572, material=MAT_1572
,
*Elset, elset=Set-1573
1573
** Section: Section-1573
*Solid Section, elset=Set-1573, material=MAT_1573
,
*Elset, elset=Set-1574
1574
** Section: Section-1574
*Solid Section, elset=Set-1574, material=MAT_1574
,
*Elset, elset=Set-1575
1575
** Section: Section-1575
*Solid Section, elset=Set-1575, material=MAT_1575
,
*Elset, elset=Set-1576
1576
** Section: Section-1576
*Solid Section, elset=Set-1576, material=MAT_1576
,
*Elset, elset=Set-1577
1577
** Section: Section-1577
*Solid Section, elset=Set-1577, material=MAT_1577
,
*Elset, elset=Set-1578
1578
** Section: Section-1578
*Solid Section, elset=Set-1578, material=MAT_1578
,
*Elset, elset=Set-1579
1579
** Section: Section-1579
*Solid Section, elset=Set-1579, material=MAT_1579
,
*Elset, elset=Set-1580
1580
** Section: Section-1580
*Solid Section, elset=Set-1580, material=MAT_1580
,
*Elset, elset=Set-1581
1581
** Section: Section-1581
*Solid Section, elset=Set-1581, material=MAT_1581
,
*Elset, elset=Set-1582
1582
** Section: Section-1582
*Solid Section, elset=Set-1582, material=MAT_1582
,
*Elset, elset=Set-1583
1583
** Section: Section-1583
*Solid Section, elset=Set-1583, material=MAT_1583
,
*Elset, elset=Set-1584
1584
** Section: Section-1584
*Solid Section, elset=Set-1584, material=MAT_1584
,
*Elset, elset=Set-1585
1585
** Section: Section-1585
*Solid Section, elset=Set-1585, material=MAT_1585
,
*Elset, elset=Set-1586
1586
** Section: Section-1586
*Solid Section, elset=Set-1586, material=MAT_1586
,
*Elset, elset=Set-1587
1587
** Section: Section-1587
*Solid Section, elset=Set-1587, material=MAT_1587
,
*Elset, elset=Set-1588
1588
** Section: Section-1588
*Solid Section, elset=Set-1588, material=MAT_1588
,
*Elset, elset=Set-1589
1589
** Section: Section-1589
*Solid Section, elset=Set-1589, material=MAT_1589
,
*Elset, elset=Set-1590
1590
** Section: Section-1590
*Solid Section, elset=Set-1590, material=MAT_1590
,
*Elset, elset=Set-1591
1591
** Section: Section-1591
*Solid Section, elset=Set-1591, material=MAT_1591
,
*Elset, elset=Set-1592
1592
** Section: Section-1592
*Solid Section, elset=Set-1592, material=MAT_1592
,
*Elset, elset=Set-1593
1593
** Section: Section-1593
*Solid Section, elset=Set-1593, material=MAT_1593
,
*Elset, elset=Set-1594
1594
** Section: Section-1594
*Solid Section, elset=Set-1594, material=MAT_1594
,
*Elset, elset=Set-1595
1595
** Section: Section-1595
*Solid Section, elset=Set-1595, material=MAT_1595
,
*Elset, elset=Set-1596
1596
** Section: Section-1596
*Solid Section, elset=Set-1596, material=MAT_1596
,
*Elset, elset=Set-1597
1597
** Section: Section-1597
*Solid Section, elset=Set-1597, material=MAT_1597
,
*Elset, elset=Set-1598
1598
** Section: Section-1598
*Solid Section, elset=Set-1598, material=MAT_1598
,
*Elset, elset=Set-1599
1599
** Section: Section-1599
*Solid Section, elset=Set-1599, material=MAT_1599
,
*Elset, elset=Set-1600
1600
** Section: Section-1600
*Solid Section, elset=Set-1600, material=MAT_1600
,
*Elset, elset=Set-1601
1601
** Section: Section-1601
*Solid Section, elset=Set-1601, material=MAT_1601
,
*Elset, elset=Set-1602
1602
** Section: Section-1602
*Solid Section, elset=Set-1602, material=MAT_1602
,
*Elset, elset=Set-1603
1603
** Section: Section-1603
*Solid Section, elset=Set-1603, material=MAT_1603
,
*Elset, elset=Set-1604
1604
** Section: Section-1604
*Solid Section, elset=Set-1604, material=MAT_1604
,
*Elset, elset=Set-1605
1605
** Section: Section-1605
*Solid Section, elset=Set-1605, material=MAT_1605
,
*Elset, elset=Set-1606
1606
** Section: Section-1606
*Solid Section, elset=Set-1606, material=MAT_1606
,
*Elset, elset=Set-1607
1607
** Section: Section-1607
*Solid Section, elset=Set-1607, material=MAT_1607
,
*Elset, elset=Set-1608
1608
** Section: Section-1608
*Solid Section, elset=Set-1608, material=MAT_1608
,
*Elset, elset=Set-1609
1609
** Section: Section-1609
*Solid Section, elset=Set-1609, material=MAT_1609
,
*Elset, elset=Set-1610
1610
** Section: Section-1610
*Solid Section, elset=Set-1610, material=MAT_1610
,
*Elset, elset=Set-1611
1611
** Section: Section-1611
*Solid Section, elset=Set-1611, material=MAT_1611
,
*Elset, elset=Set-1612
1612
** Section: Section-1612
*Solid Section, elset=Set-1612, material=MAT_1612
,
*Elset, elset=Set-1613
1613
** Section: Section-1613
*Solid Section, elset=Set-1613, material=MAT_1613
,
*Elset, elset=Set-1614
1614
** Section: Section-1614
*Solid Section, elset=Set-1614, material=MAT_1614
,
*Elset, elset=Set-1615
1615
** Section: Section-1615
*Solid Section, elset=Set-1615, material=MAT_1615
,
*Elset, elset=Set-1616
1616
** Section: Section-1616
*Solid Section, elset=Set-1616, material=MAT_1616
,
*Elset, elset=Set-1617
1617
** Section: Section-1617
*Solid Section, elset=Set-1617, material=MAT_1617
,
*Elset, elset=Set-1618
1618
** Section: Section-1618
*Solid Section, elset=Set-1618, material=MAT_1618
,
*Elset, elset=Set-1619
1619
** Section: Section-1619
*Solid Section, elset=Set-1619, material=MAT_1619
,
*Elset, elset=Set-1620
1620
** Section: Section-1620
*Solid Section, elset=Set-1620, material=MAT_1620
,
*Elset, elset=Set-1621
1621
** Section: Section-1621
*Solid Section, elset=Set-1621, material=MAT_1621
,
*Elset, elset=Set-1622
1622
** Section: Section-1622
*Solid Section, elset=Set-1622, material=MAT_1622
,
*Elset, elset=Set-1623
1623
** Section: Section-1623
*Solid Section, elset=Set-1623, material=MAT_1623
,
*Elset, elset=Set-1624
1624
** Section: Section-1624
*Solid Section, elset=Set-1624, material=MAT_1624
,
*Elset, elset=Set-1625
1625
** Section: Section-1625
*Solid Section, elset=Set-1625, material=MAT_1625
,
*Elset, elset=Set-1626
1626
** Section: Section-1626
*Solid Section, elset=Set-1626, material=MAT_1626
,
*Elset, elset=Set-1627
1627
** Section: Section-1627
*Solid Section, elset=Set-1627, material=MAT_1627
,
*Elset, elset=Set-1628
1628
** Section: Section-1628
*Solid Section, elset=Set-1628, material=MAT_1628
,
*Elset, elset=Set-1629
1629
** Section: Section-1629
*Solid Section, elset=Set-1629, material=MAT_1629
,
*Elset, elset=Set-1630
1630
** Section: Section-1630
*Solid Section, elset=Set-1630, material=MAT_1630
,
*Elset, elset=Set-1631
1631
** Section: Section-1631
*Solid Section, elset=Set-1631, material=MAT_1631
,
*Elset, elset=Set-1632
1632
** Section: Section-1632
*Solid Section, elset=Set-1632, material=MAT_1632
,
*Elset, elset=Set-1633
1633
** Section: Section-1633
*Solid Section, elset=Set-1633, material=MAT_1633
,
*Elset, elset=Set-1634
1634
** Section: Section-1634
*Solid Section, elset=Set-1634, material=MAT_1634
,
*Elset, elset=Set-1635
1635
** Section: Section-1635
*Solid Section, elset=Set-1635, material=MAT_1635
,
*Elset, elset=Set-1636
1636
** Section: Section-1636
*Solid Section, elset=Set-1636, material=MAT_1636
,
*Elset, elset=Set-1637
1637
** Section: Section-1637
*Solid Section, elset=Set-1637, material=MAT_1637
,
*Elset, elset=Set-1638
1638
** Section: Section-1638
*Solid Section, elset=Set-1638, material=MAT_1638
,
*Elset, elset=Set-1639
1639
** Section: Section-1639
*Solid Section, elset=Set-1639, material=MAT_1639
,
*Elset, elset=Set-1640
1640
** Section: Section-1640
*Solid Section, elset=Set-1640, material=MAT_1640
,
*Elset, elset=Set-1641
1641
** Section: Section-1641
*Solid Section, elset=Set-1641, material=MAT_1641
,
*Elset, elset=Set-1642
1642
** Section: Section-1642
*Solid Section, elset=Set-1642, material=MAT_1642
,
*Elset, elset=Set-1643
1643
** Section: Section-1643
*Solid Section, elset=Set-1643, material=MAT_1643
,
*Elset, elset=Set-1644
1644
** Section: Section-1644
*Solid Section, elset=Set-1644, material=MAT_1644
,
*Elset, elset=Set-1645
1645
** Section: Section-1645
*Solid Section, elset=Set-1645, material=MAT_1645
,
*Elset, elset=Set-1646
1646
** Section: Section-1646
*Solid Section, elset=Set-1646, material=MAT_1646
,
*Elset, elset=Set-1647
1647
** Section: Section-1647
*Solid Section, elset=Set-1647, material=MAT_1647
,
*Elset, elset=Set-1648
1648
** Section: Section-1648
*Solid Section, elset=Set-1648, material=MAT_1648
,
*Elset, elset=Set-1649
1649
** Section: Section-1649
*Solid Section, elset=Set-1649, material=MAT_1649
,
*Elset, elset=Set-1650
1650
** Section: Section-1650
*Solid Section, elset=Set-1650, material=MAT_1650
,
*Elset, elset=Set-1651
1651
** Section: Section-1651
*Solid Section, elset=Set-1651, material=MAT_1651
,
*Elset, elset=Set-1652
1652
** Section: Section-1652
*Solid Section, elset=Set-1652, material=MAT_1652
,
*Elset, elset=Set-1653
1653
** Section: Section-1653
*Solid Section, elset=Set-1653, material=MAT_1653
,
*Elset, elset=Set-1654
1654
** Section: Section-1654
*Solid Section, elset=Set-1654, material=MAT_1654
,
*Elset, elset=Set-1655
1655
** Section: Section-1655
*Solid Section, elset=Set-1655, material=MAT_1655
,
*Elset, elset=Set-1656
1656
** Section: Section-1656
*Solid Section, elset=Set-1656, material=MAT_1656
,
*Elset, elset=Set-1657
1657
** Section: Section-1657
*Solid Section, elset=Set-1657, material=MAT_1657
,
*Elset, elset=Set-1658
1658
** Section: Section-1658
*Solid Section, elset=Set-1658, material=MAT_1658
,
*Elset, elset=Set-1659
1659
** Section: Section-1659
*Solid Section, elset=Set-1659, material=MAT_1659
,
*Elset, elset=Set-1660
1660
** Section: Section-1660
*Solid Section, elset=Set-1660, material=MAT_1660
,
*Elset, elset=Set-1661
1661
** Section: Section-1661
*Solid Section, elset=Set-1661, material=MAT_1661
,
*Elset, elset=Set-1662
1662
** Section: Section-1662
*Solid Section, elset=Set-1662, material=MAT_1662
,
*Elset, elset=Set-1663
1663
** Section: Section-1663
*Solid Section, elset=Set-1663, material=MAT_1663
,
*Elset, elset=Set-1664
1664
** Section: Section-1664
*Solid Section, elset=Set-1664, material=MAT_1664
,
*Elset, elset=Set-1665
1665
** Section: Section-1665
*Solid Section, elset=Set-1665, material=MAT_1665
,
*Elset, elset=Set-1666
1666
** Section: Section-1666
*Solid Section, elset=Set-1666, material=MAT_1666
,
*Elset, elset=Set-1667
1667
** Section: Section-1667
*Solid Section, elset=Set-1667, material=MAT_1667
,
*Elset, elset=Set-1668
1668
** Section: Section-1668
*Solid Section, elset=Set-1668, material=MAT_1668
,
*Elset, elset=Set-1669
1669
** Section: Section-1669
*Solid Section, elset=Set-1669, material=MAT_1669
,
*Elset, elset=Set-1670
1670
** Section: Section-1670
*Solid Section, elset=Set-1670, material=MAT_1670
,
*Elset, elset=Set-1671
1671
** Section: Section-1671
*Solid Section, elset=Set-1671, material=MAT_1671
,
*Elset, elset=Set-1672
1672
** Section: Section-1672
*Solid Section, elset=Set-1672, material=MAT_1672
,
*Elset, elset=Set-1673
1673
** Section: Section-1673
*Solid Section, elset=Set-1673, material=MAT_1673
,
*Elset, elset=Set-1674
1674
** Section: Section-1674
*Solid Section, elset=Set-1674, material=MAT_1674
,
*Elset, elset=Set-1675
1675
** Section: Section-1675
*Solid Section, elset=Set-1675, material=MAT_1675
,
*Elset, elset=Set-1676
1676
** Section: Section-1676
*Solid Section, elset=Set-1676, material=MAT_1676
,
*Elset, elset=Set-1677
1677
** Section: Section-1677
*Solid Section, elset=Set-1677, material=MAT_1677
,
*Elset, elset=Set-1678
1678
** Section: Section-1678
*Solid Section, elset=Set-1678, material=MAT_1678
,
*Elset, elset=Set-1679
1679
** Section: Section-1679
*Solid Section, elset=Set-1679, material=MAT_1679
,
*Elset, elset=Set-1680
1680
** Section: Section-1680
*Solid Section, elset=Set-1680, material=MAT_1680
,
*Elset, elset=Set-1681
1681
** Section: Section-1681
*Solid Section, elset=Set-1681, material=MAT_1681
,
*Elset, elset=Set-1682
1682
** Section: Section-1682
*Solid Section, elset=Set-1682, material=MAT_1682
,
*Elset, elset=Set-1683
1683
** Section: Section-1683
*Solid Section, elset=Set-1683, material=MAT_1683
,
*Elset, elset=Set-1684
1684
** Section: Section-1684
*Solid Section, elset=Set-1684, material=MAT_1684
,
*Elset, elset=Set-1685
1685
** Section: Section-1685
*Solid Section, elset=Set-1685, material=MAT_1685
,
*Elset, elset=Set-1686
1686
** Section: Section-1686
*Solid Section, elset=Set-1686, material=MAT_1686
,
*Elset, elset=Set-1687
1687
** Section: Section-1687
*Solid Section, elset=Set-1687, material=MAT_1687
,
*Elset, elset=Set-1688
1688
** Section: Section-1688
*Solid Section, elset=Set-1688, material=MAT_1688
,
*Elset, elset=Set-1689
1689
** Section: Section-1689
*Solid Section, elset=Set-1689, material=MAT_1689
,
*Elset, elset=Set-1690
1690
** Section: Section-1690
*Solid Section, elset=Set-1690, material=MAT_1690
,
*Elset, elset=Set-1691
1691
** Section: Section-1691
*Solid Section, elset=Set-1691, material=MAT_1691
,
*Elset, elset=Set-1692
1692
** Section: Section-1692
*Solid Section, elset=Set-1692, material=MAT_1692
,
*Elset, elset=Set-1693
1693
** Section: Section-1693
*Solid Section, elset=Set-1693, material=MAT_1693
,
*Elset, elset=Set-1694
1694
** Section: Section-1694
*Solid Section, elset=Set-1694, material=MAT_1694
,
*Elset, elset=Set-1695
1695
** Section: Section-1695
*Solid Section, elset=Set-1695, material=MAT_1695
,
*Elset, elset=Set-1696
1696
** Section: Section-1696
*Solid Section, elset=Set-1696, material=MAT_1696
,
*Elset, elset=Set-1697
1697
** Section: Section-1697
*Solid Section, elset=Set-1697, material=MAT_1697
,
*Elset, elset=Set-1698
1698
** Section: Section-1698
*Solid Section, elset=Set-1698, material=MAT_1698
,
*Elset, elset=Set-1699
1699
** Section: Section-1699
*Solid Section, elset=Set-1699, material=MAT_1699
,
*Elset, elset=Set-1700
1700
** Section: Section-1700
*Solid Section, elset=Set-1700, material=MAT_1700
,
*Elset, elset=Set-1701
1701
** Section: Section-1701
*Solid Section, elset=Set-1701, material=MAT_1701
,
*Elset, elset=Set-1702
1702
** Section: Section-1702
*Solid Section, elset=Set-1702, material=MAT_1702
,
*Elset, elset=Set-1703
1703
** Section: Section-1703
*Solid Section, elset=Set-1703, material=MAT_1703
,
*Elset, elset=Set-1704
1704
** Section: Section-1704
*Solid Section, elset=Set-1704, material=MAT_1704
,
*Elset, elset=Set-1705
1705
** Section: Section-1705
*Solid Section, elset=Set-1705, material=MAT_1705
,
*Elset, elset=Set-1706
1706
** Section: Section-1706
*Solid Section, elset=Set-1706, material=MAT_1706
,
*Elset, elset=Set-1707
1707
** Section: Section-1707
*Solid Section, elset=Set-1707, material=MAT_1707
,
*Elset, elset=Set-1708
1708
** Section: Section-1708
*Solid Section, elset=Set-1708, material=MAT_1708
,
*Elset, elset=Set-1709
1709
** Section: Section-1709
*Solid Section, elset=Set-1709, material=MAT_1709
,
*Elset, elset=Set-1710
1710
** Section: Section-1710
*Solid Section, elset=Set-1710, material=MAT_1710
,
*Elset, elset=Set-1711
1711
** Section: Section-1711
*Solid Section, elset=Set-1711, material=MAT_1711
,
*Elset, elset=Set-1712
1712
** Section: Section-1712
*Solid Section, elset=Set-1712, material=MAT_1712
,
*Elset, elset=Set-1713
1713
** Section: Section-1713
*Solid Section, elset=Set-1713, material=MAT_1713
,
*Elset, elset=Set-1714
1714
** Section: Section-1714
*Solid Section, elset=Set-1714, material=MAT_1714
,
*Elset, elset=Set-1715
1715
** Section: Section-1715
*Solid Section, elset=Set-1715, material=MAT_1715
,
*Elset, elset=Set-1716
1716
** Section: Section-1716
*Solid Section, elset=Set-1716, material=MAT_1716
,
*Elset, elset=Set-1717
1717
** Section: Section-1717
*Solid Section, elset=Set-1717, material=MAT_1717
,
*Elset, elset=Set-1718
1718
** Section: Section-1718
*Solid Section, elset=Set-1718, material=MAT_1718
,
*Elset, elset=Set-1719
1719
** Section: Section-1719
*Solid Section, elset=Set-1719, material=MAT_1719
,
*Elset, elset=Set-1720
1720
** Section: Section-1720
*Solid Section, elset=Set-1720, material=MAT_1720
,
*Elset, elset=Set-1721
1721
** Section: Section-1721
*Solid Section, elset=Set-1721, material=MAT_1721
,
*Elset, elset=Set-1722
1722
** Section: Section-1722
*Solid Section, elset=Set-1722, material=MAT_1722
,
*Elset, elset=Set-1723
1723
** Section: Section-1723
*Solid Section, elset=Set-1723, material=MAT_1723
,
*Elset, elset=Set-1724
1724
** Section: Section-1724
*Solid Section, elset=Set-1724, material=MAT_1724
,
*Elset, elset=Set-1725
1725
** Section: Section-1725
*Solid Section, elset=Set-1725, material=MAT_1725
,
*Elset, elset=Set-1726
1726
** Section: Section-1726
*Solid Section, elset=Set-1726, material=MAT_1726
,
*Elset, elset=Set-1727
1727
** Section: Section-1727
*Solid Section, elset=Set-1727, material=MAT_1727
,
*Elset, elset=Set-1728
1728
** Section: Section-1728
*Solid Section, elset=Set-1728, material=MAT_1728
,
*Elset, elset=Set-1729
1729
** Section: Section-1729
*Solid Section, elset=Set-1729, material=MAT_1729
,
*Elset, elset=Set-1730
1730
** Section: Section-1730
*Solid Section, elset=Set-1730, material=MAT_1730
,
*Elset, elset=Set-1731
1731
** Section: Section-1731
*Solid Section, elset=Set-1731, material=MAT_1731
,
*Elset, elset=Set-1732
1732
** Section: Section-1732
*Solid Section, elset=Set-1732, material=MAT_1732
,
*Elset, elset=Set-1733
1733
** Section: Section-1733
*Solid Section, elset=Set-1733, material=MAT_1733
,
*Elset, elset=Set-1734
1734
** Section: Section-1734
*Solid Section, elset=Set-1734, material=MAT_1734
,
*Elset, elset=Set-1735
1735
** Section: Section-1735
*Solid Section, elset=Set-1735, material=MAT_1735
,
*Elset, elset=Set-1736
1736
** Section: Section-1736
*Solid Section, elset=Set-1736, material=MAT_1736
,
*Elset, elset=Set-1737
1737
** Section: Section-1737
*Solid Section, elset=Set-1737, material=MAT_1737
,
*Elset, elset=Set-1738
1738
** Section: Section-1738
*Solid Section, elset=Set-1738, material=MAT_1738
,
*Elset, elset=Set-1739
1739
** Section: Section-1739
*Solid Section, elset=Set-1739, material=MAT_1739
,
*Elset, elset=Set-1740
1740
** Section: Section-1740
*Solid Section, elset=Set-1740, material=MAT_1740
,
*Elset, elset=Set-1741
1741
** Section: Section-1741
*Solid Section, elset=Set-1741, material=MAT_1741
,
*Elset, elset=Set-1742
1742
** Section: Section-1742
*Solid Section, elset=Set-1742, material=MAT_1742
,
*Elset, elset=Set-1743
1743
** Section: Section-1743
*Solid Section, elset=Set-1743, material=MAT_1743
,
*Elset, elset=Set-1744
1744
** Section: Section-1744
*Solid Section, elset=Set-1744, material=MAT_1744
,
*Elset, elset=Set-1745
1745
** Section: Section-1745
*Solid Section, elset=Set-1745, material=MAT_1745
,
*Elset, elset=Set-1746
1746
** Section: Section-1746
*Solid Section, elset=Set-1746, material=MAT_1746
,
*Elset, elset=Set-1747
1747
** Section: Section-1747
*Solid Section, elset=Set-1747, material=MAT_1747
,
*Elset, elset=Set-1748
1748
** Section: Section-1748
*Solid Section, elset=Set-1748, material=MAT_1748
,
*Elset, elset=Set-1749
1749
** Section: Section-1749
*Solid Section, elset=Set-1749, material=MAT_1749
,
*Elset, elset=Set-1750
1750
** Section: Section-1750
*Solid Section, elset=Set-1750, material=MAT_1750
,
*Elset, elset=Set-1751
1751
** Section: Section-1751
*Solid Section, elset=Set-1751, material=MAT_1751
,
*Elset, elset=Set-1752
1752
** Section: Section-1752
*Solid Section, elset=Set-1752, material=MAT_1752
,
*Elset, elset=Set-1753
1753
** Section: Section-1753
*Solid Section, elset=Set-1753, material=MAT_1753
,
*Elset, elset=Set-1754
1754
** Section: Section-1754
*Solid Section, elset=Set-1754, material=MAT_1754
,
*Elset, elset=Set-1755
1755
** Section: Section-1755
*Solid Section, elset=Set-1755, material=MAT_1755
,
*Elset, elset=Set-1756
1756
** Section: Section-1756
*Solid Section, elset=Set-1756, material=MAT_1756
,
*Elset, elset=Set-1757
1757
** Section: Section-1757
*Solid Section, elset=Set-1757, material=MAT_1757
,
*Elset, elset=Set-1758
1758
** Section: Section-1758
*Solid Section, elset=Set-1758, material=MAT_1758
,
*Elset, elset=Set-1759
1759
** Section: Section-1759
*Solid Section, elset=Set-1759, material=MAT_1759
,
*Elset, elset=Set-1760
1760
** Section: Section-1760
*Solid Section, elset=Set-1760, material=MAT_1760
,
*Elset, elset=Set-1761
1761
** Section: Section-1761
*Solid Section, elset=Set-1761, material=MAT_1761
,
*Elset, elset=Set-1762
1762
** Section: Section-1762
*Solid Section, elset=Set-1762, material=MAT_1762
,
*Elset, elset=Set-1763
1763
** Section: Section-1763
*Solid Section, elset=Set-1763, material=MAT_1763
,
*Elset, elset=Set-1764
1764
** Section: Section-1764
*Solid Section, elset=Set-1764, material=MAT_1764
,
*Elset, elset=Set-1765
1765
** Section: Section-1765
*Solid Section, elset=Set-1765, material=MAT_1765
,
*Elset, elset=Set-1766
1766
** Section: Section-1766
*Solid Section, elset=Set-1766, material=MAT_1766
,
*Elset, elset=Set-1767
1767
** Section: Section-1767
*Solid Section, elset=Set-1767, material=MAT_1767
,
*Elset, elset=Set-1768
1768
** Section: Section-1768
*Solid Section, elset=Set-1768, material=MAT_1768
,
*Elset, elset=Set-1769
1769
** Section: Section-1769
*Solid Section, elset=Set-1769, material=MAT_1769
,
*Elset, elset=Set-1770
1770
** Section: Section-1770
*Solid Section, elset=Set-1770, material=MAT_1770
,
*Elset, elset=Set-1771
1771
** Section: Section-1771
*Solid Section, elset=Set-1771, material=MAT_1771
,
*Elset, elset=Set-1772
1772
** Section: Section-1772
*Solid Section, elset=Set-1772, material=MAT_1772
,
*Elset, elset=Set-1773
1773
** Section: Section-1773
*Solid Section, elset=Set-1773, material=MAT_1773
,
*Elset, elset=Set-1774
1774
** Section: Section-1774
*Solid Section, elset=Set-1774, material=MAT_1774
,
*Elset, elset=Set-1775
1775
** Section: Section-1775
*Solid Section, elset=Set-1775, material=MAT_1775
,
*Elset, elset=Set-1776
1776
** Section: Section-1776
*Solid Section, elset=Set-1776, material=MAT_1776
,
*Elset, elset=Set-1777
1777
** Section: Section-1777
*Solid Section, elset=Set-1777, material=MAT_1777
,
*Elset, elset=Set-1778
1778
** Section: Section-1778
*Solid Section, elset=Set-1778, material=MAT_1778
,
*Elset, elset=Set-1779
1779
** Section: Section-1779
*Solid Section, elset=Set-1779, material=MAT_1779
,
*Elset, elset=Set-1780
1780
** Section: Section-1780
*Solid Section, elset=Set-1780, material=MAT_1780
,
*Elset, elset=Set-1781
1781
** Section: Section-1781
*Solid Section, elset=Set-1781, material=MAT_1781
,
*Elset, elset=Set-1782
1782
** Section: Section-1782
*Solid Section, elset=Set-1782, material=MAT_1782
,
*Elset, elset=Set-1783
1783
** Section: Section-1783
*Solid Section, elset=Set-1783, material=MAT_1783
,
*Elset, elset=Set-1784
1784
** Section: Section-1784
*Solid Section, elset=Set-1784, material=MAT_1784
,
*Elset, elset=Set-1785
1785
** Section: Section-1785
*Solid Section, elset=Set-1785, material=MAT_1785
,
*Elset, elset=Set-1786
1786
** Section: Section-1786
*Solid Section, elset=Set-1786, material=MAT_1786
,
*Elset, elset=Set-1787
1787
** Section: Section-1787
*Solid Section, elset=Set-1787, material=MAT_1787
,
*Elset, elset=Set-1788
1788
** Section: Section-1788
*Solid Section, elset=Set-1788, material=MAT_1788
,
*Elset, elset=Set-1789
1789
** Section: Section-1789
*Solid Section, elset=Set-1789, material=MAT_1789
,
*Elset, elset=Set-1790
1790
** Section: Section-1790
*Solid Section, elset=Set-1790, material=MAT_1790
,
*Elset, elset=Set-1791
1791
** Section: Section-1791
*Solid Section, elset=Set-1791, material=MAT_1791
,
*Elset, elset=Set-1792
1792
** Section: Section-1792
*Solid Section, elset=Set-1792, material=MAT_1792
,
*Elset, elset=Set-1793
1793
** Section: Section-1793
*Solid Section, elset=Set-1793, material=MAT_1793
,
*Elset, elset=Set-1794
1794
** Section: Section-1794
*Solid Section, elset=Set-1794, material=MAT_1794
,
*Elset, elset=Set-1795
1795
** Section: Section-1795
*Solid Section, elset=Set-1795, material=MAT_1795
,
*Elset, elset=Set-1796
1796
** Section: Section-1796
*Solid Section, elset=Set-1796, material=MAT_1796
,
*Elset, elset=Set-1797
1797
** Section: Section-1797
*Solid Section, elset=Set-1797, material=MAT_1797
,
*Elset, elset=Set-1798
1798
** Section: Section-1798
*Solid Section, elset=Set-1798, material=MAT_1798
,
*Elset, elset=Set-1799
1799
** Section: Section-1799
*Solid Section, elset=Set-1799, material=MAT_1799
,
*Elset, elset=Set-1800
1800
** Section: Section-1800
*Solid Section, elset=Set-1800, material=MAT_1800
,
*Elset, elset=Set-1801
1801
** Section: Section-1801
*Solid Section, elset=Set-1801, material=MAT_1801
,
*Elset, elset=Set-1802
1802
** Section: Section-1802
*Solid Section, elset=Set-1802, material=MAT_1802
,
*Elset, elset=Set-1803
1803
** Section: Section-1803
*Solid Section, elset=Set-1803, material=MAT_1803
,
*Elset, elset=Set-1804
1804
** Section: Section-1804
*Solid Section, elset=Set-1804, material=MAT_1804
,
*Elset, elset=Set-1805
1805
** Section: Section-1805
*Solid Section, elset=Set-1805, material=MAT_1805
,
*Elset, elset=Set-1806
1806
** Section: Section-1806
*Solid Section, elset=Set-1806, material=MAT_1806
,
*Elset, elset=Set-1807
1807
** Section: Section-1807
*Solid Section, elset=Set-1807, material=MAT_1807
,
*Elset, elset=Set-1808
1808
** Section: Section-1808
*Solid Section, elset=Set-1808, material=MAT_1808
,
*Elset, elset=Set-1809
1809
** Section: Section-1809
*Solid Section, elset=Set-1809, material=MAT_1809
,
*Elset, elset=Set-1810
1810
** Section: Section-1810
*Solid Section, elset=Set-1810, material=MAT_1810
,
*Elset, elset=Set-1811
1811
** Section: Section-1811
*Solid Section, elset=Set-1811, material=MAT_1811
,
*Elset, elset=Set-1812
1812
** Section: Section-1812
*Solid Section, elset=Set-1812, material=MAT_1812
,
*Elset, elset=Set-1813
1813
** Section: Section-1813
*Solid Section, elset=Set-1813, material=MAT_1813
,
*Elset, elset=Set-1814
1814
** Section: Section-1814
*Solid Section, elset=Set-1814, material=MAT_1814
,
*Elset, elset=Set-1815
1815
** Section: Section-1815
*Solid Section, elset=Set-1815, material=MAT_1815
,
*Elset, elset=Set-1816
1816
** Section: Section-1816
*Solid Section, elset=Set-1816, material=MAT_1816
,
*Elset, elset=Set-1817
1817
** Section: Section-1817
*Solid Section, elset=Set-1817, material=MAT_1817
,
*Elset, elset=Set-1818
1818
** Section: Section-1818
*Solid Section, elset=Set-1818, material=MAT_1818
,
*Elset, elset=Set-1819
1819
** Section: Section-1819
*Solid Section, elset=Set-1819, material=MAT_1819
,
*Elset, elset=Set-1820
1820
** Section: Section-1820
*Solid Section, elset=Set-1820, material=MAT_1820
,
*Elset, elset=Set-1821
1821
** Section: Section-1821
*Solid Section, elset=Set-1821, material=MAT_1821
,
*Elset, elset=Set-1822
1822
** Section: Section-1822
*Solid Section, elset=Set-1822, material=MAT_1822
,
*Elset, elset=Set-1823
1823
** Section: Section-1823
*Solid Section, elset=Set-1823, material=MAT_1823
,
*Elset, elset=Set-1824
1824
** Section: Section-1824
*Solid Section, elset=Set-1824, material=MAT_1824
,
*Elset, elset=Set-1825
1825
** Section: Section-1825
*Solid Section, elset=Set-1825, material=MAT_1825
,
*Elset, elset=Set-1826
1826
** Section: Section-1826
*Solid Section, elset=Set-1826, material=MAT_1826
,
*Elset, elset=Set-1827
1827
** Section: Section-1827
*Solid Section, elset=Set-1827, material=MAT_1827
,
*Elset, elset=Set-1828
1828
** Section: Section-1828
*Solid Section, elset=Set-1828, material=MAT_1828
,
*Elset, elset=Set-1829
1829
** Section: Section-1829
*Solid Section, elset=Set-1829, material=MAT_1829
,
*Elset, elset=Set-1830
1830
** Section: Section-1830
*Solid Section, elset=Set-1830, material=MAT_1830
,
*Elset, elset=Set-1831
1831
** Section: Section-1831
*Solid Section, elset=Set-1831, material=MAT_1831
,
*Elset, elset=Set-1832
1832
** Section: Section-1832
*Solid Section, elset=Set-1832, material=MAT_1832
,
*Elset, elset=Set-1833
1833
** Section: Section-1833
*Solid Section, elset=Set-1833, material=MAT_1833
,
*Elset, elset=Set-1834
1834
** Section: Section-1834
*Solid Section, elset=Set-1834, material=MAT_1834
,
*Elset, elset=Set-1835
1835
** Section: Section-1835
*Solid Section, elset=Set-1835, material=MAT_1835
,
*Elset, elset=Set-1836
1836
** Section: Section-1836
*Solid Section, elset=Set-1836, material=MAT_1836
,
*Elset, elset=Set-1837
1837
** Section: Section-1837
*Solid Section, elset=Set-1837, material=MAT_1837
,
*Elset, elset=Set-1838
1838
** Section: Section-1838
*Solid Section, elset=Set-1838, material=MAT_1838
,
*Elset, elset=Set-1839
1839
** Section: Section-1839
*Solid Section, elset=Set-1839, material=MAT_1839
,
*Elset, elset=Set-1840
1840
** Section: Section-1840
*Solid Section, elset=Set-1840, material=MAT_1840
,
*Elset, elset=Set-1841
1841
** Section: Section-1841
*Solid Section, elset=Set-1841, material=MAT_1841
,
*Elset, elset=Set-1842
1842
** Section: Section-1842
*Solid Section, elset=Set-1842, material=MAT_1842
,
*Elset, elset=Set-1843
1843
** Section: Section-1843
*Solid Section, elset=Set-1843, material=MAT_1843
,
*Elset, elset=Set-1844
1844
** Section: Section-1844
*Solid Section, elset=Set-1844, material=MAT_1844
,
*Elset, elset=Set-1845
1845
** Section: Section-1845
*Solid Section, elset=Set-1845, material=MAT_1845
,
*Elset, elset=Set-1846
1846
** Section: Section-1846
*Solid Section, elset=Set-1846, material=MAT_1846
,
*Elset, elset=Set-1847
1847
** Section: Section-1847
*Solid Section, elset=Set-1847, material=MAT_1847
,
*Elset, elset=Set-1848
1848
** Section: Section-1848
*Solid Section, elset=Set-1848, material=MAT_1848
,
*Elset, elset=Set-1849
1849
** Section: Section-1849
*Solid Section, elset=Set-1849, material=MAT_1849
,
*Elset, elset=Set-1850
1850
** Section: Section-1850
*Solid Section, elset=Set-1850, material=MAT_1850
,
*Elset, elset=Set-1851
1851
** Section: Section-1851
*Solid Section, elset=Set-1851, material=MAT_1851
,
*Elset, elset=Set-1852
1852
** Section: Section-1852
*Solid Section, elset=Set-1852, material=MAT_1852
,
*Elset, elset=Set-1853
1853
** Section: Section-1853
*Solid Section, elset=Set-1853, material=MAT_1853
,
*Elset, elset=Set-1854
1854
** Section: Section-1854
*Solid Section, elset=Set-1854, material=MAT_1854
,
*Elset, elset=Set-1855
1855
** Section: Section-1855
*Solid Section, elset=Set-1855, material=MAT_1855
,
*Elset, elset=Set-1856
1856
** Section: Section-1856
*Solid Section, elset=Set-1856, material=MAT_1856
,
*Elset, elset=Set-1857
1857
** Section: Section-1857
*Solid Section, elset=Set-1857, material=MAT_1857
,
*Elset, elset=Set-1858
1858
** Section: Section-1858
*Solid Section, elset=Set-1858, material=MAT_1858
,
*Elset, elset=Set-1859
1859
** Section: Section-1859
*Solid Section, elset=Set-1859, material=MAT_1859
,
*Elset, elset=Set-1860
1860
** Section: Section-1860
*Solid Section, elset=Set-1860, material=MAT_1860
,
*Elset, elset=Set-1861
1861
** Section: Section-1861
*Solid Section, elset=Set-1861, material=MAT_1861
,
*Elset, elset=Set-1862
1862
** Section: Section-1862
*Solid Section, elset=Set-1862, material=MAT_1862
,
*Elset, elset=Set-1863
1863
** Section: Section-1863
*Solid Section, elset=Set-1863, material=MAT_1863
,
*Elset, elset=Set-1864
1864
** Section: Section-1864
*Solid Section, elset=Set-1864, material=MAT_1864
,
*Elset, elset=Set-1865
1865
** Section: Section-1865
*Solid Section, elset=Set-1865, material=MAT_1865
,
*Elset, elset=Set-1866
1866
** Section: Section-1866
*Solid Section, elset=Set-1866, material=MAT_1866
,
*Elset, elset=Set-1867
1867
** Section: Section-1867
*Solid Section, elset=Set-1867, material=MAT_1867
,
*Elset, elset=Set-1868
1868
** Section: Section-1868
*Solid Section, elset=Set-1868, material=MAT_1868
,
*Elset, elset=Set-1869
1869
** Section: Section-1869
*Solid Section, elset=Set-1869, material=MAT_1869
,
*Elset, elset=Set-1870
1870
** Section: Section-1870
*Solid Section, elset=Set-1870, material=MAT_1870
,
*Elset, elset=Set-1871
1871
** Section: Section-1871
*Solid Section, elset=Set-1871, material=MAT_1871
,
*Elset, elset=Set-1872
1872
** Section: Section-1872
*Solid Section, elset=Set-1872, material=MAT_1872
,
*Elset, elset=Set-1873
1873
** Section: Section-1873
*Solid Section, elset=Set-1873, material=MAT_1873
,
*Elset, elset=Set-1874
1874
** Section: Section-1874
*Solid Section, elset=Set-1874, material=MAT_1874
,
*Elset, elset=Set-1875
1875
** Section: Section-1875
*Solid Section, elset=Set-1875, material=MAT_1875
,
*Elset, elset=Set-1876
1876
** Section: Section-1876
*Solid Section, elset=Set-1876, material=MAT_1876
,
*Elset, elset=Set-1877
1877
** Section: Section-1877
*Solid Section, elset=Set-1877, material=MAT_1877
,
*Elset, elset=Set-1878
1878
** Section: Section-1878
*Solid Section, elset=Set-1878, material=MAT_1878
,
*Elset, elset=Set-1879
1879
** Section: Section-1879
*Solid Section, elset=Set-1879, material=MAT_1879
,
*Elset, elset=Set-1880
1880
** Section: Section-1880
*Solid Section, elset=Set-1880, material=MAT_1880
,
*Elset, elset=Set-1881
1881
** Section: Section-1881
*Solid Section, elset=Set-1881, material=MAT_1881
,
*Elset, elset=Set-1882
1882
** Section: Section-1882
*Solid Section, elset=Set-1882, material=MAT_1882
,
*Elset, elset=Set-1883
1883
** Section: Section-1883
*Solid Section, elset=Set-1883, material=MAT_1883
,
*Elset, elset=Set-1884
1884
** Section: Section-1884
*Solid Section, elset=Set-1884, material=MAT_1884
,
*Elset, elset=Set-1885
1885
** Section: Section-1885
*Solid Section, elset=Set-1885, material=MAT_1885
,
*Elset, elset=Set-1886
1886
** Section: Section-1886
*Solid Section, elset=Set-1886, material=MAT_1886
,
*Elset, elset=Set-1887
1887
** Section: Section-1887
*Solid Section, elset=Set-1887, material=MAT_1887
,
*Elset, elset=Set-1888
1888
** Section: Section-1888
*Solid Section, elset=Set-1888, material=MAT_1888
,
*Elset, elset=Set-1889
1889
** Section: Section-1889
*Solid Section, elset=Set-1889, material=MAT_1889
,
*Elset, elset=Set-1890
1890
** Section: Section-1890
*Solid Section, elset=Set-1890, material=MAT_1890
,
*Elset, elset=Set-1891
1891
** Section: Section-1891
*Solid Section, elset=Set-1891, material=MAT_1891
,
*Elset, elset=Set-1892
1892
** Section: Section-1892
*Solid Section, elset=Set-1892, material=MAT_1892
,
*Elset, elset=Set-1893
1893
** Section: Section-1893
*Solid Section, elset=Set-1893, material=MAT_1893
,
*Elset, elset=Set-1894
1894
** Section: Section-1894
*Solid Section, elset=Set-1894, material=MAT_1894
,
*Elset, elset=Set-1895
1895
** Section: Section-1895
*Solid Section, elset=Set-1895, material=MAT_1895
,
*Elset, elset=Set-1896
1896
** Section: Section-1896
*Solid Section, elset=Set-1896, material=MAT_1896
,
*Elset, elset=Set-1897
1897
** Section: Section-1897
*Solid Section, elset=Set-1897, material=MAT_1897
,
*Elset, elset=Set-1898
1898
** Section: Section-1898
*Solid Section, elset=Set-1898, material=MAT_1898
,
*Elset, elset=Set-1899
1899
** Section: Section-1899
*Solid Section, elset=Set-1899, material=MAT_1899
,
*Elset, elset=Set-1900
1900
** Section: Section-1900
*Solid Section, elset=Set-1900, material=MAT_1900
,
*Elset, elset=Set-1901
1901
** Section: Section-1901
*Solid Section, elset=Set-1901, material=MAT_1901
,
*Elset, elset=Set-1902
1902
** Section: Section-1902
*Solid Section, elset=Set-1902, material=MAT_1902
,
*Elset, elset=Set-1903
1903
** Section: Section-1903
*Solid Section, elset=Set-1903, material=MAT_1903
,
*Elset, elset=Set-1904
1904
** Section: Section-1904
*Solid Section, elset=Set-1904, material=MAT_1904
,
*Elset, elset=Set-1905
1905
** Section: Section-1905
*Solid Section, elset=Set-1905, material=MAT_1905
,
*Elset, elset=Set-1906
1906
** Section: Section-1906
*Solid Section, elset=Set-1906, material=MAT_1906
,
*Elset, elset=Set-1907
1907
** Section: Section-1907
*Solid Section, elset=Set-1907, material=MAT_1907
,
*Elset, elset=Set-1908
1908
** Section: Section-1908
*Solid Section, elset=Set-1908, material=MAT_1908
,
*Elset, elset=Set-1909
1909
** Section: Section-1909
*Solid Section, elset=Set-1909, material=MAT_1909
,
*Elset, elset=Set-1910
1910
** Section: Section-1910
*Solid Section, elset=Set-1910, material=MAT_1910
,
*Elset, elset=Set-1911
1911
** Section: Section-1911
*Solid Section, elset=Set-1911, material=MAT_1911
,
*Elset, elset=Set-1912
1912
** Section: Section-1912
*Solid Section, elset=Set-1912, material=MAT_1912
,
*Elset, elset=Set-1913
1913
** Section: Section-1913
*Solid Section, elset=Set-1913, material=MAT_1913
,
*Elset, elset=Set-1914
1914
** Section: Section-1914
*Solid Section, elset=Set-1914, material=MAT_1914
,
*Elset, elset=Set-1915
1915
** Section: Section-1915
*Solid Section, elset=Set-1915, material=MAT_1915
,
*Elset, elset=Set-1916
1916
** Section: Section-1916
*Solid Section, elset=Set-1916, material=MAT_1916
,
*Elset, elset=Set-1917
1917
** Section: Section-1917
*Solid Section, elset=Set-1917, material=MAT_1917
,
*Elset, elset=Set-1918
1918
** Section: Section-1918
*Solid Section, elset=Set-1918, material=MAT_1918
,
*Elset, elset=Set-1919
1919
** Section: Section-1919
*Solid Section, elset=Set-1919, material=MAT_1919
,
*Elset, elset=Set-1920
1920
** Section: Section-1920
*Solid Section, elset=Set-1920, material=MAT_1920
,
*Elset, elset=Set-1921
1921
** Section: Section-1921
*Solid Section, elset=Set-1921, material=MAT_1921
,
*Elset, elset=Set-1922
1922
** Section: Section-1922
*Solid Section, elset=Set-1922, material=MAT_1922
,
*Elset, elset=Set-1923
1923
** Section: Section-1923
*Solid Section, elset=Set-1923, material=MAT_1923
,
*Elset, elset=Set-1924
1924
** Section: Section-1924
*Solid Section, elset=Set-1924, material=MAT_1924
,
*Elset, elset=Set-1925
1925
** Section: Section-1925
*Solid Section, elset=Set-1925, material=MAT_1925
,
*Elset, elset=Set-1926
1926
** Section: Section-1926
*Solid Section, elset=Set-1926, material=MAT_1926
,
*Elset, elset=Set-1927
1927
** Section: Section-1927
*Solid Section, elset=Set-1927, material=MAT_1927
,
*Elset, elset=Set-1928
1928
** Section: Section-1928
*Solid Section, elset=Set-1928, material=MAT_1928
,
*Elset, elset=Set-1929
1929
** Section: Section-1929
*Solid Section, elset=Set-1929, material=MAT_1929
,
*Elset, elset=Set-1930
1930
** Section: Section-1930
*Solid Section, elset=Set-1930, material=MAT_1930
,
*Elset, elset=Set-1931
1931
** Section: Section-1931
*Solid Section, elset=Set-1931, material=MAT_1931
,
*Elset, elset=Set-1932
1932
** Section: Section-1932
*Solid Section, elset=Set-1932, material=MAT_1932
,
*Elset, elset=Set-1933
1933
** Section: Section-1933
*Solid Section, elset=Set-1933, material=MAT_1933
,
*Elset, elset=Set-1934
1934
** Section: Section-1934
*Solid Section, elset=Set-1934, material=MAT_1934
,
*Elset, elset=Set-1935
1935
** Section: Section-1935
*Solid Section, elset=Set-1935, material=MAT_1935
,
*Elset, elset=Set-1936
1936
** Section: Section-1936
*Solid Section, elset=Set-1936, material=MAT_1936
,
*Elset, elset=Set-1937
1937
** Section: Section-1937
*Solid Section, elset=Set-1937, material=MAT_1937
,
*Elset, elset=Set-1938
1938
** Section: Section-1938
*Solid Section, elset=Set-1938, material=MAT_1938
,
*Elset, elset=Set-1939
1939
** Section: Section-1939
*Solid Section, elset=Set-1939, material=MAT_1939
,
*Elset, elset=Set-1940
1940
** Section: Section-1940
*Solid Section, elset=Set-1940, material=MAT_1940
,
*Elset, elset=Set-1941
1941
** Section: Section-1941
*Solid Section, elset=Set-1941, material=MAT_1941
,
*Elset, elset=Set-1942
1942
** Section: Section-1942
*Solid Section, elset=Set-1942, material=MAT_1942
,
*Elset, elset=Set-1943
1943
** Section: Section-1943
*Solid Section, elset=Set-1943, material=MAT_1943
,
*Elset, elset=Set-1944
1944
** Section: Section-1944
*Solid Section, elset=Set-1944, material=MAT_1944
,
*Elset, elset=Set-1945
1945
** Section: Section-1945
*Solid Section, elset=Set-1945, material=MAT_1945
,
*Elset, elset=Set-1946
1946
** Section: Section-1946
*Solid Section, elset=Set-1946, material=MAT_1946
,
*Elset, elset=Set-1947
1947
** Section: Section-1947
*Solid Section, elset=Set-1947, material=MAT_1947
,
*Elset, elset=Set-1948
1948
** Section: Section-1948
*Solid Section, elset=Set-1948, material=MAT_1948
,
*Elset, elset=Set-1949
1949
** Section: Section-1949
*Solid Section, elset=Set-1949, material=MAT_1949
,
*Elset, elset=Set-1950
1950
** Section: Section-1950
*Solid Section, elset=Set-1950, material=MAT_1950
,
*Elset, elset=Set-1951
1951
** Section: Section-1951
*Solid Section, elset=Set-1951, material=MAT_1951
,
*Elset, elset=Set-1952
1952
** Section: Section-1952
*Solid Section, elset=Set-1952, material=MAT_1952
,
*Elset, elset=Set-1953
1953
** Section: Section-1953
*Solid Section, elset=Set-1953, material=MAT_1953
,
*Elset, elset=Set-1954
1954
** Section: Section-1954
*Solid Section, elset=Set-1954, material=MAT_1954
,
*Elset, elset=Set-1955
1955
** Section: Section-1955
*Solid Section, elset=Set-1955, material=MAT_1955
,
*Elset, elset=Set-1956
1956
** Section: Section-1956
*Solid Section, elset=Set-1956, material=MAT_1956
,
*Elset, elset=Set-1957
1957
** Section: Section-1957
*Solid Section, elset=Set-1957, material=MAT_1957
,
*Elset, elset=Set-1958
1958
** Section: Section-1958
*Solid Section, elset=Set-1958, material=MAT_1958
,
*Elset, elset=Set-1959
1959
** Section: Section-1959
*Solid Section, elset=Set-1959, material=MAT_1959
,
*Elset, elset=Set-1960
1960
** Section: Section-1960
*Solid Section, elset=Set-1960, material=MAT_1960
,
*Elset, elset=Set-1961
1961
** Section: Section-1961
*Solid Section, elset=Set-1961, material=MAT_1961
,
*Elset, elset=Set-1962
1962
** Section: Section-1962
*Solid Section, elset=Set-1962, material=MAT_1962
,
*Elset, elset=Set-1963
1963
** Section: Section-1963
*Solid Section, elset=Set-1963, material=MAT_1963
,
*Elset, elset=Set-1964
1964
** Section: Section-1964
*Solid Section, elset=Set-1964, material=MAT_1964
,
*Elset, elset=Set-1965
1965
** Section: Section-1965
*Solid Section, elset=Set-1965, material=MAT_1965
,
*Elset, elset=Set-1966
1966
** Section: Section-1966
*Solid Section, elset=Set-1966, material=MAT_1966
,
*Elset, elset=Set-1967
1967
** Section: Section-1967
*Solid Section, elset=Set-1967, material=MAT_1967
,
*Elset, elset=Set-1968
1968
** Section: Section-1968
*Solid Section, elset=Set-1968, material=MAT_1968
,
*Elset, elset=Set-1969
1969
** Section: Section-1969
*Solid Section, elset=Set-1969, material=MAT_1969
,
*Elset, elset=Set-1970
1970
** Section: Section-1970
*Solid Section, elset=Set-1970, material=MAT_1970
,
*Elset, elset=Set-1971
1971
** Section: Section-1971
*Solid Section, elset=Set-1971, material=MAT_1971
,
*Elset, elset=Set-1972
1972
** Section: Section-1972
*Solid Section, elset=Set-1972, material=MAT_1972
,
*Elset, elset=Set-1973
1973
** Section: Section-1973
*Solid Section, elset=Set-1973, material=MAT_1973
,
*Elset, elset=Set-1974
1974
** Section: Section-1974
*Solid Section, elset=Set-1974, material=MAT_1974
,
*Elset, elset=Set-1975
1975
** Section: Section-1975
*Solid Section, elset=Set-1975, material=MAT_1975
,
*Elset, elset=Set-1976
1976
** Section: Section-1976
*Solid Section, elset=Set-1976, material=MAT_1976
,
*Elset, elset=Set-1977
1977
** Section: Section-1977
*Solid Section, elset=Set-1977, material=MAT_1977
,
*Elset, elset=Set-1978
1978
** Section: Section-1978
*Solid Section, elset=Set-1978, material=MAT_1978
,
*Elset, elset=Set-1979
1979
** Section: Section-1979
*Solid Section, elset=Set-1979, material=MAT_1979
,
*Elset, elset=Set-1980
1980
** Section: Section-1980
*Solid Section, elset=Set-1980, material=MAT_1980
,
*Elset, elset=Set-1981
1981
** Section: Section-1981
*Solid Section, elset=Set-1981, material=MAT_1981
,
*Elset, elset=Set-1982
1982
** Section: Section-1982
*Solid Section, elset=Set-1982, material=MAT_1982
,
*Elset, elset=Set-1983
1983
** Section: Section-1983
*Solid Section, elset=Set-1983, material=MAT_1983
,
*Elset, elset=Set-1984
1984
** Section: Section-1984
*Solid Section, elset=Set-1984, material=MAT_1984
,
*Elset, elset=Set-1985
1985
** Section: Section-1985
*Solid Section, elset=Set-1985, material=MAT_1985
,
*Elset, elset=Set-1986
1986
** Section: Section-1986
*Solid Section, elset=Set-1986, material=MAT_1986
,
*Elset, elset=Set-1987
1987
** Section: Section-1987
*Solid Section, elset=Set-1987, material=MAT_1987
,
*Elset, elset=Set-1988
1988
** Section: Section-1988
*Solid Section, elset=Set-1988, material=MAT_1988
,
*Elset, elset=Set-1989
1989
** Section: Section-1989
*Solid Section, elset=Set-1989, material=MAT_1989
,
*Elset, elset=Set-1990
1990
** Section: Section-1990
*Solid Section, elset=Set-1990, material=MAT_1990
,
*Elset, elset=Set-1991
1991
** Section: Section-1991
*Solid Section, elset=Set-1991, material=MAT_1991
,
*Elset, elset=Set-1992
1992
** Section: Section-1992
*Solid Section, elset=Set-1992, material=MAT_1992
,
*Elset, elset=Set-1993
1993
** Section: Section-1993
*Solid Section, elset=Set-1993, material=MAT_1993
,
*Elset, elset=Set-1994
1994
** Section: Section-1994
*Solid Section, elset=Set-1994, material=MAT_1994
,
*Elset, elset=Set-1995
1995
** Section: Section-1995
*Solid Section, elset=Set-1995, material=MAT_1995
,
*Elset, elset=Set-1996
1996
** Section: Section-1996
*Solid Section, elset=Set-1996, material=MAT_1996
,
*Elset, elset=Set-1997
1997
** Section: Section-1997
*Solid Section, elset=Set-1997, material=MAT_1997
,
*Elset, elset=Set-1998
1998
** Section: Section-1998
*Solid Section, elset=Set-1998, material=MAT_1998
,
*Elset, elset=Set-1999
1999
** Section: Section-1999
*Solid Section, elset=Set-1999, material=MAT_1999
,
*Elset, elset=Set-2000
2000
** Section: Section-2000
*Solid Section, elset=Set-2000, material=MAT_2000
,
*Elset, elset=Set-2001
2001
** Section: Section-2001
*Solid Section, elset=Set-2001, material=MAT_2001
,
*Elset, elset=Set-2002
2002
** Section: Section-2002
*Solid Section, elset=Set-2002, material=MAT_2002
,
*Elset, elset=Set-2003
2003
** Section: Section-2003
*Solid Section, elset=Set-2003, material=MAT_2003
,
*Elset, elset=Set-2004
2004
** Section: Section-2004
*Solid Section, elset=Set-2004, material=MAT_2004
,
*Elset, elset=Set-2005
2005
** Section: Section-2005
*Solid Section, elset=Set-2005, material=MAT_2005
,
*Elset, elset=Set-2006
2006
** Section: Section-2006
*Solid Section, elset=Set-2006, material=MAT_2006
,
*Elset, elset=Set-2007
2007
** Section: Section-2007
*Solid Section, elset=Set-2007, material=MAT_2007
,
*Elset, elset=Set-2008
2008
** Section: Section-2008
*Solid Section, elset=Set-2008, material=MAT_2008
,
*Elset, elset=Set-2009
2009
** Section: Section-2009
*Solid Section, elset=Set-2009, material=MAT_2009
,
*Elset, elset=Set-2010
2010
** Section: Section-2010
*Solid Section, elset=Set-2010, material=MAT_2010
,
*Elset, elset=Set-2011
2011
** Section: Section-2011
*Solid Section, elset=Set-2011, material=MAT_2011
,
*Elset, elset=Set-2012
2012
** Section: Section-2012
*Solid Section, elset=Set-2012, material=MAT_2012
,
*Elset, elset=Set-2013
2013
** Section: Section-2013
*Solid Section, elset=Set-2013, material=MAT_2013
,
*Elset, elset=Set-2014
2014
** Section: Section-2014
*Solid Section, elset=Set-2014, material=MAT_2014
,
*Elset, elset=Set-2015
2015
** Section: Section-2015
*Solid Section, elset=Set-2015, material=MAT_2015
,
*Elset, elset=Set-2016
2016
** Section: Section-2016
*Solid Section, elset=Set-2016, material=MAT_2016
,
*Elset, elset=Set-2017
2017
** Section: Section-2017
*Solid Section, elset=Set-2017, material=MAT_2017
,
*Elset, elset=Set-2018
2018
** Section: Section-2018
*Solid Section, elset=Set-2018, material=MAT_2018
,
*Elset, elset=Set-2019
2019
** Section: Section-2019
*Solid Section, elset=Set-2019, material=MAT_2019
,
*Elset, elset=Set-2020
2020
** Section: Section-2020
*Solid Section, elset=Set-2020, material=MAT_2020
,
*Elset, elset=Set-2021
2021
** Section: Section-2021
*Solid Section, elset=Set-2021, material=MAT_2021
,
*Elset, elset=Set-2022
2022
** Section: Section-2022
*Solid Section, elset=Set-2022, material=MAT_2022
,
*Elset, elset=Set-2023
2023
** Section: Section-2023
*Solid Section, elset=Set-2023, material=MAT_2023
,
*Elset, elset=Set-2024
2024
** Section: Section-2024
*Solid Section, elset=Set-2024, material=MAT_2024
,
*Elset, elset=Set-2025
2025
** Section: Section-2025
*Solid Section, elset=Set-2025, material=MAT_2025
,
*Elset, elset=Set-2026
2026
** Section: Section-2026
*Solid Section, elset=Set-2026, material=MAT_2026
,
*Elset, elset=Set-2027
2027
** Section: Section-2027
*Solid Section, elset=Set-2027, material=MAT_2027
,
*Elset, elset=Set-2028
2028
** Section: Section-2028
*Solid Section, elset=Set-2028, material=MAT_2028
,
*Elset, elset=Set-2029
2029
** Section: Section-2029
*Solid Section, elset=Set-2029, material=MAT_2029
,
*Elset, elset=Set-2030
2030
** Section: Section-2030
*Solid Section, elset=Set-2030, material=MAT_2030
,
*Elset, elset=Set-2031
2031
** Section: Section-2031
*Solid Section, elset=Set-2031, material=MAT_2031
,
*Elset, elset=Set-2032
2032
** Section: Section-2032
*Solid Section, elset=Set-2032, material=MAT_2032
,
*Elset, elset=Set-2033
2033
** Section: Section-2033
*Solid Section, elset=Set-2033, material=MAT_2033
,
*Elset, elset=Set-2034
2034
** Section: Section-2034
*Solid Section, elset=Set-2034, material=MAT_2034
,
*Elset, elset=Set-2035
2035
** Section: Section-2035
*Solid Section, elset=Set-2035, material=MAT_2035
,
*Elset, elset=Set-2036
2036
** Section: Section-2036
*Solid Section, elset=Set-2036, material=MAT_2036
,
*Elset, elset=Set-2037
2037
** Section: Section-2037
*Solid Section, elset=Set-2037, material=MAT_2037
,
*Elset, elset=Set-2038
2038
** Section: Section-2038
*Solid Section, elset=Set-2038, material=MAT_2038
,
*End Instance
**  
*Instance, name=Part-2-1, part=Part-2
*Node
      1,           0.,           1.,           0.
      2,           0.,           1.,           7.
      3, -0.587785244,  0.809017003,           0.
      4,  -0.95105654,  0.309017003,           0.
      5,  -0.95105654, -0.309017003,           0.
      6, -0.587785244, -0.809017003,           0.
      7,           0.,          -1.,           0.
      8,  0.587785244, -0.809017003,           0.
      9,   0.95105654, -0.309017003,           0.
     10,   0.95105654,  0.309017003,           0.
     11,  0.587785244,  0.809017003,           0.
     12,  0.587785244,  0.809017003,           7.
     13,   0.95105654,  0.309017003,           7.
     14,   0.95105654, -0.309017003,           7.
     15,  0.587785244, -0.809017003,           7.
     16,           0.,          -1.,           7.
     17, -0.587785244, -0.809017003,           7.
     18,  -0.95105654, -0.309017003,           7.
     19,  -0.95105654,  0.309017003,           7.
     20, -0.587785244,  0.809017003,           7.
     21, 0.00314752478,  0.372958571,           0.
     22,  0.516169727, -0.000389713648,           0.
     23, 0.00151131151, -0.374379456,           0.
     24, -0.512170792, -0.000236816355,           0.
     25,  0.587785244,  0.809017003,   6.36363649
     26,   0.95105654,  0.309017003,   6.36363649
     27,   0.95105654, -0.309017003,   6.36363649
     28,  0.587785244, -0.809017003,   6.36363649
     29,           0.,          -1.,   6.36363649
     30, -0.587785244, -0.809017003,   6.36363649
     31,  -0.95105654, -0.309017003,   6.36363649
     32,  -0.95105654,  0.309017003,   6.36363649
     33, -0.587785244,  0.809017003,   6.36363649
     34,           0.,           1.,   6.36363649
     35,  0.587785244,  0.809017003,   5.72727251
     36,   0.95105654,  0.309017003,   5.72727251
     37,   0.95105654, -0.309017003,   5.72727251
     38,  0.587785244, -0.809017003,   5.72727251
     39,           0.,          -1.,   5.72727251
     40, -0.587785244, -0.809017003,   5.72727251
     41,  -0.95105654, -0.309017003,   5.72727251
     42,  -0.95105654,  0.309017003,   5.72727251
     43, -0.587785244,  0.809017003,   5.72727251
     44,           0.,           1.,   5.72727251
     45,  0.587785244,  0.809017003,     5.090909
     46,   0.95105654,  0.309017003,     5.090909
     47,   0.95105654, -0.309017003,     5.090909
     48,  0.587785244, -0.809017003,     5.090909
     49,           0.,          -1.,     5.090909
     50, -0.587785244, -0.809017003,     5.090909
     51,  -0.95105654, -0.309017003,     5.090909
     52,  -0.95105654,  0.309017003,     5.090909
     53, -0.587785244,  0.809017003,     5.090909
     54,           0.,           1.,     5.090909
     55,  0.587785244,  0.809017003,    4.4545455
     56,   0.95105654,  0.309017003,    4.4545455
     57,   0.95105654, -0.309017003,    4.4545455
     58,  0.587785244, -0.809017003,    4.4545455
     59,           0.,          -1.,    4.4545455
     60, -0.587785244, -0.809017003,    4.4545455
     61,  -0.95105654, -0.309017003,    4.4545455
     62,  -0.95105654,  0.309017003,    4.4545455
     63, -0.587785244,  0.809017003,    4.4545455
     64,           0.,           1.,    4.4545455
     65,  0.587785244,  0.809017003,   3.81818175
     66,   0.95105654,  0.309017003,   3.81818175
     67,   0.95105654, -0.309017003,   3.81818175
     68,  0.587785244, -0.809017003,   3.81818175
     69,           0.,          -1.,   3.81818175
     70, -0.587785244, -0.809017003,   3.81818175
     71,  -0.95105654, -0.309017003,   3.81818175
     72,  -0.95105654,  0.309017003,   3.81818175
     73, -0.587785244,  0.809017003,   3.81818175
     74,           0.,           1.,   3.81818175
     75,  0.587785244,  0.809017003,   3.18181825
     76,   0.95105654,  0.309017003,   3.18181825
     77,   0.95105654, -0.309017003,   3.18181825
     78,  0.587785244, -0.809017003,   3.18181825
     79,           0.,          -1.,   3.18181825
     80, -0.587785244, -0.809017003,   3.18181825
     81,  -0.95105654, -0.309017003,   3.18181825
     82,  -0.95105654,  0.309017003,   3.18181825
     83, -0.587785244,  0.809017003,   3.18181825
     84,           0.,           1.,   3.18181825
     85,  0.587785244,  0.809017003,    2.5454545
     86,   0.95105654,  0.309017003,    2.5454545
     87,   0.95105654, -0.309017003,    2.5454545
     88,  0.587785244, -0.809017003,    2.5454545
     89,           0.,          -1.,    2.5454545
     90, -0.587785244, -0.809017003,    2.5454545
     91,  -0.95105654, -0.309017003,    2.5454545
     92,  -0.95105654,  0.309017003,    2.5454545
     93, -0.587785244,  0.809017003,    2.5454545
     94,           0.,           1.,    2.5454545
     95,  0.587785244,  0.809017003,   1.90909088
     96,   0.95105654,  0.309017003,   1.90909088
     97,   0.95105654, -0.309017003,   1.90909088
     98,  0.587785244, -0.809017003,   1.90909088
     99,           0.,          -1.,   1.90909088
    100, -0.587785244, -0.809017003,   1.90909088
    101,  -0.95105654, -0.309017003,   1.90909088
    102,  -0.95105654,  0.309017003,   1.90909088
    103, -0.587785244,  0.809017003,   1.90909088
    104,           0.,           1.,   1.90909088
    105,  0.587785244,  0.809017003,   1.27272725
    106,   0.95105654,  0.309017003,   1.27272725
    107,   0.95105654, -0.309017003,   1.27272725
    108,  0.587785244, -0.809017003,   1.27272725
    109,           0.,          -1.,   1.27272725
    110, -0.587785244, -0.809017003,   1.27272725
    111,  -0.95105654, -0.309017003,   1.27272725
    112,  -0.95105654,  0.309017003,   1.27272725
    113, -0.587785244,  0.809017003,   1.27272725
    114,           0.,           1.,   1.27272725
    115,  0.587785244,  0.809017003,  0.636363626
    116,   0.95105654,  0.309017003,  0.636363626
    117,   0.95105654, -0.309017003,  0.636363626
    118,  0.587785244, -0.809017003,  0.636363626
    119,           0.,          -1.,  0.636363626
    120, -0.587785244, -0.809017003,  0.636363626
    121,  -0.95105654, -0.309017003,  0.636363626
    122,  -0.95105654,  0.309017003,  0.636363626
    123, -0.587785244,  0.809017003,  0.636363626
    124,           0.,           1.,  0.636363626
    125, -0.00314752478,  0.372958571,           7.
    126, -0.516169727, -0.000389713648,           7.
    127, -0.00151131151, -0.374379456,           7.
    128,  0.512170792, -0.000236816355,           7.
    129,  -0.45033443, 0.0774607062,   6.07918501
    130,   0.26460281,  0.419870079,   1.67556119
    131,  0.333396673,  0.191401482,    1.0623306
    132,  0.502589583, -0.0973462239,   1.53658557
    133, -0.0706215873, 0.0162225235,   1.43333006
    134,  0.484852403, -0.0458248816,    2.1210506
    135, -0.0529043339, -0.501365364,   1.69696987
    136,   -0.2354137,  0.437851161,   1.29624736
    137,  0.135203063, -0.451211482,  0.901515007
    138,   0.08493568,  0.343540072,   2.17424226
    139,  -0.45958215, -0.0172760598,   1.59632158
    140, -0.0213979799, -0.418561578,   2.38182044
    141, -0.470871747, -0.180231139,   2.21724296
    142, -0.474266052, -0.152790397,  0.954545736
    143, -0.339031935,  0.371477425,   2.68667769
    144, -0.325140864,  0.395301729,   2.12333751
    145, -0.595515072, -0.334685206,   6.59691715
    146, -0.0207319818, -0.506828129,   6.09900665
    147,  0.146436363, -0.191128343,   6.55970097
    148, -0.446491838,  0.316695273,    3.0747788
    149, -0.362416387, -0.0405097492,   2.94252753
    150,  0.126341119,  0.492823094,  0.648234189
    151,  0.196109578, -0.0171581134,  0.420069754
    152, -0.414033949,  0.183593065,   0.39337793
    153, -0.144078761,   0.49409923,    6.4980197
    154,  0.334236473,  0.373778701,   2.96531558
    155,  0.325573176,  0.369036913,   6.14712858
    156,   0.36478284,  0.423307389,   6.56615686
    157,  0.397881478, -0.230273277,   2.92524981
    158, -0.432837546, -0.261352628,    5.4572978
    159,  0.178358182, -0.483168334,   3.42844272
    160,  0.420831382,  0.126047581,    3.4472158
    161, -0.451202631, -0.316506356,   4.79773092
    162, -0.289973289, -0.207262173,   3.57205558
    163, -0.250089616, -0.457341611,   2.90168619
    164,  0.243994087, -0.433518171,   4.24242449
    165,  0.495229036, 0.0625054464,   4.89731073
    166, -0.338057756,  0.269483835,   4.75458193
    167,   0.17350021,  0.400299817,   5.27030993
    168,  0.467464596,   0.21199511,   4.12723351
    169, -0.405103266,  0.284277707,   5.42385387
    170, -0.623181939, 0.00117458764,   4.18360567
    171, 0.0125555396, -0.356244147,   4.99261045
    172, -0.305355102, -0.396921068,   4.16287899
    173, 0.0849436596, -0.444410503,   5.48806047
    174,  0.461204559, -0.160495058,   6.16426802
    175, -0.349529624, -0.422812104,  0.324174821
    176,   0.37853381, -0.321179003,  0.359419972
    177, -0.135644704,  0.524449646,   3.75397873
    178, -0.222401902,  0.402823716,   4.16841078
*Element, type=C3D4
  1, 129,  42,  41,  32
  2, 130, 131, 106, 132
  3, 130,  96, 132, 106
  4, 133, 134, 135, 132
  5, 130, 136, 104, 114
  6, 130, 133, 136, 131
  7, 130, 136, 114, 105
  8,  15,  28, 127, 128
  9, 133, 137, 131, 132
 10, 136, 138, 139, 133
 11, 140,  98,  88,  89
 12, 141, 135, 139, 138
 13, 133, 131, 137, 142
 14, 133, 136, 142, 139
 15, 143, 144, 138, 141
 16, 143, 138, 144,  94
 17, 145, 146, 147,  29
 18,  92, 148, 149, 143
 19, 143,  84,  83, 148
 20, 131, 150, 115, 116
 21, 131, 150, 105, 115
 22, 145,  19, 126,  32
 23, 114, 105, 136, 150
 24, 102, 144, 139, 103
 25, 130, 133, 131, 132
 26, 150, 151,  21,  22
 27, 150,  21,   1,  11
 28, 150, 124,   1,   3
 29, 131, 136, 152, 142
 30, 153,  33,  34,  43
 31, 131, 150, 152, 136
 32, 124, 150, 114, 123
 33, 150,   3, 152, 123
 34, 130, 132,  96, 134
 35, 130, 138, 134,  95
 36, 132, 134,  97,  96
 37, 131, 132, 107, 106
 38, 133, 136, 131, 142
 39, 134, 130, 133, 138
 40, 134, 154, 138, 140
 41,  86,  95,  96, 134
 42, 131, 151, 150, 116
 43, 155, 153, 147, 156
 44, 134, 140,  88, 157
 45,  99, 140,  98, 135
 46, 158,  40,  41,  50
 47, 134,  88, 140,  98
 48, 159, 160,  77, 157
 49, 161,  61,  60,  51
 50, 157, 162, 163, 159
 51,  32, 126, 153,  20
 52,  80, 162,  79, 163
 53, 159, 162,  69, 164
 54, 159,  78, 163, 157
 55, 159, 162,  79,  69
 56, 165, 166, 167,  55
 57, 160, 168, 164,  67
 58, 159, 160, 157, 162
 59, 161, 166,  52, 169
 60, 161, 166, 170,  62
 61, 161, 158,  50, 171
 62,  50, 171,  59, 161
 63, 163,  89,  88,  79
 64, 161, 166, 171, 164
 65, 161, 166, 172, 170
 66, 161, 171,  59, 164
 67, 156, 128,  12, 125
 68, 173, 174, 167, 129
 69, 155, 174, 167,  36
 70, 155, 174,  26, 156
 71, 155,  26, 174,  36
 72,  45, 167, 165,  46
 73, 165, 167,  45,  55
 74,  37,  47,  38, 173
 75,  46, 167, 165,  37
 76, 165, 164,  57,  58
 77, 165,  57, 168,  56
 78, 136, 142, 122, 152
 79, 136, 122, 142, 112
 80, 156,  26,  25,  13
 81, 132, 130, 133, 134
 82, 130, 104, 138,  95
 83, 139, 144, 136, 103
 84, 138, 139, 144, 136
 85, 170,  71,  61,  62
 86, 112, 136, 103, 139
 87, 155, 129, 153,  44
 88, 129,  30, 146, 145
 89,  21,  23, 151,  24
 90, 129, 126, 145, 147
 91, 129, 173, 174, 146
 92, 174, 167, 129, 155
 93, 173, 167, 169, 129
 94, 129,  33, 153,  43
 95, 155, 129,  44, 167
 96,  32, 126, 145, 129
 97, 125, 153,   2, 156
 98, 153,   2,  34,  33
 99, 147, 153, 129, 126
100, 153, 125,   2,  20
101, 129, 126, 153,  32
102, 129, 169,  42,  43
103, 175,  23,   7,   6
104, 122, 152, 121,  24
105, 152, 121,  24, 175
106, 135, 100, 110, 109
107, 142, 175, 121, 152
108, 175,   5,   6, 121
109, 175,  24,   5, 121
110, 147, 126, 127, 125
111, 135, 139, 138, 133
112, 141, 140,  90, 100
113, 142, 135, 110, 137
114, 139, 141, 100, 135
115, 140,  98, 135, 134
116, 176, 117, 151, 137
117, 117, 151,  22, 176
118, 160, 154,  76, 157
119, 176, 118,   9, 117
120, 176,  23, 151,  22
121, 176, 118,   8,   9
122, 174, 146,  38,  28
123, 174, 167,  36,  37
124,  26, 174, 128, 156
125, 142, 111, 120, 110
126, 174, 146, 173,  38
127, 156, 125,  12,   2
128, 153, 147, 156, 125
129, 156,  13, 128,  26
130, 156,  12, 128,  13
131,  80, 163,  81, 162
132, 163,  81, 162, 149
133, 149, 163,  81,  91
134, 149,  92,  91,  82
135, 160, 149, 157, 162
136, 148, 160, 149, 154
137, 160, 177, 148, 162
138, 131, 151, 117, 137
139, 134, 154, 140, 157
140, 136, 123, 122, 113
141, 160,  66, 168,  67
142, 143, 154, 138,  94
143, 154,  76, 157,  86
144, 160, 177,  75, 154
145, 160,  76, 154,  75
146, 150, 115, 116,  11
147, 176, 137, 119, 118
148, 105, 136, 150, 131
149, 176, 151,  23, 137
150, 151,  24, 152,  21
151, 150, 151,  22, 116
152, 176, 137, 118, 117
153, 131, 137, 117, 107
154, 145,  16, 127,  17
155, 145, 127,  16,  29
156, 129, 146, 147, 145
157, 165,  58,  57,  48
158, 153,  32,  33, 129
159,  18,  19, 126, 145
160, 145, 126,  18,  17
161, 161, 166, 164, 172
162,  44, 169,  53, 167
163, 161,  60,  50,  51
164, 171, 164,  58,  59
165, 129, 145,  31,  30
166, 129, 158,  41, 169
167, 147,  29, 127, 145
168,  28, 128,  15,  27
169,  28,  29, 127, 147
170, 142, 175, 152, 137
171, 129, 146, 174, 147
172, 173, 171,  49,  50
173, 128, 174,  28, 147
174, 175, 120,   7, 119
175, 143, 154, 140, 138
176, 156, 147, 128, 125
177, 129, 169,  43,  44
178, 174, 167,  37, 173
179, 155, 153, 129, 147
180, 146, 145,  30,  29
181,  29, 146, 147,  28
182, 138, 134, 135, 133
183, 175, 137, 151, 152
184, 142, 152, 121, 122
185,  22, 116,  11, 150
186, 142, 120, 175, 137
187, 136, 152, 122, 123
188, 150, 152, 136, 123
189, 150,  21, 152,   3
190, 152,   4, 123,   3
191, 149, 163, 140, 157
192, 141,  91, 149,  92
193, 162,  79, 163, 159
194, 149, 157, 162, 163
195, 149,  91,  81,  82
196, 144, 104, 138, 136
197, 132,  98, 134, 135
198, 175,  23, 151, 137
199, 147, 127, 128, 125
200, 175, 119, 137, 120
201, 155,  25,  26,  35
202, 142, 175, 120, 121
203, 133, 139, 142, 135
204, 138, 141, 135, 140
205, 152, 137, 131, 142
206, 142, 137, 110, 120
207, 104, 138, 136, 130
208, 135, 137, 109, 110
209, 165, 164, 168,  57
210, 162,  81,  71,  72
211, 162, 160, 149, 148
212, 162,  71, 170,  72
213, 154, 157, 149, 140
214, 163,  88, 140, 157
215, 131, 117, 151, 116
216, 134, 138, 154,  86
217, 132,  97, 134,  98
218, 141, 149,  91, 163
219, 143, 141, 140, 149
220, 134,  95,  96, 130
221, 132, 135, 137, 108
222, 148,  84,  83, 177
223, 134,  87, 157,  88
224, 159,  68, 164,  69
225, 165,  56,  46,  47
226, 178, 166, 172, 164
227, 165, 168,  55,  56
228,  68,  67, 159, 164
229, 178, 168,  55, 166
230, 168,  56,  65,  55
231, 168,  57,  67,  66
232, 143, 141, 138, 140
233, 160,  67,  76,  66
234, 165, 173, 171,  48
235, 151, 152, 137, 131
236, 134, 138, 135, 140
237, 135,  99, 109, 108
238, 136, 113, 103, 104
239, 157,  86,  76,  77
240, 135,  98,  99, 108
241, 140,  89,  99,  98
242, 173,  47,  38,  48
243, 162, 172, 170,  71
244, 178, 166,  64,  63
245, 178, 166, 170, 172
246, 170, 172,  61,  71
247, 161,  62, 170,  61
248, 178, 162, 170,  72
249, 162, 172,  70,  69
250, 173, 158,  50,  40
251, 165, 171, 167, 166
252, 145,  17,  29,  16
253, 172,  69,  59,  60
254, 162,  79,  69,  70
255, 102, 143,  92, 141
256, 137, 108, 118, 117
257, 141,  91,  92, 101
258, 176, 118, 119,   8
259, 154,  75,  94,  84
260, 157,  77,  87,  86
261, 133, 142, 137, 135
262, 160, 177, 168,  65
263, 149, 162,  82,  81
264,  82,  92, 148, 149
265, 160, 154, 157, 149
266, 134,  86, 157,  87
267, 162, 168, 178, 164
268, 163,  80,  81,  90
269, 148,  82,  83,  92
270, 169, 173, 158, 171
271, 173, 158, 171,  50
272, 145, 127, 126,  17
273, 143,  84, 154,  94
274, 143,  83,  84,  93
275, 143,  94,  93,  84
276, 139, 141, 101, 100
277, 141, 144, 102, 143
278, 166,  62,  53,  63
279,  84, 154, 148, 143
280, 143, 154, 149, 140
281, 138,  94, 104, 144
282, 140,  90, 100,  99
283, 139, 144, 141, 138
284, 141,  92, 102, 101
285, 164,  59,  69,  68
286, 138,  94,  85, 104
287, 103, 144, 136, 104
288, 141, 135, 140, 100
289, 103, 144, 104,  94
290,  93, 143,  92, 102
291, 166,  53,  62,  52
292, 161,  50,  60,  59
293, 143, 141, 149,  92
294,  83,  92, 143, 148
295, 135,  99, 140, 100
296, 177,  84,  74,  65
297, 148, 149, 162,  82
298, 161,  61, 172,  60
299, 178, 170,  62,  72
300, 178, 170, 166,  62
301, 177, 168,  55, 178
302, 178, 162, 164, 172
303, 165,  46,  55,  45
304, 177, 168, 178, 162
305, 168,  57, 164,  67
306, 103, 144,  94,  93
307,   4,  24, 122,   5
308, 143,  94, 144,  93
309, 168, 160, 162, 177
310, 165, 168, 164, 166
311, 102, 139, 144, 141
312, 142, 121, 111, 112
313, 164,  68,  58,  59
314, 160,  66,  75,  65
315, 160,  65, 168,  66
316, 162, 148,  82, 177
317, 177,  73,  72,  63
318, 170,  71,  62,  72
319,  37,  36,  46, 167
320, 161, 169, 171, 166
321, 177,  84,  83,  74
322, 177, 178,  64,  63
323, 174, 128, 156, 147
324, 167,  35,  36,  45
325, 177, 178,  55,  64
326, 173,  40,  49,  39
327, 165, 166, 164, 171
328,  82, 177,  72, 162
329, 177,  83,  73,  74
330, 161, 164,  59, 172
331, 145, 147, 126, 127
332, 141, 149, 163, 140
333, 177,  65,  75,  84
334, 177, 154,  84,  75
335,   8,  23, 119, 176
336, 175,   6,   5,  24
337, 155, 156,  25,  34
338, 166, 169,  53,  52
339, 173, 171,  48,  49
340, 165, 171, 164,  58
341, 131, 107, 132, 137
342, 130, 136, 133, 138
343, 173,  38,  39,  48
344,   4,  24, 152, 122
345, 139, 142, 135, 110
346, 175, 119,   7,  23
347, 137, 108, 117, 107
348, 176, 117,   9,  22
349, 175,  23, 137, 119
350, 151,  21,  22,  23
351, 150, 114, 123, 136
352,  10,  22, 116,  11
353, 150,  11,  22,  21
354, 169,  52,  51,  42
355, 117, 116,  10,  22
356, 133, 132, 135, 137
357, 150, 115,   1, 124
358, 150, 115, 124, 105
359, 155, 174, 156, 147
360, 158, 169,  51,  41
361, 122,   4, 123, 152
362, 116, 117, 151,  22
363, 150, 151, 152,  21
364,   3,  24, 152,   4
365, 166,  63,  54,  64
366, 176, 137,  23, 119
367, 137, 110, 119, 109
368, 139, 110, 101, 111
369, 131, 116, 107, 117
370, 146,  39, 173,  38
371, 137, 119, 110, 120
372, 131, 116, 115, 106
373, 154,  85,  94,  75
374, 130, 106, 105,  96
375, 132, 108, 107,  98
376, 161,  61, 170, 172
377, 167,  53, 166, 169
378, 150,   3,   1,  21
379, 131, 106, 107, 116
380, 113, 112, 136, 103
381, 152,   3,  21,  24
382,  65, 177, 168,  55
383, 144,  93, 103, 102
384,  24,  23, 151, 175
385, 132, 107,  97,  98
386, 139, 103, 112, 102
387, 142, 121, 120, 111
388, 163,  89, 140,  88
389, 130, 131, 136, 105
390, 142, 121, 112, 122
391, 163,  90, 140,  89
392, 155,  35, 167,  44
393, 141, 163,  90, 140
394, 175, 120,   6,   7
395, 139, 142, 110, 111
396, 175,   6, 120, 121
397,  95, 138, 134,  86
398, 143, 148, 149, 154
399,  19, 126,  32,  20
400, 130, 106, 131, 105
401, 131, 115, 105, 106
402, 138, 104,  85,  95
403, 139, 135, 100, 110
404,  93,  83,  92, 143
405, 150, 115,  11,   1
406, 177,  65,  74,  55
407, 178,  72, 177, 162
408, 161, 169,  52,  51
409, 132,  98, 135, 108
410, 139, 141, 102, 101
411, 141, 100,  90,  91
412, 173, 129,  40, 146
413, 132,  97, 107, 106
414, 160, 177,  65,  75
415, 140,  90,  99,  89
416, 143, 144, 102,  93
417, 134,  96,  86,  87
418, 138,  95,  85,  86
419, 136, 114, 123, 113
420, 154,  86,  85,  76
421, 139, 111, 101, 102
422, 163,  81,  91,  90
423, 163, 157,  78,  88
424, 150, 124, 114, 105
425, 162,  69, 164, 172
426, 163,  80,  90,  89
427, 178, 166,  55,  64
428,  67, 159, 164, 160
429, 160, 157,  76,  77
430,  43,  44, 169,  53
431, 164, 160, 162, 168
432, 162,  70,  80,  79
433, 154, 138,  94,  85
434, 159,  68,  69,  78
435, 130,  95, 105, 114
436, 159, 160, 162, 164
437, 176,  22,   9,   8
438, 132, 106,  96,  97
439, 154, 138,  85,  86
440, 154, 177, 148, 160
441, 177, 178,  63,  72
442, 178, 170, 162, 172
443, 136, 113, 104, 114
444,  73, 177,  72,  82
445, 163,  88,  78,  79
446, 162,  80,  71,  81
447, 162,  70, 172,  71
448, 129, 173, 158, 169
449, 172,  69,  60,  70
450, 173,  48,  39,  49
451, 177, 154, 148,  84
452, 172,  60,  61,  70
453, 159,  69,  79,  78
454, 160,  67,  77,  76
455, 177,  64,  73,  63
456, 159, 157,  77,  78
457, 168,  66,  65,  56
458, 141,  90, 163,  91
459, 177,  64,  74,  73
460, 157,  88,  87,  78
461, 159,  68,  78,  77
462, 129, 167, 169,  44
463, 177,  55,  74,  64
464, 172,  61,  71,  70
465, 162,  70,  71,  80
466,  83, 177,  82, 148
467, 167,  54, 166,  53
468, 134,  87,  97,  96
469, 168,  57,  66,  56
470, 161,  61,  52,  62
471, 165,  47,  57,  56
472, 165,  57,  47,  48
473, 167,  55,  64,  45
474, 165,  46,  56,  55
475, 167, 166,  54,  64
476, 164, 172,  69,  59
477, 171,  59,  58,  49
478, 157,  78,  87,  77
479, 178, 168, 166, 164
480, 178,  72,  62,  63
481,  73,  83, 177,  82
482, 129, 169,  41,  42
483, 166,  63,  53,  54
484, 161, 172,  59,  60
485, 161, 158, 169,  51
486, 129, 153,  44,  43
487, 161,  61,  51,  52
488, 173, 167,  37, 165
489, 155,  44, 153,  34
490, 178, 166,  63,  62
491, 165, 171,  58,  48
492, 167, 166, 171, 169
493, 174, 146,  28, 147
494, 158,  41,  51,  50
495,  49,  50, 171,  59
496,  47, 165, 173,  37
497, 171,  48,  49,  58
498, 167,  36,  46,  45
499,  37, 173,  38, 174
500, 165,  37,  47,  46
501, 167,  45,  54,  35
502, 158, 173, 129,  40
503, 171, 167, 169, 173
504, 132, 108, 137, 107
505, 167,  35,  54,  44
506, 160,  76,  75,  66
507, 129,  40, 146,  30
508, 173,  50,  49,  40
509, 155,  34, 153, 156
510, 129,  31,  41,  40
511,  27,  26, 174, 128
512, 165,  55, 168, 166
513, 135, 137, 108, 109
514, 146,  39,  30,  40
515, 167,  64,  54,  45
516,  48, 165, 173,  47
517,  27, 174,  28, 128
518, 158, 161, 169, 171
519, 167, 166,  64,  55
520, 129,  43,  42,  33
521,  20,  32,  33, 153
522, 161,  50, 158,  51
523, 153,  20,   2,  33
524, 129,  32,  41,  31
525, 155, 147, 129, 174
526, 169,  51,  41,  42
527, 146, 173,  39,  40
528, 165, 167, 171, 173
529, 128,  14,  15,  27
530, 129,  42,  32,  33
531,  32,  31, 145,  19
532, 145,  18,  31,  30
533, 153,  44,  43,  34
534, 174,  26,  27,  36
535, 155,  36, 167,  35
536, 146,  39,  38,  29
537, 145,  30,  29,  17
538, 145,  17,  18,  30
539, 164,  58,  67,  57
540, 153, 125,  20, 126
541, 146,  29,  30,  39
542, 127,  16,  29,  28
543, 134, 154, 157,  86
544, 129, 158,  40,  41
545, 146,  29,  38,  28
546,  19,  31, 145,  18
547, 155,  36,  35,  26
548, 155,  35,  44,  25
549, 174,  37,  27,  28
550, 153, 126, 147, 125
551, 128,  27,  26,  14
552, 174,  37,  36,  27
553,  28, 127, 128, 147
554, 156,  34,   2,  12
555, 174,  37,  28,  38
556, 153,   2, 156,  34
557, 141, 101, 100,  91
558, 156,  13,  25,  12
559, 155,  34,  25,  44
560, 127,  28,  15,  16
561, 164,  68,  67,  58
562, 129,  30,  31,  40
563, 169,  53,  52,  43
564, 156,  12,  25,  34
565, 128,  13,  14,  26
566, 139, 110, 100, 101
567,  31,  32, 145, 129
568, 167,  54,  53,  44
569, 169,  43,  52,  42
570, 161, 166,  62,  52
571, 154,  75,  76,  85
572, 136, 112, 113, 122
573, 159,  77,  67,  68
574, 135, 100, 109,  99
575, 134,  97,  87,  88
576, 163,  89,  79,  80
577, 137, 118, 108, 109
578,   7,   8,  23, 119
579, 130,  95, 114, 104
580, 175,  24, 152, 151
581, 134,  98,  97,  88
582, 121, 122,  24,   5
583, 162,  72,  82,  81
584, 136, 142, 139, 112
585, 176,  22,   8,  23
586, 139, 112, 111, 102
587, 150, 123, 124,   3
588, 139, 142, 111, 112
589, 159, 160,  67,  77
590,  22, 117,   9,  10
591, 175,  24,  23,   6
592, 137, 109, 119, 118
593, 130, 105,  95,  96
594, 131, 150, 151, 152
595, 159,  79, 163,  78
596, 155, 156,  26,  25
*Nset, nset=Set-1, generate
   1,  178,    1
*Elset, elset=Set-1, generate
   1,  596,    1
*Elset, elset=Set-2039
1
** Section: Section-2039
*Solid Section, elset=Set-2039, material=MAT_2039
,
*Elset, elset=Set-2040
2
** Section: Section-2040
*Solid Section, elset=Set-2040, material=MAT_2040
,
*Elset, elset=Set-2041
3
** Section: Section-2041
*Solid Section, elset=Set-2041, material=MAT_2041
,
*Elset, elset=Set-2042
4
** Section: Section-2042
*Solid Section, elset=Set-2042, material=MAT_2042
,
*Elset, elset=Set-2043
5
** Section: Section-2043
*Solid Section, elset=Set-2043, material=MAT_2043
,
*Elset, elset=Set-2044
6
** Section: Section-2044
*Solid Section, elset=Set-2044, material=MAT_2044
,
*Elset, elset=Set-2045
7
** Section: Section-2045
*Solid Section, elset=Set-2045, material=MAT_2045
,
*Elset, elset=Set-2046
8
** Section: Section-2046
*Solid Section, elset=Set-2046, material=MAT_2046
,
*Elset, elset=Set-2047
9
** Section: Section-2047
*Solid Section, elset=Set-2047, material=MAT_2047
,
*Elset, elset=Set-2048
10
** Section: Section-2048
*Solid Section, elset=Set-2048, material=MAT_2048
,
*Elset, elset=Set-2049
11
** Section: Section-2049
*Solid Section, elset=Set-2049, material=MAT_2049
,
*Elset, elset=Set-2050
12
** Section: Section-2050
*Solid Section, elset=Set-2050, material=MAT_2050
,
*Elset, elset=Set-2051
13
** Section: Section-2051
*Solid Section, elset=Set-2051, material=MAT_2051
,
*Elset, elset=Set-2052
14
** Section: Section-2052
*Solid Section, elset=Set-2052, material=MAT_2052
,
*Elset, elset=Set-2053
15
** Section: Section-2053
*Solid Section, elset=Set-2053, material=MAT_2053
,
*Elset, elset=Set-2054
16
** Section: Section-2054
*Solid Section, elset=Set-2054, material=MAT_2054
,
*Elset, elset=Set-2055
17
** Section: Section-2055
*Solid Section, elset=Set-2055, material=MAT_2055
,
*Elset, elset=Set-2056
18
** Section: Section-2056
*Solid Section, elset=Set-2056, material=MAT_2056
,
*Elset, elset=Set-2057
19
** Section: Section-2057
*Solid Section, elset=Set-2057, material=MAT_2057
,
*Elset, elset=Set-2058
20
** Section: Section-2058
*Solid Section, elset=Set-2058, material=MAT_2058
,
*Elset, elset=Set-2059
21
** Section: Section-2059
*Solid Section, elset=Set-2059, material=MAT_2059
,
*Elset, elset=Set-2060
22
** Section: Section-2060
*Solid Section, elset=Set-2060, material=MAT_2060
,
*Elset, elset=Set-2061
23
** Section: Section-2061
*Solid Section, elset=Set-2061, material=MAT_2061
,
*Elset, elset=Set-2062
24
** Section: Section-2062
*Solid Section, elset=Set-2062, material=MAT_2062
,
*Elset, elset=Set-2063
25
** Section: Section-2063
*Solid Section, elset=Set-2063, material=MAT_2063
,
*Elset, elset=Set-2064
26
** Section: Section-2064
*Solid Section, elset=Set-2064, material=MAT_2064
,
*Elset, elset=Set-2065
27
** Section: Section-2065
*Solid Section, elset=Set-2065, material=MAT_2065
,
*Elset, elset=Set-2066
28
** Section: Section-2066
*Solid Section, elset=Set-2066, material=MAT_2066
,
*Elset, elset=Set-2067
29
** Section: Section-2067
*Solid Section, elset=Set-2067, material=MAT_2067
,
*Elset, elset=Set-2068
30
** Section: Section-2068
*Solid Section, elset=Set-2068, material=MAT_2068
,
*Elset, elset=Set-2069
31
** Section: Section-2069
*Solid Section, elset=Set-2069, material=MAT_2069
,
*Elset, elset=Set-2070
32
** Section: Section-2070
*Solid Section, elset=Set-2070, material=MAT_2070
,
*Elset, elset=Set-2071
33
** Section: Section-2071
*Solid Section, elset=Set-2071, material=MAT_2071
,
*Elset, elset=Set-2072
34
** Section: Section-2072
*Solid Section, elset=Set-2072, material=MAT_2072
,
*Elset, elset=Set-2073
35
** Section: Section-2073
*Solid Section, elset=Set-2073, material=MAT_2073
,
*Elset, elset=Set-2074
36
** Section: Section-2074
*Solid Section, elset=Set-2074, material=MAT_2074
,
*Elset, elset=Set-2075
37
** Section: Section-2075
*Solid Section, elset=Set-2075, material=MAT_2075
,
*Elset, elset=Set-2076
38
** Section: Section-2076
*Solid Section, elset=Set-2076, material=MAT_2076
,
*Elset, elset=Set-2077
39
** Section: Section-2077
*Solid Section, elset=Set-2077, material=MAT_2077
,
*Elset, elset=Set-2078
40
** Section: Section-2078
*Solid Section, elset=Set-2078, material=MAT_2078
,
*Elset, elset=Set-2079
41
** Section: Section-2079
*Solid Section, elset=Set-2079, material=MAT_2079
,
*Elset, elset=Set-2080
42
** Section: Section-2080
*Solid Section, elset=Set-2080, material=MAT_2080
,
*Elset, elset=Set-2081
43
** Section: Section-2081
*Solid Section, elset=Set-2081, material=MAT_2081
,
*Elset, elset=Set-2082
44
** Section: Section-2082
*Solid Section, elset=Set-2082, material=MAT_2082
,
*Elset, elset=Set-2083
45
** Section: Section-2083
*Solid Section, elset=Set-2083, material=MAT_2083
,
*Elset, elset=Set-2084
46
** Section: Section-2084
*Solid Section, elset=Set-2084, material=MAT_2084
,
*Elset, elset=Set-2085
47
** Section: Section-2085
*Solid Section, elset=Set-2085, material=MAT_2085
,
*Elset, elset=Set-2086
48
** Section: Section-2086
*Solid Section, elset=Set-2086, material=MAT_2086
,
*Elset, elset=Set-2087
49
** Section: Section-2087
*Solid Section, elset=Set-2087, material=MAT_2087
,
*Elset, elset=Set-2088
50
** Section: Section-2088
*Solid Section, elset=Set-2088, material=MAT_2088
,
*Elset, elset=Set-2089
51
** Section: Section-2089
*Solid Section, elset=Set-2089, material=MAT_2089
,
*Elset, elset=Set-2090
52
** Section: Section-2090
*Solid Section, elset=Set-2090, material=MAT_2090
,
*Elset, elset=Set-2091
53
** Section: Section-2091
*Solid Section, elset=Set-2091, material=MAT_2091
,
*Elset, elset=Set-2092
54
** Section: Section-2092
*Solid Section, elset=Set-2092, material=MAT_2092
,
*Elset, elset=Set-2093
55
** Section: Section-2093
*Solid Section, elset=Set-2093, material=MAT_2093
,
*Elset, elset=Set-2094
56
** Section: Section-2094
*Solid Section, elset=Set-2094, material=MAT_2094
,
*Elset, elset=Set-2095
57
** Section: Section-2095
*Solid Section, elset=Set-2095, material=MAT_2095
,
*Elset, elset=Set-2096
58
** Section: Section-2096
*Solid Section, elset=Set-2096, material=MAT_2096
,
*Elset, elset=Set-2097
59
** Section: Section-2097
*Solid Section, elset=Set-2097, material=MAT_2097
,
*Elset, elset=Set-2098
60
** Section: Section-2098
*Solid Section, elset=Set-2098, material=MAT_2098
,
*Elset, elset=Set-2099
61
** Section: Section-2099
*Solid Section, elset=Set-2099, material=MAT_2099
,
*Elset, elset=Set-2100
62
** Section: Section-2100
*Solid Section, elset=Set-2100, material=MAT_2100
,
*Elset, elset=Set-2101
63
** Section: Section-2101
*Solid Section, elset=Set-2101, material=MAT_2101
,
*Elset, elset=Set-2102
64
** Section: Section-2102
*Solid Section, elset=Set-2102, material=MAT_2102
,
*Elset, elset=Set-2103
65
** Section: Section-2103
*Solid Section, elset=Set-2103, material=MAT_2103
,
*Elset, elset=Set-2104
66
** Section: Section-2104
*Solid Section, elset=Set-2104, material=MAT_2104
,
*Elset, elset=Set-2105
67
** Section: Section-2105
*Solid Section, elset=Set-2105, material=MAT_2105
,
*Elset, elset=Set-2106
68
** Section: Section-2106
*Solid Section, elset=Set-2106, material=MAT_2106
,
*Elset, elset=Set-2107
69
** Section: Section-2107
*Solid Section, elset=Set-2107, material=MAT_2107
,
*Elset, elset=Set-2108
70
** Section: Section-2108
*Solid Section, elset=Set-2108, material=MAT_2108
,
*Elset, elset=Set-2109
71
** Section: Section-2109
*Solid Section, elset=Set-2109, material=MAT_2109
,
*Elset, elset=Set-2110
72
** Section: Section-2110
*Solid Section, elset=Set-2110, material=MAT_2110
,
*Elset, elset=Set-2111
73
** Section: Section-2111
*Solid Section, elset=Set-2111, material=MAT_2111
,
*Elset, elset=Set-2112
74
** Section: Section-2112
*Solid Section, elset=Set-2112, material=MAT_2112
,
*Elset, elset=Set-2113
75
** Section: Section-2113
*Solid Section, elset=Set-2113, material=MAT_2113
,
*Elset, elset=Set-2114
76
** Section: Section-2114
*Solid Section, elset=Set-2114, material=MAT_2114
,
*Elset, elset=Set-2115
77
** Section: Section-2115
*Solid Section, elset=Set-2115, material=MAT_2115
,
*Elset, elset=Set-2116
78
** Section: Section-2116
*Solid Section, elset=Set-2116, material=MAT_2116
,
*Elset, elset=Set-2117
79
** Section: Section-2117
*Solid Section, elset=Set-2117, material=MAT_2117
,
*Elset, elset=Set-2118
80
** Section: Section-2118
*Solid Section, elset=Set-2118, material=MAT_2118
,
*Elset, elset=Set-2119
81
** Section: Section-2119
*Solid Section, elset=Set-2119, material=MAT_2119
,
*Elset, elset=Set-2120
82
** Section: Section-2120
*Solid Section, elset=Set-2120, material=MAT_2120
,
*Elset, elset=Set-2121
83
** Section: Section-2121
*Solid Section, elset=Set-2121, material=MAT_2121
,
*Elset, elset=Set-2122
84
** Section: Section-2122
*Solid Section, elset=Set-2122, material=MAT_2122
,
*Elset, elset=Set-2123
85
** Section: Section-2123
*Solid Section, elset=Set-2123, material=MAT_2123
,
*Elset, elset=Set-2124
86
** Section: Section-2124
*Solid Section, elset=Set-2124, material=MAT_2124
,
*Elset, elset=Set-2125
87
** Section: Section-2125
*Solid Section, elset=Set-2125, material=MAT_2125
,
*Elset, elset=Set-2126
88
** Section: Section-2126
*Solid Section, elset=Set-2126, material=MAT_2126
,
*Elset, elset=Set-2127
89
** Section: Section-2127
*Solid Section, elset=Set-2127, material=MAT_2127
,
*Elset, elset=Set-2128
90
** Section: Section-2128
*Solid Section, elset=Set-2128, material=MAT_2128
,
*Elset, elset=Set-2129
91
** Section: Section-2129
*Solid Section, elset=Set-2129, material=MAT_2129
,
*Elset, elset=Set-2130
92
** Section: Section-2130
*Solid Section, elset=Set-2130, material=MAT_2130
,
*Elset, elset=Set-2131
93
** Section: Section-2131
*Solid Section, elset=Set-2131, material=MAT_2131
,
*Elset, elset=Set-2132
94
** Section: Section-2132
*Solid Section, elset=Set-2132, material=MAT_2132
,
*Elset, elset=Set-2133
95
** Section: Section-2133
*Solid Section, elset=Set-2133, material=MAT_2133
,
*Elset, elset=Set-2134
96
** Section: Section-2134
*Solid Section, elset=Set-2134, material=MAT_2134
,
*Elset, elset=Set-2135
97
** Section: Section-2135
*Solid Section, elset=Set-2135, material=MAT_2135
,
*Elset, elset=Set-2136
98
** Section: Section-2136
*Solid Section, elset=Set-2136, material=MAT_2136
,
*Elset, elset=Set-2137
99
** Section: Section-2137
*Solid Section, elset=Set-2137, material=MAT_2137
,
*Elset, elset=Set-2138
100
** Section: Section-2138
*Solid Section, elset=Set-2138, material=MAT_2138
,
*Elset, elset=Set-2139
101
** Section: Section-2139
*Solid Section, elset=Set-2139, material=MAT_2139
,
*Elset, elset=Set-2140
102
** Section: Section-2140
*Solid Section, elset=Set-2140, material=MAT_2140
,
*Elset, elset=Set-2141
103
** Section: Section-2141
*Solid Section, elset=Set-2141, material=MAT_2141
,
*Elset, elset=Set-2142
104
** Section: Section-2142
*Solid Section, elset=Set-2142, material=MAT_2142
,
*Elset, elset=Set-2143
105
** Section: Section-2143
*Solid Section, elset=Set-2143, material=MAT_2143
,
*Elset, elset=Set-2144
106
** Section: Section-2144
*Solid Section, elset=Set-2144, material=MAT_2144
,
*Elset, elset=Set-2145
107
** Section: Section-2145
*Solid Section, elset=Set-2145, material=MAT_2145
,
*Elset, elset=Set-2146
108
** Section: Section-2146
*Solid Section, elset=Set-2146, material=MAT_2146
,
*Elset, elset=Set-2147
109
** Section: Section-2147
*Solid Section, elset=Set-2147, material=MAT_2147
,
*Elset, elset=Set-2148
110
** Section: Section-2148
*Solid Section, elset=Set-2148, material=MAT_2148
,
*Elset, elset=Set-2149
111
** Section: Section-2149
*Solid Section, elset=Set-2149, material=MAT_2149
,
*Elset, elset=Set-2150
112
** Section: Section-2150
*Solid Section, elset=Set-2150, material=MAT_2150
,
*Elset, elset=Set-2151
113
** Section: Section-2151
*Solid Section, elset=Set-2151, material=MAT_2151
,
*Elset, elset=Set-2152
114
** Section: Section-2152
*Solid Section, elset=Set-2152, material=MAT_2152
,
*Elset, elset=Set-2153
115
** Section: Section-2153
*Solid Section, elset=Set-2153, material=MAT_2153
,
*Elset, elset=Set-2154
116
** Section: Section-2154
*Solid Section, elset=Set-2154, material=MAT_2154
,
*Elset, elset=Set-2155
117
** Section: Section-2155
*Solid Section, elset=Set-2155, material=MAT_2155
,
*Elset, elset=Set-2156
118
** Section: Section-2156
*Solid Section, elset=Set-2156, material=MAT_2156
,
*Elset, elset=Set-2157
119
** Section: Section-2157
*Solid Section, elset=Set-2157, material=MAT_2157
,
*Elset, elset=Set-2158
120
** Section: Section-2158
*Solid Section, elset=Set-2158, material=MAT_2158
,
*Elset, elset=Set-2159
121
** Section: Section-2159
*Solid Section, elset=Set-2159, material=MAT_2159
,
*Elset, elset=Set-2160
122
** Section: Section-2160
*Solid Section, elset=Set-2160, material=MAT_2160
,
*Elset, elset=Set-2161
123
** Section: Section-2161
*Solid Section, elset=Set-2161, material=MAT_2161
,
*Elset, elset=Set-2162
124
** Section: Section-2162
*Solid Section, elset=Set-2162, material=MAT_2162
,
*Elset, elset=Set-2163
125
** Section: Section-2163
*Solid Section, elset=Set-2163, material=MAT_2163
,
*Elset, elset=Set-2164
126
** Section: Section-2164
*Solid Section, elset=Set-2164, material=MAT_2164
,
*Elset, elset=Set-2165
127
** Section: Section-2165
*Solid Section, elset=Set-2165, material=MAT_2165
,
*Elset, elset=Set-2166
128
** Section: Section-2166
*Solid Section, elset=Set-2166, material=MAT_2166
,
*Elset, elset=Set-2167
129
** Section: Section-2167
*Solid Section, elset=Set-2167, material=MAT_2167
,
*Elset, elset=Set-2168
130
** Section: Section-2168
*Solid Section, elset=Set-2168, material=MAT_2168
,
*Elset, elset=Set-2169
131
** Section: Section-2169
*Solid Section, elset=Set-2169, material=MAT_2169
,
*Elset, elset=Set-2170
132
** Section: Section-2170
*Solid Section, elset=Set-2170, material=MAT_2170
,
*Elset, elset=Set-2171
133
** Section: Section-2171
*Solid Section, elset=Set-2171, material=MAT_2171
,
*Elset, elset=Set-2172
134
** Section: Section-2172
*Solid Section, elset=Set-2172, material=MAT_2172
,
*Elset, elset=Set-2173
135
** Section: Section-2173
*Solid Section, elset=Set-2173, material=MAT_2173
,
*Elset, elset=Set-2174
136
** Section: Section-2174
*Solid Section, elset=Set-2174, material=MAT_2174
,
*Elset, elset=Set-2175
137
** Section: Section-2175
*Solid Section, elset=Set-2175, material=MAT_2175
,
*Elset, elset=Set-2176
138
** Section: Section-2176
*Solid Section, elset=Set-2176, material=MAT_2176
,
*Elset, elset=Set-2177
139
** Section: Section-2177
*Solid Section, elset=Set-2177, material=MAT_2177
,
*Elset, elset=Set-2178
140
** Section: Section-2178
*Solid Section, elset=Set-2178, material=MAT_2178
,
*Elset, elset=Set-2179
141
** Section: Section-2179
*Solid Section, elset=Set-2179, material=MAT_2179
,
*Elset, elset=Set-2180
142
** Section: Section-2180
*Solid Section, elset=Set-2180, material=MAT_2180
,
*Elset, elset=Set-2181
143
** Section: Section-2181
*Solid Section, elset=Set-2181, material=MAT_2181
,
*Elset, elset=Set-2182
144
** Section: Section-2182
*Solid Section, elset=Set-2182, material=MAT_2182
,
*Elset, elset=Set-2183
145
** Section: Section-2183
*Solid Section, elset=Set-2183, material=MAT_2183
,
*Elset, elset=Set-2184
146
** Section: Section-2184
*Solid Section, elset=Set-2184, material=MAT_2184
,
*Elset, elset=Set-2185
147
** Section: Section-2185
*Solid Section, elset=Set-2185, material=MAT_2185
,
*Elset, elset=Set-2186
148
** Section: Section-2186
*Solid Section, elset=Set-2186, material=MAT_2186
,
*Elset, elset=Set-2187
149
** Section: Section-2187
*Solid Section, elset=Set-2187, material=MAT_2187
,
*Elset, elset=Set-2188
150
** Section: Section-2188
*Solid Section, elset=Set-2188, material=MAT_2188
,
*Elset, elset=Set-2189
151
** Section: Section-2189
*Solid Section, elset=Set-2189, material=MAT_2189
,
*Elset, elset=Set-2190
152
** Section: Section-2190
*Solid Section, elset=Set-2190, material=MAT_2190
,
*Elset, elset=Set-2191
153
** Section: Section-2191
*Solid Section, elset=Set-2191, material=MAT_2191
,
*Elset, elset=Set-2192
154
** Section: Section-2192
*Solid Section, elset=Set-2192, material=MAT_2192
,
*Elset, elset=Set-2193
155
** Section: Section-2193
*Solid Section, elset=Set-2193, material=MAT_2193
,
*Elset, elset=Set-2194
156
** Section: Section-2194
*Solid Section, elset=Set-2194, material=MAT_2194
,
*Elset, elset=Set-2195
157
** Section: Section-2195
*Solid Section, elset=Set-2195, material=MAT_2195
,
*Elset, elset=Set-2196
158
** Section: Section-2196
*Solid Section, elset=Set-2196, material=MAT_2196
,
*Elset, elset=Set-2197
159
** Section: Section-2197
*Solid Section, elset=Set-2197, material=MAT_2197
,
*Elset, elset=Set-2198
160
** Section: Section-2198
*Solid Section, elset=Set-2198, material=MAT_2198
,
*Elset, elset=Set-2199
161
** Section: Section-2199
*Solid Section, elset=Set-2199, material=MAT_2199
,
*Elset, elset=Set-2200
162
** Section: Section-2200
*Solid Section, elset=Set-2200, material=MAT_2200
,
*Elset, elset=Set-2201
163
** Section: Section-2201
*Solid Section, elset=Set-2201, material=MAT_2201
,
*Elset, elset=Set-2202
164
** Section: Section-2202
*Solid Section, elset=Set-2202, material=MAT_2202
,
*Elset, elset=Set-2203
165
** Section: Section-2203
*Solid Section, elset=Set-2203, material=MAT_2203
,
*Elset, elset=Set-2204
166
** Section: Section-2204
*Solid Section, elset=Set-2204, material=MAT_2204
,
*Elset, elset=Set-2205
167
** Section: Section-2205
*Solid Section, elset=Set-2205, material=MAT_2205
,
*Elset, elset=Set-2206
168
** Section: Section-2206
*Solid Section, elset=Set-2206, material=MAT_2206
,
*Elset, elset=Set-2207
169
** Section: Section-2207
*Solid Section, elset=Set-2207, material=MAT_2207
,
*Elset, elset=Set-2208
170
** Section: Section-2208
*Solid Section, elset=Set-2208, material=MAT_2208
,
*Elset, elset=Set-2209
171
** Section: Section-2209
*Solid Section, elset=Set-2209, material=MAT_2209
,
*Elset, elset=Set-2210
172
** Section: Section-2210
*Solid Section, elset=Set-2210, material=MAT_2210
,
*Elset, elset=Set-2211
173
** Section: Section-2211
*Solid Section, elset=Set-2211, material=MAT_2211
,
*Elset, elset=Set-2212
174
** Section: Section-2212
*Solid Section, elset=Set-2212, material=MAT_2212
,
*Elset, elset=Set-2213
175
** Section: Section-2213
*Solid Section, elset=Set-2213, material=MAT_2213
,
*Elset, elset=Set-2214
176
** Section: Section-2214
*Solid Section, elset=Set-2214, material=MAT_2214
,
*Elset, elset=Set-2215
177
** Section: Section-2215
*Solid Section, elset=Set-2215, material=MAT_2215
,
*Elset, elset=Set-2216
178
** Section: Section-2216
*Solid Section, elset=Set-2216, material=MAT_2216
,
*Elset, elset=Set-2217
179
** Section: Section-2217
*Solid Section, elset=Set-2217, material=MAT_2217
,
*Elset, elset=Set-2218
180
** Section: Section-2218
*Solid Section, elset=Set-2218, material=MAT_2218
,
*Elset, elset=Set-2219
181
** Section: Section-2219
*Solid Section, elset=Set-2219, material=MAT_2219
,
*Elset, elset=Set-2220
182
** Section: Section-2220
*Solid Section, elset=Set-2220, material=MAT_2220
,
*Elset, elset=Set-2221
183
** Section: Section-2221
*Solid Section, elset=Set-2221, material=MAT_2221
,
*Elset, elset=Set-2222
184
** Section: Section-2222
*Solid Section, elset=Set-2222, material=MAT_2222
,
*Elset, elset=Set-2223
185
** Section: Section-2223
*Solid Section, elset=Set-2223, material=MAT_2223
,
*Elset, elset=Set-2224
186
** Section: Section-2224
*Solid Section, elset=Set-2224, material=MAT_2224
,
*Elset, elset=Set-2225
187
** Section: Section-2225
*Solid Section, elset=Set-2225, material=MAT_2225
,
*Elset, elset=Set-2226
188
** Section: Section-2226
*Solid Section, elset=Set-2226, material=MAT_2226
,
*Elset, elset=Set-2227
189
** Section: Section-2227
*Solid Section, elset=Set-2227, material=MAT_2227
,
*Elset, elset=Set-2228
190
** Section: Section-2228
*Solid Section, elset=Set-2228, material=MAT_2228
,
*Elset, elset=Set-2229
191
** Section: Section-2229
*Solid Section, elset=Set-2229, material=MAT_2229
,
*Elset, elset=Set-2230
192
** Section: Section-2230
*Solid Section, elset=Set-2230, material=MAT_2230
,
*Elset, elset=Set-2231
193
** Section: Section-2231
*Solid Section, elset=Set-2231, material=MAT_2231
,
*Elset, elset=Set-2232
194
** Section: Section-2232
*Solid Section, elset=Set-2232, material=MAT_2232
,
*Elset, elset=Set-2233
195
** Section: Section-2233
*Solid Section, elset=Set-2233, material=MAT_2233
,
*Elset, elset=Set-2234
196
** Section: Section-2234
*Solid Section, elset=Set-2234, material=MAT_2234
,
*Elset, elset=Set-2235
197
** Section: Section-2235
*Solid Section, elset=Set-2235, material=MAT_2235
,
*Elset, elset=Set-2236
198
** Section: Section-2236
*Solid Section, elset=Set-2236, material=MAT_2236
,
*Elset, elset=Set-2237
199
** Section: Section-2237
*Solid Section, elset=Set-2237, material=MAT_2237
,
*Elset, elset=Set-2238
200
** Section: Section-2238
*Solid Section, elset=Set-2238, material=MAT_2238
,
*Elset, elset=Set-2239
201
** Section: Section-2239
*Solid Section, elset=Set-2239, material=MAT_2239
,
*Elset, elset=Set-2240
202
** Section: Section-2240
*Solid Section, elset=Set-2240, material=MAT_2240
,
*Elset, elset=Set-2241
203
** Section: Section-2241
*Solid Section, elset=Set-2241, material=MAT_2241
,
*Elset, elset=Set-2242
204
** Section: Section-2242
*Solid Section, elset=Set-2242, material=MAT_2242
,
*Elset, elset=Set-2243
205
** Section: Section-2243
*Solid Section, elset=Set-2243, material=MAT_2243
,
*Elset, elset=Set-2244
206
** Section: Section-2244
*Solid Section, elset=Set-2244, material=MAT_2244
,
*Elset, elset=Set-2245
207
** Section: Section-2245
*Solid Section, elset=Set-2245, material=MAT_2245
,
*Elset, elset=Set-2246
208
** Section: Section-2246
*Solid Section, elset=Set-2246, material=MAT_2246
,
*Elset, elset=Set-2247
209
** Section: Section-2247
*Solid Section, elset=Set-2247, material=MAT_2247
,
*Elset, elset=Set-2248
210
** Section: Section-2248
*Solid Section, elset=Set-2248, material=MAT_2248
,
*Elset, elset=Set-2249
211
** Section: Section-2249
*Solid Section, elset=Set-2249, material=MAT_2249
,
*Elset, elset=Set-2250
212
** Section: Section-2250
*Solid Section, elset=Set-2250, material=MAT_2250
,
*Elset, elset=Set-2251
213
** Section: Section-2251
*Solid Section, elset=Set-2251, material=MAT_2251
,
*Elset, elset=Set-2252
214
** Section: Section-2252
*Solid Section, elset=Set-2252, material=MAT_2252
,
*Elset, elset=Set-2253
215
** Section: Section-2253
*Solid Section, elset=Set-2253, material=MAT_2253
,
*Elset, elset=Set-2254
216
** Section: Section-2254
*Solid Section, elset=Set-2254, material=MAT_2254
,
*Elset, elset=Set-2255
217
** Section: Section-2255
*Solid Section, elset=Set-2255, material=MAT_2255
,
*Elset, elset=Set-2256
218
** Section: Section-2256
*Solid Section, elset=Set-2256, material=MAT_2256
,
*Elset, elset=Set-2257
219
** Section: Section-2257
*Solid Section, elset=Set-2257, material=MAT_2257
,
*Elset, elset=Set-2258
220
** Section: Section-2258
*Solid Section, elset=Set-2258, material=MAT_2258
,
*Elset, elset=Set-2259
221
** Section: Section-2259
*Solid Section, elset=Set-2259, material=MAT_2259
,
*Elset, elset=Set-2260
222
** Section: Section-2260
*Solid Section, elset=Set-2260, material=MAT_2260
,
*Elset, elset=Set-2261
223
** Section: Section-2261
*Solid Section, elset=Set-2261, material=MAT_2261
,
*Elset, elset=Set-2262
224
** Section: Section-2262
*Solid Section, elset=Set-2262, material=MAT_2262
,
*Elset, elset=Set-2263
225
** Section: Section-2263
*Solid Section, elset=Set-2263, material=MAT_2263
,
*Elset, elset=Set-2264
226
** Section: Section-2264
*Solid Section, elset=Set-2264, material=MAT_2264
,
*Elset, elset=Set-2265
227
** Section: Section-2265
*Solid Section, elset=Set-2265, material=MAT_2265
,
*Elset, elset=Set-2266
228
** Section: Section-2266
*Solid Section, elset=Set-2266, material=MAT_2266
,
*Elset, elset=Set-2267
229
** Section: Section-2267
*Solid Section, elset=Set-2267, material=MAT_2267
,
*Elset, elset=Set-2268
230
** Section: Section-2268
*Solid Section, elset=Set-2268, material=MAT_2268
,
*Elset, elset=Set-2269
231
** Section: Section-2269
*Solid Section, elset=Set-2269, material=MAT_2269
,
*Elset, elset=Set-2270
232
** Section: Section-2270
*Solid Section, elset=Set-2270, material=MAT_2270
,
*Elset, elset=Set-2271
233
** Section: Section-2271
*Solid Section, elset=Set-2271, material=MAT_2271
,
*Elset, elset=Set-2272
234
** Section: Section-2272
*Solid Section, elset=Set-2272, material=MAT_2272
,
*Elset, elset=Set-2273
235
** Section: Section-2273
*Solid Section, elset=Set-2273, material=MAT_2273
,
*Elset, elset=Set-2274
236
** Section: Section-2274
*Solid Section, elset=Set-2274, material=MAT_2274
,
*Elset, elset=Set-2275
237
** Section: Section-2275
*Solid Section, elset=Set-2275, material=MAT_2275
,
*Elset, elset=Set-2276
238
** Section: Section-2276
*Solid Section, elset=Set-2276, material=MAT_2276
,
*Elset, elset=Set-2277
239
** Section: Section-2277
*Solid Section, elset=Set-2277, material=MAT_2277
,
*Elset, elset=Set-2278
240
** Section: Section-2278
*Solid Section, elset=Set-2278, material=MAT_2278
,
*Elset, elset=Set-2279
241
** Section: Section-2279
*Solid Section, elset=Set-2279, material=MAT_2279
,
*Elset, elset=Set-2280
242
** Section: Section-2280
*Solid Section, elset=Set-2280, material=MAT_2280
,
*Elset, elset=Set-2281
243
** Section: Section-2281
*Solid Section, elset=Set-2281, material=MAT_2281
,
*Elset, elset=Set-2282
244
** Section: Section-2282
*Solid Section, elset=Set-2282, material=MAT_2282
,
*Elset, elset=Set-2283
245
** Section: Section-2283
*Solid Section, elset=Set-2283, material=MAT_2283
,
*Elset, elset=Set-2284
246
** Section: Section-2284
*Solid Section, elset=Set-2284, material=MAT_2284
,
*Elset, elset=Set-2285
247
** Section: Section-2285
*Solid Section, elset=Set-2285, material=MAT_2285
,
*Elset, elset=Set-2286
248
** Section: Section-2286
*Solid Section, elset=Set-2286, material=MAT_2286
,
*Elset, elset=Set-2287
249
** Section: Section-2287
*Solid Section, elset=Set-2287, material=MAT_2287
,
*Elset, elset=Set-2288
250
** Section: Section-2288
*Solid Section, elset=Set-2288, material=MAT_2288
,
*Elset, elset=Set-2289
251
** Section: Section-2289
*Solid Section, elset=Set-2289, material=MAT_2289
,
*Elset, elset=Set-2290
252
** Section: Section-2290
*Solid Section, elset=Set-2290, material=MAT_2290
,
*Elset, elset=Set-2291
253
** Section: Section-2291
*Solid Section, elset=Set-2291, material=MAT_2291
,
*Elset, elset=Set-2292
254
** Section: Section-2292
*Solid Section, elset=Set-2292, material=MAT_2292
,
*Elset, elset=Set-2293
255
** Section: Section-2293
*Solid Section, elset=Set-2293, material=MAT_2293
,
*Elset, elset=Set-2294
256
** Section: Section-2294
*Solid Section, elset=Set-2294, material=MAT_2294
,
*Elset, elset=Set-2295
257
** Section: Section-2295
*Solid Section, elset=Set-2295, material=MAT_2295
,
*Elset, elset=Set-2296
258
** Section: Section-2296
*Solid Section, elset=Set-2296, material=MAT_2296
,
*Elset, elset=Set-2297
259
** Section: Section-2297
*Solid Section, elset=Set-2297, material=MAT_2297
,
*Elset, elset=Set-2298
260
** Section: Section-2298
*Solid Section, elset=Set-2298, material=MAT_2298
,
*Elset, elset=Set-2299
261
** Section: Section-2299
*Solid Section, elset=Set-2299, material=MAT_2299
,
*Elset, elset=Set-2300
262
** Section: Section-2300
*Solid Section, elset=Set-2300, material=MAT_2300
,
*Elset, elset=Set-2301
263
** Section: Section-2301
*Solid Section, elset=Set-2301, material=MAT_2301
,
*Elset, elset=Set-2302
264
** Section: Section-2302
*Solid Section, elset=Set-2302, material=MAT_2302
,
*Elset, elset=Set-2303
265
** Section: Section-2303
*Solid Section, elset=Set-2303, material=MAT_2303
,
*Elset, elset=Set-2304
266
** Section: Section-2304
*Solid Section, elset=Set-2304, material=MAT_2304
,
*Elset, elset=Set-2305
267
** Section: Section-2305
*Solid Section, elset=Set-2305, material=MAT_2305
,
*Elset, elset=Set-2306
268
** Section: Section-2306
*Solid Section, elset=Set-2306, material=MAT_2306
,
*Elset, elset=Set-2307
269
** Section: Section-2307
*Solid Section, elset=Set-2307, material=MAT_2307
,
*Elset, elset=Set-2308
270
** Section: Section-2308
*Solid Section, elset=Set-2308, material=MAT_2308
,
*Elset, elset=Set-2309
271
** Section: Section-2309
*Solid Section, elset=Set-2309, material=MAT_2309
,
*Elset, elset=Set-2310
272
** Section: Section-2310
*Solid Section, elset=Set-2310, material=MAT_2310
,
*Elset, elset=Set-2311
273
** Section: Section-2311
*Solid Section, elset=Set-2311, material=MAT_2311
,
*Elset, elset=Set-2312
274
** Section: Section-2312
*Solid Section, elset=Set-2312, material=MAT_2312
,
*Elset, elset=Set-2313
275
** Section: Section-2313
*Solid Section, elset=Set-2313, material=MAT_2313
,
*Elset, elset=Set-2314
276
** Section: Section-2314
*Solid Section, elset=Set-2314, material=MAT_2314
,
*Elset, elset=Set-2315
277
** Section: Section-2315
*Solid Section, elset=Set-2315, material=MAT_2315
,
*Elset, elset=Set-2316
278
** Section: Section-2316
*Solid Section, elset=Set-2316, material=MAT_2316
,
*Elset, elset=Set-2317
279
** Section: Section-2317
*Solid Section, elset=Set-2317, material=MAT_2317
,
*Elset, elset=Set-2318
280
** Section: Section-2318
*Solid Section, elset=Set-2318, material=MAT_2318
,
*Elset, elset=Set-2319
281
** Section: Section-2319
*Solid Section, elset=Set-2319, material=MAT_2319
,
*Elset, elset=Set-2320
282
** Section: Section-2320
*Solid Section, elset=Set-2320, material=MAT_2320
,
*Elset, elset=Set-2321
283
** Section: Section-2321
*Solid Section, elset=Set-2321, material=MAT_2321
,
*Elset, elset=Set-2322
284
** Section: Section-2322
*Solid Section, elset=Set-2322, material=MAT_2322
,
*Elset, elset=Set-2323
285
** Section: Section-2323
*Solid Section, elset=Set-2323, material=MAT_2323
,
*Elset, elset=Set-2324
286
** Section: Section-2324
*Solid Section, elset=Set-2324, material=MAT_2324
,
*Elset, elset=Set-2325
287
** Section: Section-2325
*Solid Section, elset=Set-2325, material=MAT_2325
,
*Elset, elset=Set-2326
288
** Section: Section-2326
*Solid Section, elset=Set-2326, material=MAT_2326
,
*Elset, elset=Set-2327
289
** Section: Section-2327
*Solid Section, elset=Set-2327, material=MAT_2327
,
*Elset, elset=Set-2328
290
** Section: Section-2328
*Solid Section, elset=Set-2328, material=MAT_2328
,
*Elset, elset=Set-2329
291
** Section: Section-2329
*Solid Section, elset=Set-2329, material=MAT_2329
,
*Elset, elset=Set-2330
292
** Section: Section-2330
*Solid Section, elset=Set-2330, material=MAT_2330
,
*Elset, elset=Set-2331
293
** Section: Section-2331
*Solid Section, elset=Set-2331, material=MAT_2331
,
*Elset, elset=Set-2332
294
** Section: Section-2332
*Solid Section, elset=Set-2332, material=MAT_2332
,
*Elset, elset=Set-2333
295
** Section: Section-2333
*Solid Section, elset=Set-2333, material=MAT_2333
,
*Elset, elset=Set-2334
296
** Section: Section-2334
*Solid Section, elset=Set-2334, material=MAT_2334
,
*Elset, elset=Set-2335
297
** Section: Section-2335
*Solid Section, elset=Set-2335, material=MAT_2335
,
*Elset, elset=Set-2336
298
** Section: Section-2336
*Solid Section, elset=Set-2336, material=MAT_2336
,
*Elset, elset=Set-2337
299
** Section: Section-2337
*Solid Section, elset=Set-2337, material=MAT_2337
,
*Elset, elset=Set-2338
300
** Section: Section-2338
*Solid Section, elset=Set-2338, material=MAT_2338
,
*Elset, elset=Set-2339
301
** Section: Section-2339
*Solid Section, elset=Set-2339, material=MAT_2339
,
*Elset, elset=Set-2340
302
** Section: Section-2340
*Solid Section, elset=Set-2340, material=MAT_2340
,
*Elset, elset=Set-2341
303
** Section: Section-2341
*Solid Section, elset=Set-2341, material=MAT_2341
,
*Elset, elset=Set-2342
304
** Section: Section-2342
*Solid Section, elset=Set-2342, material=MAT_2342
,
*Elset, elset=Set-2343
305
** Section: Section-2343
*Solid Section, elset=Set-2343, material=MAT_2343
,
*Elset, elset=Set-2344
306
** Section: Section-2344
*Solid Section, elset=Set-2344, material=MAT_2344
,
*Elset, elset=Set-2345
307
** Section: Section-2345
*Solid Section, elset=Set-2345, material=MAT_2345
,
*Elset, elset=Set-2346
308
** Section: Section-2346
*Solid Section, elset=Set-2346, material=MAT_2346
,
*Elset, elset=Set-2347
309
** Section: Section-2347
*Solid Section, elset=Set-2347, material=MAT_2347
,
*Elset, elset=Set-2348
310
** Section: Section-2348
*Solid Section, elset=Set-2348, material=MAT_2348
,
*Elset, elset=Set-2349
311
** Section: Section-2349
*Solid Section, elset=Set-2349, material=MAT_2349
,
*Elset, elset=Set-2350
312
** Section: Section-2350
*Solid Section, elset=Set-2350, material=MAT_2350
,
*Elset, elset=Set-2351
313
** Section: Section-2351
*Solid Section, elset=Set-2351, material=MAT_2351
,
*Elset, elset=Set-2352
314
** Section: Section-2352
*Solid Section, elset=Set-2352, material=MAT_2352
,
*Elset, elset=Set-2353
315
** Section: Section-2353
*Solid Section, elset=Set-2353, material=MAT_2353
,
*Elset, elset=Set-2354
316
** Section: Section-2354
*Solid Section, elset=Set-2354, material=MAT_2354
,
*Elset, elset=Set-2355
317
** Section: Section-2355
*Solid Section, elset=Set-2355, material=MAT_2355
,
*Elset, elset=Set-2356
318
** Section: Section-2356
*Solid Section, elset=Set-2356, material=MAT_2356
,
*Elset, elset=Set-2357
319
** Section: Section-2357
*Solid Section, elset=Set-2357, material=MAT_2357
,
*Elset, elset=Set-2358
320
** Section: Section-2358
*Solid Section, elset=Set-2358, material=MAT_2358
,
*Elset, elset=Set-2359
321
** Section: Section-2359
*Solid Section, elset=Set-2359, material=MAT_2359
,
*Elset, elset=Set-2360
322
** Section: Section-2360
*Solid Section, elset=Set-2360, material=MAT_2360
,
*Elset, elset=Set-2361
323
** Section: Section-2361
*Solid Section, elset=Set-2361, material=MAT_2361
,
*Elset, elset=Set-2362
324
** Section: Section-2362
*Solid Section, elset=Set-2362, material=MAT_2362
,
*Elset, elset=Set-2363
325
** Section: Section-2363
*Solid Section, elset=Set-2363, material=MAT_2363
,
*Elset, elset=Set-2364
326
** Section: Section-2364
*Solid Section, elset=Set-2364, material=MAT_2364
,
*Elset, elset=Set-2365
327
** Section: Section-2365
*Solid Section, elset=Set-2365, material=MAT_2365
,
*Elset, elset=Set-2366
328
** Section: Section-2366
*Solid Section, elset=Set-2366, material=MAT_2366
,
*Elset, elset=Set-2367
329
** Section: Section-2367
*Solid Section, elset=Set-2367, material=MAT_2367
,
*Elset, elset=Set-2368
330
** Section: Section-2368
*Solid Section, elset=Set-2368, material=MAT_2368
,
*Elset, elset=Set-2369
331
** Section: Section-2369
*Solid Section, elset=Set-2369, material=MAT_2369
,
*Elset, elset=Set-2370
332
** Section: Section-2370
*Solid Section, elset=Set-2370, material=MAT_2370
,
*Elset, elset=Set-2371
333
** Section: Section-2371
*Solid Section, elset=Set-2371, material=MAT_2371
,
*Elset, elset=Set-2372
334
** Section: Section-2372
*Solid Section, elset=Set-2372, material=MAT_2372
,
*Elset, elset=Set-2373
335
** Section: Section-2373
*Solid Section, elset=Set-2373, material=MAT_2373
,
*Elset, elset=Set-2374
336
** Section: Section-2374
*Solid Section, elset=Set-2374, material=MAT_2374
,
*Elset, elset=Set-2375
337
** Section: Section-2375
*Solid Section, elset=Set-2375, material=MAT_2375
,
*Elset, elset=Set-2376
338
** Section: Section-2376
*Solid Section, elset=Set-2376, material=MAT_2376
,
*Elset, elset=Set-2377
339
** Section: Section-2377
*Solid Section, elset=Set-2377, material=MAT_2377
,
*Elset, elset=Set-2378
340
** Section: Section-2378
*Solid Section, elset=Set-2378, material=MAT_2378
,
*Elset, elset=Set-2379
341
** Section: Section-2379
*Solid Section, elset=Set-2379, material=MAT_2379
,
*Elset, elset=Set-2380
342
** Section: Section-2380
*Solid Section, elset=Set-2380, material=MAT_2380
,
*Elset, elset=Set-2381
343
** Section: Section-2381
*Solid Section, elset=Set-2381, material=MAT_2381
,
*Elset, elset=Set-2382
344
** Section: Section-2382
*Solid Section, elset=Set-2382, material=MAT_2382
,
*Elset, elset=Set-2383
345
** Section: Section-2383
*Solid Section, elset=Set-2383, material=MAT_2383
,
*Elset, elset=Set-2384
346
** Section: Section-2384
*Solid Section, elset=Set-2384, material=MAT_2384
,
*Elset, elset=Set-2385
347
** Section: Section-2385
*Solid Section, elset=Set-2385, material=MAT_2385
,
*Elset, elset=Set-2386
348
** Section: Section-2386
*Solid Section, elset=Set-2386, material=MAT_2386
,
*Elset, elset=Set-2387
349
** Section: Section-2387
*Solid Section, elset=Set-2387, material=MAT_2387
,
*Elset, elset=Set-2388
350
** Section: Section-2388
*Solid Section, elset=Set-2388, material=MAT_2388
,
*Elset, elset=Set-2389
351
** Section: Section-2389
*Solid Section, elset=Set-2389, material=MAT_2389
,
*Elset, elset=Set-2390
352
** Section: Section-2390
*Solid Section, elset=Set-2390, material=MAT_2390
,
*Elset, elset=Set-2391
353
** Section: Section-2391
*Solid Section, elset=Set-2391, material=MAT_2391
,
*Elset, elset=Set-2392
354
** Section: Section-2392
*Solid Section, elset=Set-2392, material=MAT_2392
,
*Elset, elset=Set-2393
355
** Section: Section-2393
*Solid Section, elset=Set-2393, material=MAT_2393
,
*Elset, elset=Set-2394
356
** Section: Section-2394
*Solid Section, elset=Set-2394, material=MAT_2394
,
*Elset, elset=Set-2395
357
** Section: Section-2395
*Solid Section, elset=Set-2395, material=MAT_2395
,
*Elset, elset=Set-2396
358
** Section: Section-2396
*Solid Section, elset=Set-2396, material=MAT_2396
,
*Elset, elset=Set-2397
359
** Section: Section-2397
*Solid Section, elset=Set-2397, material=MAT_2397
,
*Elset, elset=Set-2398
360
** Section: Section-2398
*Solid Section, elset=Set-2398, material=MAT_2398
,
*Elset, elset=Set-2399
361
** Section: Section-2399
*Solid Section, elset=Set-2399, material=MAT_2399
,
*Elset, elset=Set-2400
362
** Section: Section-2400
*Solid Section, elset=Set-2400, material=MAT_2400
,
*Elset, elset=Set-2401
363
** Section: Section-2401
*Solid Section, elset=Set-2401, material=MAT_2401
,
*Elset, elset=Set-2402
364
** Section: Section-2402
*Solid Section, elset=Set-2402, material=MAT_2402
,
*Elset, elset=Set-2403
365
** Section: Section-2403
*Solid Section, elset=Set-2403, material=MAT_2403
,
*Elset, elset=Set-2404
366
** Section: Section-2404
*Solid Section, elset=Set-2404, material=MAT_2404
,
*Elset, elset=Set-2405
367
** Section: Section-2405
*Solid Section, elset=Set-2405, material=MAT_2405
,
*Elset, elset=Set-2406
368
** Section: Section-2406
*Solid Section, elset=Set-2406, material=MAT_2406
,
*Elset, elset=Set-2407
369
** Section: Section-2407
*Solid Section, elset=Set-2407, material=MAT_2407
,
*Elset, elset=Set-2408
370
** Section: Section-2408
*Solid Section, elset=Set-2408, material=MAT_2408
,
*Elset, elset=Set-2409
371
** Section: Section-2409
*Solid Section, elset=Set-2409, material=MAT_2409
,
*Elset, elset=Set-2410
372
** Section: Section-2410
*Solid Section, elset=Set-2410, material=MAT_2410
,
*Elset, elset=Set-2411
373
** Section: Section-2411
*Solid Section, elset=Set-2411, material=MAT_2411
,
*Elset, elset=Set-2412
374
** Section: Section-2412
*Solid Section, elset=Set-2412, material=MAT_2412
,
*Elset, elset=Set-2413
375
** Section: Section-2413
*Solid Section, elset=Set-2413, material=MAT_2413
,
*Elset, elset=Set-2414
376
** Section: Section-2414
*Solid Section, elset=Set-2414, material=MAT_2414
,
*Elset, elset=Set-2415
377
** Section: Section-2415
*Solid Section, elset=Set-2415, material=MAT_2415
,
*Elset, elset=Set-2416
378
** Section: Section-2416
*Solid Section, elset=Set-2416, material=MAT_2416
,
*Elset, elset=Set-2417
379
** Section: Section-2417
*Solid Section, elset=Set-2417, material=MAT_2417
,
*Elset, elset=Set-2418
380
** Section: Section-2418
*Solid Section, elset=Set-2418, material=MAT_2418
,
*Elset, elset=Set-2419
381
** Section: Section-2419
*Solid Section, elset=Set-2419, material=MAT_2419
,
*Elset, elset=Set-2420
382
** Section: Section-2420
*Solid Section, elset=Set-2420, material=MAT_2420
,
*Elset, elset=Set-2421
383
** Section: Section-2421
*Solid Section, elset=Set-2421, material=MAT_2421
,
*Elset, elset=Set-2422
384
** Section: Section-2422
*Solid Section, elset=Set-2422, material=MAT_2422
,
*Elset, elset=Set-2423
385
** Section: Section-2423
*Solid Section, elset=Set-2423, material=MAT_2423
,
*Elset, elset=Set-2424
386
** Section: Section-2424
*Solid Section, elset=Set-2424, material=MAT_2424
,
*Elset, elset=Set-2425
387
** Section: Section-2425
*Solid Section, elset=Set-2425, material=MAT_2425
,
*Elset, elset=Set-2426
388
** Section: Section-2426
*Solid Section, elset=Set-2426, material=MAT_2426
,
*Elset, elset=Set-2427
389
** Section: Section-2427
*Solid Section, elset=Set-2427, material=MAT_2427
,
*Elset, elset=Set-2428
390
** Section: Section-2428
*Solid Section, elset=Set-2428, material=MAT_2428
,
*Elset, elset=Set-2429
391
** Section: Section-2429
*Solid Section, elset=Set-2429, material=MAT_2429
,
*Elset, elset=Set-2430
392
** Section: Section-2430
*Solid Section, elset=Set-2430, material=MAT_2430
,
*Elset, elset=Set-2431
393
** Section: Section-2431
*Solid Section, elset=Set-2431, material=MAT_2431
,
*Elset, elset=Set-2432
394
** Section: Section-2432
*Solid Section, elset=Set-2432, material=MAT_2432
,
*Elset, elset=Set-2433
395
** Section: Section-2433
*Solid Section, elset=Set-2433, material=MAT_2433
,
*Elset, elset=Set-2434
396
** Section: Section-2434
*Solid Section, elset=Set-2434, material=MAT_2434
,
*Elset, elset=Set-2435
397
** Section: Section-2435
*Solid Section, elset=Set-2435, material=MAT_2435
,
*Elset, elset=Set-2436
398
** Section: Section-2436
*Solid Section, elset=Set-2436, material=MAT_2436
,
*Elset, elset=Set-2437
399
** Section: Section-2437
*Solid Section, elset=Set-2437, material=MAT_2437
,
*Elset, elset=Set-2438
400
** Section: Section-2438
*Solid Section, elset=Set-2438, material=MAT_2438
,
*Elset, elset=Set-2439
401
** Section: Section-2439
*Solid Section, elset=Set-2439, material=MAT_2439
,
*Elset, elset=Set-2440
402
** Section: Section-2440
*Solid Section, elset=Set-2440, material=MAT_2440
,
*Elset, elset=Set-2441
403
** Section: Section-2441
*Solid Section, elset=Set-2441, material=MAT_2441
,
*Elset, elset=Set-2442
404
** Section: Section-2442
*Solid Section, elset=Set-2442, material=MAT_2442
,
*Elset, elset=Set-2443
405
** Section: Section-2443
*Solid Section, elset=Set-2443, material=MAT_2443
,
*Elset, elset=Set-2444
406
** Section: Section-2444
*Solid Section, elset=Set-2444, material=MAT_2444
,
*Elset, elset=Set-2445
407
** Section: Section-2445
*Solid Section, elset=Set-2445, material=MAT_2445
,
*Elset, elset=Set-2446
408
** Section: Section-2446
*Solid Section, elset=Set-2446, material=MAT_2446
,
*Elset, elset=Set-2447
409
** Section: Section-2447
*Solid Section, elset=Set-2447, material=MAT_2447
,
*Elset, elset=Set-2448
410
** Section: Section-2448
*Solid Section, elset=Set-2448, material=MAT_2448
,
*Elset, elset=Set-2449
411
** Section: Section-2449
*Solid Section, elset=Set-2449, material=MAT_2449
,
*Elset, elset=Set-2450
412
** Section: Section-2450
*Solid Section, elset=Set-2450, material=MAT_2450
,
*Elset, elset=Set-2451
413
** Section: Section-2451
*Solid Section, elset=Set-2451, material=MAT_2451
,
*Elset, elset=Set-2452
414
** Section: Section-2452
*Solid Section, elset=Set-2452, material=MAT_2452
,
*Elset, elset=Set-2453
415
** Section: Section-2453
*Solid Section, elset=Set-2453, material=MAT_2453
,
*Elset, elset=Set-2454
416
** Section: Section-2454
*Solid Section, elset=Set-2454, material=MAT_2454
,
*Elset, elset=Set-2455
417
** Section: Section-2455
*Solid Section, elset=Set-2455, material=MAT_2455
,
*Elset, elset=Set-2456
418
** Section: Section-2456
*Solid Section, elset=Set-2456, material=MAT_2456
,
*Elset, elset=Set-2457
419
** Section: Section-2457
*Solid Section, elset=Set-2457, material=MAT_2457
,
*Elset, elset=Set-2458
420
** Section: Section-2458
*Solid Section, elset=Set-2458, material=MAT_2458
,
*Elset, elset=Set-2459
421
** Section: Section-2459
*Solid Section, elset=Set-2459, material=MAT_2459
,
*Elset, elset=Set-2460
422
** Section: Section-2460
*Solid Section, elset=Set-2460, material=MAT_2460
,
*Elset, elset=Set-2461
423
** Section: Section-2461
*Solid Section, elset=Set-2461, material=MAT_2461
,
*Elset, elset=Set-2462
424
** Section: Section-2462
*Solid Section, elset=Set-2462, material=MAT_2462
,
*Elset, elset=Set-2463
425
** Section: Section-2463
*Solid Section, elset=Set-2463, material=MAT_2463
,
*Elset, elset=Set-2464
426
** Section: Section-2464
*Solid Section, elset=Set-2464, material=MAT_2464
,
*Elset, elset=Set-2465
427
** Section: Section-2465
*Solid Section, elset=Set-2465, material=MAT_2465
,
*Elset, elset=Set-2466
428
** Section: Section-2466
*Solid Section, elset=Set-2466, material=MAT_2466
,
*Elset, elset=Set-2467
429
** Section: Section-2467
*Solid Section, elset=Set-2467, material=MAT_2467
,
*Elset, elset=Set-2468
430
** Section: Section-2468
*Solid Section, elset=Set-2468, material=MAT_2468
,
*Elset, elset=Set-2469
431
** Section: Section-2469
*Solid Section, elset=Set-2469, material=MAT_2469
,
*Elset, elset=Set-2470
432
** Section: Section-2470
*Solid Section, elset=Set-2470, material=MAT_2470
,
*Elset, elset=Set-2471
433
** Section: Section-2471
*Solid Section, elset=Set-2471, material=MAT_2471
,
*Elset, elset=Set-2472
434
** Section: Section-2472
*Solid Section, elset=Set-2472, material=MAT_2472
,
*Elset, elset=Set-2473
435
** Section: Section-2473
*Solid Section, elset=Set-2473, material=MAT_2473
,
*Elset, elset=Set-2474
436
** Section: Section-2474
*Solid Section, elset=Set-2474, material=MAT_2474
,
*Elset, elset=Set-2475
437
** Section: Section-2475
*Solid Section, elset=Set-2475, material=MAT_2475
,
*Elset, elset=Set-2476
438
** Section: Section-2476
*Solid Section, elset=Set-2476, material=MAT_2476
,
*Elset, elset=Set-2477
439
** Section: Section-2477
*Solid Section, elset=Set-2477, material=MAT_2477
,
*Elset, elset=Set-2478
440
** Section: Section-2478
*Solid Section, elset=Set-2478, material=MAT_2478
,
*Elset, elset=Set-2479
441
** Section: Section-2479
*Solid Section, elset=Set-2479, material=MAT_2479
,
*Elset, elset=Set-2480
442
** Section: Section-2480
*Solid Section, elset=Set-2480, material=MAT_2480
,
*Elset, elset=Set-2481
443
** Section: Section-2481
*Solid Section, elset=Set-2481, material=MAT_2481
,
*Elset, elset=Set-2482
444
** Section: Section-2482
*Solid Section, elset=Set-2482, material=MAT_2482
,
*Elset, elset=Set-2483
445
** Section: Section-2483
*Solid Section, elset=Set-2483, material=MAT_2483
,
*Elset, elset=Set-2484
446
** Section: Section-2484
*Solid Section, elset=Set-2484, material=MAT_2484
,
*Elset, elset=Set-2485
447
** Section: Section-2485
*Solid Section, elset=Set-2485, material=MAT_2485
,
*Elset, elset=Set-2486
448
** Section: Section-2486
*Solid Section, elset=Set-2486, material=MAT_2486
,
*Elset, elset=Set-2487
449
** Section: Section-2487
*Solid Section, elset=Set-2487, material=MAT_2487
,
*Elset, elset=Set-2488
450
** Section: Section-2488
*Solid Section, elset=Set-2488, material=MAT_2488
,
*Elset, elset=Set-2489
451
** Section: Section-2489
*Solid Section, elset=Set-2489, material=MAT_2489
,
*Elset, elset=Set-2490
452
** Section: Section-2490
*Solid Section, elset=Set-2490, material=MAT_2490
,
*Elset, elset=Set-2491
453
** Section: Section-2491
*Solid Section, elset=Set-2491, material=MAT_2491
,
*Elset, elset=Set-2492
454
** Section: Section-2492
*Solid Section, elset=Set-2492, material=MAT_2492
,
*Elset, elset=Set-2493
455
** Section: Section-2493
*Solid Section, elset=Set-2493, material=MAT_2493
,
*Elset, elset=Set-2494
456
** Section: Section-2494
*Solid Section, elset=Set-2494, material=MAT_2494
,
*Elset, elset=Set-2495
457
** Section: Section-2495
*Solid Section, elset=Set-2495, material=MAT_2495
,
*Elset, elset=Set-2496
458
** Section: Section-2496
*Solid Section, elset=Set-2496, material=MAT_2496
,
*Elset, elset=Set-2497
459
** Section: Section-2497
*Solid Section, elset=Set-2497, material=MAT_2497
,
*Elset, elset=Set-2498
460
** Section: Section-2498
*Solid Section, elset=Set-2498, material=MAT_2498
,
*Elset, elset=Set-2499
461
** Section: Section-2499
*Solid Section, elset=Set-2499, material=MAT_2499
,
*Elset, elset=Set-2500
462
** Section: Section-2500
*Solid Section, elset=Set-2500, material=MAT_2500
,
*Elset, elset=Set-2501
463
** Section: Section-2501
*Solid Section, elset=Set-2501, material=MAT_2501
,
*Elset, elset=Set-2502
464
** Section: Section-2502
*Solid Section, elset=Set-2502, material=MAT_2502
,
*Elset, elset=Set-2503
465
** Section: Section-2503
*Solid Section, elset=Set-2503, material=MAT_2503
,
*Elset, elset=Set-2504
466
** Section: Section-2504
*Solid Section, elset=Set-2504, material=MAT_2504
,
*Elset, elset=Set-2505
467
** Section: Section-2505
*Solid Section, elset=Set-2505, material=MAT_2505
,
*Elset, elset=Set-2506
468
** Section: Section-2506
*Solid Section, elset=Set-2506, material=MAT_2506
,
*Elset, elset=Set-2507
469
** Section: Section-2507
*Solid Section, elset=Set-2507, material=MAT_2507
,
*Elset, elset=Set-2508
470
** Section: Section-2508
*Solid Section, elset=Set-2508, material=MAT_2508
,
*Elset, elset=Set-2509
471
** Section: Section-2509
*Solid Section, elset=Set-2509, material=MAT_2509
,
*Elset, elset=Set-2510
472
** Section: Section-2510
*Solid Section, elset=Set-2510, material=MAT_2510
,
*Elset, elset=Set-2511
473
** Section: Section-2511
*Solid Section, elset=Set-2511, material=MAT_2511
,
*Elset, elset=Set-2512
474
** Section: Section-2512
*Solid Section, elset=Set-2512, material=MAT_2512
,
*Elset, elset=Set-2513
475
** Section: Section-2513
*Solid Section, elset=Set-2513, material=MAT_2513
,
*Elset, elset=Set-2514
476
** Section: Section-2514
*Solid Section, elset=Set-2514, material=MAT_2514
,
*Elset, elset=Set-2515
477
** Section: Section-2515
*Solid Section, elset=Set-2515, material=MAT_2515
,
*Elset, elset=Set-2516
478
** Section: Section-2516
*Solid Section, elset=Set-2516, material=MAT_2516
,
*Elset, elset=Set-2517
479
** Section: Section-2517
*Solid Section, elset=Set-2517, material=MAT_2517
,
*Elset, elset=Set-2518
480
** Section: Section-2518
*Solid Section, elset=Set-2518, material=MAT_2518
,
*Elset, elset=Set-2519
481
** Section: Section-2519
*Solid Section, elset=Set-2519, material=MAT_2519
,
*Elset, elset=Set-2520
482
** Section: Section-2520
*Solid Section, elset=Set-2520, material=MAT_2520
,
*Elset, elset=Set-2521
483
** Section: Section-2521
*Solid Section, elset=Set-2521, material=MAT_2521
,
*Elset, elset=Set-2522
484
** Section: Section-2522
*Solid Section, elset=Set-2522, material=MAT_2522
,
*Elset, elset=Set-2523
485
** Section: Section-2523
*Solid Section, elset=Set-2523, material=MAT_2523
,
*Elset, elset=Set-2524
486
** Section: Section-2524
*Solid Section, elset=Set-2524, material=MAT_2524
,
*Elset, elset=Set-2525
487
** Section: Section-2525
*Solid Section, elset=Set-2525, material=MAT_2525
,
*Elset, elset=Set-2526
488
** Section: Section-2526
*Solid Section, elset=Set-2526, material=MAT_2526
,
*Elset, elset=Set-2527
489
** Section: Section-2527
*Solid Section, elset=Set-2527, material=MAT_2527
,
*Elset, elset=Set-2528
490
** Section: Section-2528
*Solid Section, elset=Set-2528, material=MAT_2528
,
*Elset, elset=Set-2529
491
** Section: Section-2529
*Solid Section, elset=Set-2529, material=MAT_2529
,
*Elset, elset=Set-2530
492
** Section: Section-2530
*Solid Section, elset=Set-2530, material=MAT_2530
,
*Elset, elset=Set-2531
493
** Section: Section-2531
*Solid Section, elset=Set-2531, material=MAT_2531
,
*Elset, elset=Set-2532
494
** Section: Section-2532
*Solid Section, elset=Set-2532, material=MAT_2532
,
*Elset, elset=Set-2533
495
** Section: Section-2533
*Solid Section, elset=Set-2533, material=MAT_2533
,
*Elset, elset=Set-2534
496
** Section: Section-2534
*Solid Section, elset=Set-2534, material=MAT_2534
,
*Elset, elset=Set-2535
497
** Section: Section-2535
*Solid Section, elset=Set-2535, material=MAT_2535
,
*Elset, elset=Set-2536
498
** Section: Section-2536
*Solid Section, elset=Set-2536, material=MAT_2536
,
*Elset, elset=Set-2537
499
** Section: Section-2537
*Solid Section, elset=Set-2537, material=MAT_2537
,
*Elset, elset=Set-2538
500
** Section: Section-2538
*Solid Section, elset=Set-2538, material=MAT_2538
,
*Elset, elset=Set-2539
501
** Section: Section-2539
*Solid Section, elset=Set-2539, material=MAT_2539
,
*Elset, elset=Set-2540
502
** Section: Section-2540
*Solid Section, elset=Set-2540, material=MAT_2540
,
*Elset, elset=Set-2541
503
** Section: Section-2541
*Solid Section, elset=Set-2541, material=MAT_2541
,
*Elset, elset=Set-2542
504
** Section: Section-2542
*Solid Section, elset=Set-2542, material=MAT_2542
,
*Elset, elset=Set-2543
505
** Section: Section-2543
*Solid Section, elset=Set-2543, material=MAT_2543
,
*Elset, elset=Set-2544
506
** Section: Section-2544
*Solid Section, elset=Set-2544, material=MAT_2544
,
*Elset, elset=Set-2545
507
** Section: Section-2545
*Solid Section, elset=Set-2545, material=MAT_2545
,
*Elset, elset=Set-2546
508
** Section: Section-2546
*Solid Section, elset=Set-2546, material=MAT_2546
,
*Elset, elset=Set-2547
509
** Section: Section-2547
*Solid Section, elset=Set-2547, material=MAT_2547
,
*Elset, elset=Set-2548
510
** Section: Section-2548
*Solid Section, elset=Set-2548, material=MAT_2548
,
*Elset, elset=Set-2549
511
** Section: Section-2549
*Solid Section, elset=Set-2549, material=MAT_2549
,
*Elset, elset=Set-2550
512
** Section: Section-2550
*Solid Section, elset=Set-2550, material=MAT_2550
,
*Elset, elset=Set-2551
513
** Section: Section-2551
*Solid Section, elset=Set-2551, material=MAT_2551
,
*Elset, elset=Set-2552
514
** Section: Section-2552
*Solid Section, elset=Set-2552, material=MAT_2552
,
*Elset, elset=Set-2553
515
** Section: Section-2553
*Solid Section, elset=Set-2553, material=MAT_2553
,
*Elset, elset=Set-2554
516
** Section: Section-2554
*Solid Section, elset=Set-2554, material=MAT_2554
,
*Elset, elset=Set-2555
517
** Section: Section-2555
*Solid Section, elset=Set-2555, material=MAT_2555
,
*Elset, elset=Set-2556
518
** Section: Section-2556
*Solid Section, elset=Set-2556, material=MAT_2556
,
*Elset, elset=Set-2557
519
** Section: Section-2557
*Solid Section, elset=Set-2557, material=MAT_2557
,
*Elset, elset=Set-2558
520
** Section: Section-2558
*Solid Section, elset=Set-2558, material=MAT_2558
,
*Elset, elset=Set-2559
521
** Section: Section-2559
*Solid Section, elset=Set-2559, material=MAT_2559
,
*Elset, elset=Set-2560
522
** Section: Section-2560
*Solid Section, elset=Set-2560, material=MAT_2560
,
*Elset, elset=Set-2561
523
** Section: Section-2561
*Solid Section, elset=Set-2561, material=MAT_2561
,
*Elset, elset=Set-2562
524
** Section: Section-2562
*Solid Section, elset=Set-2562, material=MAT_2562
,
*Elset, elset=Set-2563
525
** Section: Section-2563
*Solid Section, elset=Set-2563, material=MAT_2563
,
*Elset, elset=Set-2564
526
** Section: Section-2564
*Solid Section, elset=Set-2564, material=MAT_2564
,
*Elset, elset=Set-2565
527
** Section: Section-2565
*Solid Section, elset=Set-2565, material=MAT_2565
,
*Elset, elset=Set-2566
528
** Section: Section-2566
*Solid Section, elset=Set-2566, material=MAT_2566
,
*Elset, elset=Set-2567
529
** Section: Section-2567
*Solid Section, elset=Set-2567, material=MAT_2567
,
*Elset, elset=Set-2568
530
** Section: Section-2568
*Solid Section, elset=Set-2568, material=MAT_2568
,
*Elset, elset=Set-2569
531
** Section: Section-2569
*Solid Section, elset=Set-2569, material=MAT_2569
,
*Elset, elset=Set-2570
532
** Section: Section-2570
*Solid Section, elset=Set-2570, material=MAT_2570
,
*Elset, elset=Set-2571
533
** Section: Section-2571
*Solid Section, elset=Set-2571, material=MAT_2571
,
*Elset, elset=Set-2572
534
** Section: Section-2572
*Solid Section, elset=Set-2572, material=MAT_2572
,
*Elset, elset=Set-2573
535
** Section: Section-2573
*Solid Section, elset=Set-2573, material=MAT_2573
,
*Elset, elset=Set-2574
536
** Section: Section-2574
*Solid Section, elset=Set-2574, material=MAT_2574
,
*Elset, elset=Set-2575
537
** Section: Section-2575
*Solid Section, elset=Set-2575, material=MAT_2575
,
*Elset, elset=Set-2576
538
** Section: Section-2576
*Solid Section, elset=Set-2576, material=MAT_2576
,
*Elset, elset=Set-2577
539
** Section: Section-2577
*Solid Section, elset=Set-2577, material=MAT_2577
,
*Elset, elset=Set-2578
540
** Section: Section-2578
*Solid Section, elset=Set-2578, material=MAT_2578
,
*Elset, elset=Set-2579
541
** Section: Section-2579
*Solid Section, elset=Set-2579, material=MAT_2579
,
*Elset, elset=Set-2580
542
** Section: Section-2580
*Solid Section, elset=Set-2580, material=MAT_2580
,
*Elset, elset=Set-2581
543
** Section: Section-2581
*Solid Section, elset=Set-2581, material=MAT_2581
,
*Elset, elset=Set-2582
544
** Section: Section-2582
*Solid Section, elset=Set-2582, material=MAT_2582
,
*Elset, elset=Set-2583
545
** Section: Section-2583
*Solid Section, elset=Set-2583, material=MAT_2583
,
*Elset, elset=Set-2584
546
** Section: Section-2584
*Solid Section, elset=Set-2584, material=MAT_2584
,
*Elset, elset=Set-2585
547
** Section: Section-2585
*Solid Section, elset=Set-2585, material=MAT_2585
,
*Elset, elset=Set-2586
548
** Section: Section-2586
*Solid Section, elset=Set-2586, material=MAT_2586
,
*Elset, elset=Set-2587
549
** Section: Section-2587
*Solid Section, elset=Set-2587, material=MAT_2587
,
*Elset, elset=Set-2588
550
** Section: Section-2588
*Solid Section, elset=Set-2588, material=MAT_2588
,
*Elset, elset=Set-2589
551
** Section: Section-2589
*Solid Section, elset=Set-2589, material=MAT_2589
,
*Elset, elset=Set-2590
552
** Section: Section-2590
*Solid Section, elset=Set-2590, material=MAT_2590
,
*Elset, elset=Set-2591
553
** Section: Section-2591
*Solid Section, elset=Set-2591, material=MAT_2591
,
*Elset, elset=Set-2592
554
** Section: Section-2592
*Solid Section, elset=Set-2592, material=MAT_2592
,
*Elset, elset=Set-2593
555
** Section: Section-2593
*Solid Section, elset=Set-2593, material=MAT_2593
,
*Elset, elset=Set-2594
556
** Section: Section-2594
*Solid Section, elset=Set-2594, material=MAT_2594
,
*Elset, elset=Set-2595
557
** Section: Section-2595
*Solid Section, elset=Set-2595, material=MAT_2595
,
*Elset, elset=Set-2596
558
** Section: Section-2596
*Solid Section, elset=Set-2596, material=MAT_2596
,
*Elset, elset=Set-2597
559
** Section: Section-2597
*Solid Section, elset=Set-2597, material=MAT_2597
,
*Elset, elset=Set-2598
560
** Section: Section-2598
*Solid Section, elset=Set-2598, material=MAT_2598
,
*Elset, elset=Set-2599
561
** Section: Section-2599
*Solid Section, elset=Set-2599, material=MAT_2599
,
*Elset, elset=Set-2600
562
** Section: Section-2600
*Solid Section, elset=Set-2600, material=MAT_2600
,
*Elset, elset=Set-2601
563
** Section: Section-2601
*Solid Section, elset=Set-2601, material=MAT_2601
,
*Elset, elset=Set-2602
564
** Section: Section-2602
*Solid Section, elset=Set-2602, material=MAT_2602
,
*Elset, elset=Set-2603
565
** Section: Section-2603
*Solid Section, elset=Set-2603, material=MAT_2603
,
*Elset, elset=Set-2604
566
** Section: Section-2604
*Solid Section, elset=Set-2604, material=MAT_2604
,
*Elset, elset=Set-2605
567
** Section: Section-2605
*Solid Section, elset=Set-2605, material=MAT_2605
,
*Elset, elset=Set-2606
568
** Section: Section-2606
*Solid Section, elset=Set-2606, material=MAT_2606
,
*Elset, elset=Set-2607
569
** Section: Section-2607
*Solid Section, elset=Set-2607, material=MAT_2607
,
*Elset, elset=Set-2608
570
** Section: Section-2608
*Solid Section, elset=Set-2608, material=MAT_2608
,
*Elset, elset=Set-2609
571
** Section: Section-2609
*Solid Section, elset=Set-2609, material=MAT_2609
,
*Elset, elset=Set-2610
572
** Section: Section-2610
*Solid Section, elset=Set-2610, material=MAT_2610
,
*Elset, elset=Set-2611
573
** Section: Section-2611
*Solid Section, elset=Set-2611, material=MAT_2611
,
*Elset, elset=Set-2612
574
** Section: Section-2612
*Solid Section, elset=Set-2612, material=MAT_2612
,
*Elset, elset=Set-2613
575
** Section: Section-2613
*Solid Section, elset=Set-2613, material=MAT_2613
,
*Elset, elset=Set-2614
576
** Section: Section-2614
*Solid Section, elset=Set-2614, material=MAT_2614
,
*Elset, elset=Set-2615
577
** Section: Section-2615
*Solid Section, elset=Set-2615, material=MAT_2615
,
*Elset, elset=Set-2616
578
** Section: Section-2616
*Solid Section, elset=Set-2616, material=MAT_2616
,
*Elset, elset=Set-2617
579
** Section: Section-2617
*Solid Section, elset=Set-2617, material=MAT_2617
,
*Elset, elset=Set-2618
580
** Section: Section-2618
*Solid Section, elset=Set-2618, material=MAT_2618
,
*Elset, elset=Set-2619
581
** Section: Section-2619
*Solid Section, elset=Set-2619, material=MAT_2619
,
*Elset, elset=Set-2620
582
** Section: Section-2620
*Solid Section, elset=Set-2620, material=MAT_2620
,
*Elset, elset=Set-2621
583
** Section: Section-2621
*Solid Section, elset=Set-2621, material=MAT_2621
,
*Elset, elset=Set-2622
584
** Section: Section-2622
*Solid Section, elset=Set-2622, material=MAT_2622
,
*Elset, elset=Set-2623
585
** Section: Section-2623
*Solid Section, elset=Set-2623, material=MAT_2623
,
*Elset, elset=Set-2624
586
** Section: Section-2624
*Solid Section, elset=Set-2624, material=MAT_2624
,
*Elset, elset=Set-2625
587
** Section: Section-2625
*Solid Section, elset=Set-2625, material=MAT_2625
,
*Elset, elset=Set-2626
588
** Section: Section-2626
*Solid Section, elset=Set-2626, material=MAT_2626
,
*Elset, elset=Set-2627
589
** Section: Section-2627
*Solid Section, elset=Set-2627, material=MAT_2627
,
*Elset, elset=Set-2628
590
** Section: Section-2628
*Solid Section, elset=Set-2628, material=MAT_2628
,
*Elset, elset=Set-2629
591
** Section: Section-2629
*Solid Section, elset=Set-2629, material=MAT_2629
,
*Elset, elset=Set-2630
592
** Section: Section-2630
*Solid Section, elset=Set-2630, material=MAT_2630
,
*Elset, elset=Set-2631
593
** Section: Section-2631
*Solid Section, elset=Set-2631, material=MAT_2631
,
*Elset, elset=Set-2632
594
** Section: Section-2632
*Solid Section, elset=Set-2632, material=MAT_2632
,
*Elset, elset=Set-2633
595
** Section: Section-2633
*Solid Section, elset=Set-2633, material=MAT_2633
,
*Elset, elset=Set-2634
596
** Section: Section-2634
*Solid Section, elset=Set-2634, material=MAT_2634
,
*End Instance
**  
*Node
      1,           0.,           0.,           7.
*Nset, nset=RP
 1,
*Nset, nset=m_Set-1, instance=Part-1-1
   2,   3,  14,  15,  16,  17,  18,  19,  20,  21,  22,  23,  24,  25,  26,  27
  28,  29,  30,  31,  32,  33,  34,  35,  36,  37,  38,  39,  40,  41,  42, 163
 164, 165, 166, 167, 168, 169, 170, 171, 172, 173, 174, 175, 176, 177, 178, 179
 180,
*Nset, nset=m_Set-1, instance=Part-2-1
  1,  3,  4,  5,  6,  7,  8,  9, 10, 11, 21, 22, 23, 24
*Nset, nset=m_Set-2, instance=Part-1-1
   1,   4,   5,   6,   7,   8,   9,  10,  11,  12,  13,  43,  44,  45,  46,  47
  48,  49,  50,  51,  52,  53,  54,  55,  56,  57,  58,  59,  60,  61,  62, 181
 182, 183, 184, 185, 186, 187, 188, 189, 190, 191, 192, 193, 194, 195, 196, 197
 198,
*Nset, nset=m_Set-2, instance=Part-2-1
   2,  12,  13,  14,  15,  16,  17,  18,  19,  20, 125, 126, 127, 128
*Surface, type=NODE, name=m_Set-2_CNS_, internal
m_Set-2, 1.
** Constraint: TIE_LOAD
*Coupling, constraint name=TIE_LOAD, ref node=RP, surface=m_Set-2_CNS_
*Kinematic
*End Assembly
** 
